ano,mes,group_id,distributor_id,sigagente,nomagente,distributor_name_sig,distributor_name_legal,distributor_label,uc_ativa_mes,bucket_porte,rank_porte_ano,uc_ativa_media_mensal,qtd_serv_realizado,qtd_fora_prazo,compensacao_rs,taxa_fora_prazo,flag_taxa_fora_prazo_invalida,fora_prazo_por_100k_uc_mes,compensacao_rs_por_uc_mes,compensacao_media_por_transgressao_rs,periodo_regulatorio,regime_regulatorio,ano_comparavel_principal
2023,1,amazonas,amazonas_energia,Amazonas Energia,AMAZONAS ENERGIA S.A.,Amazonas Energia,AMAZONAS ENERGIA S.A.,Amazonas Energia — AMAZONAS ENERGIA S.A.,13915502,GG,26,13915502.0,689224,3858,1331110.0699999998,0.0055975996192819755,False,27.724475911828407,0.09565663315631731,345.02593831000513,pos_2022,REN_1000,True
2023,1,castro_dis,castro_dis,Castro-Dis,COOPERATIVA DE DISTRIBUIÇÃO DE ENERGIA ELÉTRICA DE CASTRO,Castro-Dis,COOPERATIVA DE DISTRIBUIÇÃO DE ENERGIA ELÉTRICA DE CASTRO,Castro-Dis — COOPERATIVA DE DISTRIBUIÇÃO DE ENERGIA ELÉTRICA DE CASTRO,27930,P,98,27930.0,8602,11,0.0,0.0012787723785166241,False,39.38417472252059,0.0,0.0,pos_2022,REN_1000,True
2023,1,cedrap,cedrap,Cedrap,COOPERATIVA DE ELETRIFICAÇÃO DA REGIÃO DO ALTO DA PARAÍBA,Cedrap,COOPERATIVA DE ELETRIFICAÇÃO DA REGIÃO DO ALTO DA PARAÍBA,Cedrap — COOPERATIVA DE ELETRIFICAÇÃO DA REGIÃO DO ALTO DA PARAÍBA,91619,M,77,91619.0,12353,33,0.0,0.0026714158504007124,False,36.01872973946452,0.0,0.0,pos_2022,REN_1000,True
2023,1,cedri,cedri,Cedri,COOPERATIVA DE ELETRIFICAÇÃO E DISTRIBUIÇÃO DA REGIÃO DE ITARIRI,Cedri,COOPERATIVA DE ELETRIFICAÇÃO E DISTRIBUIÇÃO DA REGIÃO DE ITARIRI,Cedri — COOPERATIVA DE ELETRIFICAÇÃO E DISTRIBUIÇÃO DA REGIÃO DE ITARIRI,36331,P,97,36331.0,10707,4,0.0,0.0003735873727468012,False,11.009881368528253,0.0,0.0,pos_2022,REN_1000,True
2023,1,cegero,cegero,Cegero,COOPERATIVA DE ELETRICIDADE DE SÃO LUDGERO,Cegero,COOPERATIVA DE ELETRICIDADE DE SÃO LUDGERO,Cegero — COOPERATIVA DE ELETRICIDADE DE SÃO LUDGERO,82549,P,84,82549.0,17246,23,0.0,0.001333642583787545,False,27.862239397206505,0.0,0.0,pos_2022,REN_1000,True
2023,1,cejama,cejama,Cejama,COOPERATIVA DE ELETRICIDADE JACINTO MACHADO,Cejama,COOPERATIVA DE ELETRICIDADE JACINTO MACHADO,Cejama — COOPERATIVA DE ELETRICIDADE JACINTO MACHADO,67130,P,88,67130.0,6255,11,0.0,0.0017585931254996002,False,16.386116490391775,0.0,0.0,pos_2022,REN_1000,True
2023,1,celesc,celesc_dis,Celesc-Dis,CELESC DISTRIBUIÇÃO S.A.,Celesc-Dis,CELESC DISTRIBUIÇÃO S.A.,Celesc-Dis — CELESC DISTRIBUIÇÃO S.A.,40436408,GG,10,40436408.0,1513417,10603,3723961.58,0.007006000329056698,False,26.221419073622958,0.09209427256743477,351.21772894463834,pos_2022,REN_1000,True
2023,1,celetro,celetro,Celetro,COOPERATIVA DE ELETRIFICAÇÃO CENTRO JACUÍ LTDA.,Celetro,COOPERATIVA DE ELETRIFICAÇÃO CENTRO JACUÍ LTDA.,Celetro — COOPERATIVA DE ELETRIFICAÇÃO CENTRO JACUÍ LTDA.,287447,M,53,287447.0,34481,56,744.1200000000001,0.0016240828282242394,False,19.4818523066861,0.0025887207032948686,13.287857142857145,pos_2022,REN_1000,True
2023,1,cemig,cemig_d,Cemig-D,CEMIG DISTRIBUIÇÃO S.A.,Cemig-D,CEMIG DISTRIBUIÇÃO S.A.,Cemig-D — CEMIG DISTRIBUIÇÃO S.A.,124046670,GG,1,124046670.0,61990419,107304,81427220.05,0.001730977169229974,False,86.5029266807404,0.6564240704728309,758.8460826250652,pos_2022,REN_1000,True
2023,1,cemirim,cemirim,Cemirim,COOPERATIVA DE ELETRIFICAÇÃO E DESENVOLVIMENTO DA REGIÃO DE MOGI MIRIM,Cemirim,COOPERATIVA DE ELETRIFICAÇÃO E DESENVOLVIMENTO DA REGIÃO DE MOGI MIRIM,Cemirim — COOPERATIVA DE ELETRIFICAÇÃO E DESENVOLVIMENTO DA REGIÃO DE MOGI MIRIM,199708,M,62,199708.0,38388,112,0.0,0.0029175784099197666,False,56.08187954413443,0.0,0.0,pos_2022,REN_1000,True
2023,1,ceprag,ceprag,Ceprag,COOPERATIVA DE ELETRICIDADE PRAIA GRANDE,Ceprag,COOPERATIVA DE ELETRICIDADE PRAIA GRANDE,Ceprag — COOPERATIVA DE ELETRICIDADE PRAIA GRANDE,246352,M,54,246352.0,72335,22,5143.929999999999,0.000304140457593143,False,8.93031109956485,0.02088040689744755,233.81499999999997,pos_2022,REN_1000,True
2023,1,ceraca,ceraca,Ceraçá,COOPERATIVA DISTRIBUIDORA DE ENERGIA VALE DO ARAÇÁ,Ceraçá,COOPERATIVA DISTRIBUIDORA DE ENERGIA VALE DO ARAÇÁ,Ceraçá — COOPERATIVA DISTRIBUIDORA DE ENERGIA VALE DO ARAÇÁ,152587,M,70,152587.0,25139,80,314.91999999999996,0.003182306376546402,False,52.42910601820601,0.002063871758406679,3.9364999999999997,pos_2022,REN_1000,True
2023,1,ceral,ceral_anitapolis,Ceral Anitápolis,COOPERATIVA DE DISTRIBUIÇÃO DE ENERGIA ELÉTRICA DE ANITÁPOLIS,Ceral Anitápolis,COOPERATIVA DE DISTRIBUIÇÃO DE ENERGIA ELÉTRICA DE ANITÁPOLIS,Ceral Anitápolis — COOPERATIVA DE DISTRIBUIÇÃO DE ENERGIA ELÉTRICA DE ANITÁPOLIS,46365,P,95,46365.0,999,8,0.0,0.008008008008008008,False,17.254394478593767,0.0,0.0,pos_2022,REN_1000,True
2023,1,ceral,ceral_araruama,Ceral Araruama,COOPERATIVA DE ELETRIFICAÇÃO RURAL DE ARARUAMA,Ceral Araruama,COOPERATIVA DE ELETRIFICAÇÃO RURAL DE ARARUAMA,Ceral Araruama — COOPERATIVA DE ELETRIFICAÇÃO RURAL DE ARARUAMA,89778,P,79,89778.0,32048,13,0.0,0.0004056415376934598,False,14.480162177816391,0.0,0.0,pos_2022,REN_1000,True
2023,1,cerbranorte,cerbranorte,Cerbranorte,COOPERATIVA DE ELETRIFICAÇÃO DE BRAÇO DO NORTE,Cerbranorte,COOPERATIVA DE ELETRIFICAÇÃO DE BRAÇO DO NORTE,Cerbranorte — COOPERATIVA DE ELETRIFICAÇÃO DE BRAÇO DO NORTE,215380,M,58,215380.0,58036,21,1189.3400000000001,0.00036184437245847406,False,9.750208933048565,0.005522054044015229,56.6352380952381,pos_2022,REN_1000,True
2023,1,cerci,cerci,Cerci,COOPERATIVA DE ELETRIFICAÇÃO RURAL CACHOEIRAS- ITABORAÍ LTDA,Cerci,COOPERATIVA DE ELETRIFICAÇÃO RURAL CACHOEIRAS- ITABORAÍ LTDA,Cerci — COOPERATIVA DE ELETRIFICAÇÃO RURAL CACHOEIRAS- ITABORAÍ LTDA,214999,M,59,214999.0,40632,155,311.33000000000004,0.0038147273085253003,False,72.09335857376081,0.0014480532467592874,2.0085806451612904,pos_2022,REN_1000,True
2023,1,cercos,cercos,Cercos,COOPERATIVA DE ELETRIFICAÇÃO E DESENVOLVIMENTO RURAL CENTRO SUL DE SERGIPE LTDA,Cercos,COOPERATIVA DE ELETRIFICAÇÃO E DESENVOLVIMENTO RURAL CENTRO SUL DE SERGIPE LTDA,Cercos — COOPERATIVA DE ELETRIFICAÇÃO E DESENVOLVIMENTO RURAL CENTRO SUL DE SERGIPE LTDA,87310,P,81,87310.0,3388,68,16964.960000000003,0.020070838252656435,False,77.88340396289085,0.19430718130798308,249.48470588235298,pos_2022,REN_1000,True
2023,1,cerej,cerej,Cerej,COOPERATIVA DE PRESTAÇÃO DE SERVIÇOS PÚBLICOS DE DISTRIBUIÇÃO DE ENERGIA ELÉTRICA SENADOR ESTEVES JÚNIOR,Cerej,COOPERATIVA DE PRESTAÇÃO DE SERVIÇOS PÚBLICOS DE DISTRIBUIÇÃO DE ENERGIA ELÉTRICA SENADOR ESTEVES JÚNIOR,Cerej — COOPERATIVA DE PRESTAÇÃO DE SERVIÇOS PÚBLICOS DE DISTRIBUIÇÃO DE ENERGIA ELÉTRICA SENADOR ESTEVES JÚNIOR,185554,M,67,185554.0,46985,123,0.0,0.002617856762796637,False,66.28798085732454,0.0,0.0,pos_2022,REN_1000,True
2023,1,ceres,ceres,Ceres,COOPERATIVA DE ELETRIFICAÇÃO RURAL DE RESENDE LTDA.,Ceres,COOPERATIVA DE ELETRIFICAÇÃO RURAL DE RESENDE LTDA.,Ceres — COOPERATIVA DE ELETRIFICAÇÃO RURAL DE RESENDE LTDA.,69735,P,86,69735.0,7358,118,595.05,0.016036966567001903,False,169.2120169212017,0.008533017853301786,5.042796610169491,pos_2022,REN_1000,True
2023,1,cerfox,cerfox,Cerfox,COOPERATIVA DE DISTRIBUIÇÃO DE ENERGIA FONTOURA XAVIER,Cerfox,COOPERATIVA DE DISTRIBUIÇÃO DE ENERGIA FONTOURA XAVIER,Cerfox — COOPERATIVA DE DISTRIBUIÇÃO DE ENERGIA FONTOURA XAVIER,193631,M,64,193631.0,30678,154,88.27,0.005019883955929331,False,79.53271945091437,0.0004558670873981955,0.5731818181818181,pos_2022,REN_1000,True
2023,1,cergal,cergal,Cergal,COOPERATIVA DE ELETRIFICAÇÃO RURAL ANITA GARIBALDI LTDA,Cergal,COOPERATIVA DE ELETRIFICAÇÃO RURAL ANITA GARIBALDI LTDA,Cergal — COOPERATIVA DE ELETRIFICAÇÃO RURAL ANITA GARIBALDI LTDA,243916,M,55,243916.0,55241,41,251.44,0.0007422023497040242,False,16.809065415962873,0.0010308466849243182,6.132682926829268,pos_2022,REN_1000,True
2023,1,cergapa,cergapa,Cergapa,COOPERATIVA DE ELETRICIDADE DE GRÃO PARÁ,Cergapa,COOPERATIVA DE ELETRICIDADE DE GRÃO PARÁ,Cergapa — COOPERATIVA DE ELETRICIDADE DE GRÃO PARÁ,47709,P,94,47709.0,3042,6,1.0,0.0019723865877712033,False,12.576243476073698,2.0960405793456162e-05,0.16666666666666666,pos_2022,REN_1000,True
2023,1,cergral,cergral,Cergral,COOPERATIVA DE ELETRICIDADE DE GRAVATAL,Cergral,COOPERATIVA DE ELETRICIDADE DE GRAVATAL,Cergral — COOPERATIVA DE ELETRICIDADE DE GRAVATAL,82236,P,85,82236.0,27887,65,71.09,0.0023308351561659555,False,79.04080937788804,0.0008644632521037016,1.0936923076923077,pos_2022,REN_1000,True
2023,1,ceriluz,ceriluz,Ceriluz,COOPERATIVA REGIONAL DE ENERGIA E DESENVOLVIMENTO IJUÍ LTDA,Ceriluz,COOPERATIVA REGIONAL DE ENERGIA E DESENVOLVIMENTO IJUÍ LTDA,Ceriluz — COOPERATIVA REGIONAL DE ENERGIA E DESENVOLVIMENTO IJUÍ LTDA,179421,M,68,179421.0,47058,6,340.69,0.00012750223128904755,False,3.3440901566706236,0.0018988301257935247,56.781666666666666,pos_2022,REN_1000,True
2023,1,cerim,cerim,Cerim,COOPERATIVA DE ELETRIFICAÇÃO E DESENVOLVIMENTO DA REGIÃO DE ITU-MAIRINQUE,Cerim,COOPERATIVA DE ELETRIFICAÇÃO E DESENVOLVIMENTO DA REGIÃO DE ITU-MAIRINQUE,Cerim — COOPERATIVA DE ELETRIFICAÇÃO E DESENVOLVIMENTO DA REGIÃO DE ITU-MAIRINQUE,186069,M,66,186069.0,42441,22,103.3,0.0005183666737353031,False,11.823570825876423,0.000555170393778652,4.695454545454545,pos_2022,REN_1000,True
2023,1,ceripa,ceripa,Ceripa,COOPERATIVA DE ELETRIFICAÇÃO RURAL DE ITAÍ-PARANAPANEMA-AVARÉ,Ceripa,COOPERATIVA DE ELETRIFICAÇÃO RURAL DE ITAÍ-PARANAPANEMA-AVARÉ,Ceripa — COOPERATIVA DE ELETRIFICAÇÃO RURAL DE ITAÍ-PARANAPANEMA-AVARÉ,89441,P,80,89441.0,27598,4,0.0,0.0001449380389883325,False,4.472221911651256,0.0,0.0,pos_2022,REN_1000,True
2023,1,ceris,ceris,Ceris,COOPERATIVA DE ELETRIFICAÇÃO RURAL DA REGIÃO DE ITAPECERICA DA SERRA,Ceris,COOPERATIVA DE ELETRIFICAÇÃO RURAL DA REGIÃO DE ITAPECERICA DA SERRA,Ceris — COOPERATIVA DE ELETRIFICAÇÃO RURAL DA REGIÃO DE ITAPECERICA DA SERRA,84136,P,82,84136.0,29772,4,4.35,0.00013435442697836894,False,4.754207473614148,5.170200627555386e-05,1.0875,pos_2022,REN_1000,True
2023,1,cermc,cermc,Cermc,COOPERATIVA DE ELETRIFICAÇÃO E DESENVOLVIMENTO DA REGIÃO DE MOGI DAS CRUZES,Cermc,COOPERATIVA DE ELETRIFICAÇÃO E DESENVOLVIMENTO DA REGIÃO DE MOGI DAS CRUZES,Cermc — COOPERATIVA DE ELETRIFICAÇÃO E DESENVOLVIMENTO DA REGIÃO DE MOGI DAS CRUZES,40744,P,96,40744.0,10707,50,0.0,0.004669842159335014,False,122.71745533084625,0.0,0.0,pos_2022,REN_1000,True
2023,1,cermissoes,cermissoes,Cermissões,COOPERATIVA DE DISTRIBUIÇÃO E GERAÇÃO DE ENERGIA DAS MISSÕES,Cermissões,COOPERATIVA DE DISTRIBUIÇÃO E GERAÇÃO DE ENERGIA DAS MISSÕES,Cermissões — COOPERATIVA DE DISTRIBUIÇÃO E GERAÇÃO DE ENERGIA DAS MISSÕES,341076,G,49,341076.0,88332,218,52555.50000000001,0.002467961780555178,False,63.91537369970329,0.15408735882911728,241.08027522935782,pos_2022,REN_1000,True
2023,1,cermoful,cermoful,Cermoful,COOPERATIVA FUMACENSE DE ELETRICIDADE,Cermoful,COOPERATIVA FUMACENSE DE ELETRICIDADE,Cermoful — COOPERATIVA FUMACENSE DE ELETRICIDADE,193334,M,65,193334.0,39427,54,1457.5700000000002,0.0013696198036878282,False,27.930938169178727,0.007539129175416637,26.99203703703704,pos_2022,REN_1000,True
2023,1,cernhe,cernhe,Cernhe,COOPERATIVA DE ELETRIFICAÇÃO E DESENVOLVIMENTO RURAL DA REGIÃO DE NOVO HORIZONTE,Cernhe,COOPERATIVA DE ELETRIFICAÇÃO E DESENVOLVIMENTO RURAL DA REGIÃO DE NOVO HORIZONTE,Cernhe — COOPERATIVA DE ELETRIFICAÇÃO E DESENVOLVIMENTO RURAL DA REGIÃO DE NOVO HORIZONTE,56083,P,90,56083.0,7795,25,0.0,0.003207184092366902,False,44.576787974965676,0.0,0.0,pos_2022,REN_1000,True
2023,1,cerpalo,cerpalo,Cerpalo,COOPERATIVA DE ELETRIFICAÇÃO DE PAULO LOPES,Cerpalo,COOPERATIVA DE ELETRIFICAÇÃO DE PAULO LOPES,Cerpalo — COOPERATIVA DE ELETRIFICAÇÃO DE PAULO LOPES,199366,M,63,199366.0,74764,10,0.0,0.00013375421325771762,False,5.015900404281572,0.0,0.0,pos_2022,REN_1000,True
2023,1,cerpro,cerpro,Cerpro,COOPERATIVA DE ELETRIFICAÇÃO RURAL DA REGIÃO DE PROMISSÃO,Cerpro,COOPERATIVA DE ELETRIFICAÇÃO RURAL DA REGIÃO DE PROMISSÃO,Cerpro — COOPERATIVA DE ELETRIFICAÇÃO RURAL DA REGIÃO DE PROMISSÃO,24464,P,99,24464.0,4949,2,0.0,0.00040412204485754696,False,8.175277959450622,0.0,0.0,pos_2022,REN_1000,True
2023,1,cerrp,cerrp,Cerrp,COOPERATIVA DE ELETRIFICAÇÃO E DESENVOLVIMENTO DA REGIÃO DE SÃO JOSÉ DO RIO PRETO,Cerrp,COOPERATIVA DE ELETRIFICAÇÃO E DESENVOLVIMENTO DA REGIÃO DE SÃO JOSÉ DO RIO PRETO,Cerrp — COOPERATIVA DE ELETRIFICAÇÃO E DESENVOLVIMENTO DA REGIÃO DE SÃO JOSÉ DO RIO PRETO,62892,P,89,62892.0,13528,16,0.0,0.0011827321111768185,False,25.440437575526303,0.0,0.0,pos_2022,REN_1000,True
2023,1,cersad,cersad,Cersad,COOPERATIVA DE DISTRIBUIÇÃO DE ENERGIA ELÉTRICA SALTO DONNER,Cersad,COOPERATIVA DE DISTRIBUIÇÃO DE ENERGIA ELÉTRICA SALTO DONNER,Cersad — COOPERATIVA DE DISTRIBUIÇÃO DE ENERGIA ELÉTRICA SALTO DONNER,16531,P,100,16531.0,1520,0,0.0,0.0,False,0.0,0.0,,pos_2022,REN_1000,True
2023,1,cersul,cersul,Cersul,COOPERATIVA DE DISTRIBUIÇÃOI DE ENERGIA,Cersul,COOPERATIVA DE DISTRIBUIÇÃOI DE ENERGIA,Cersul — COOPERATIVA DE DISTRIBUIÇÃOI DE ENERGIA,222624,M,57,222624.0,72387,18,5812.8099999999995,0.0002486634340420241,False,8.085381630012938,0.02611043732930861,322.9338888888889,pos_2022,REN_1000,True
2023,1,certaja,certaja_energia,Certaja Energia,COOPERATIVA REGIONAL DE ENERGIA TAQUARI JACUÍ,Certaja Energia,COOPERATIVA REGIONAL DE ENERGIA TAQUARI JACUÍ,Certaja Energia — COOPERATIVA REGIONAL DE ENERGIA TAQUARI JACUÍ,316205,G,51,316205.0,56487,35,0.0,0.0006196115920477278,False,11.068768678547144,0.0,0.0,pos_2022,REN_1000,True
2023,1,certel,certel_energia,Certel Energia,COOPERATIVA DE DISTRIBUIÇÃO DE ENERGIA TEUTÔNIA,Certel Energia,COOPERATIVA DE DISTRIBUIÇÃO DE ENERGIA TEUTÔNIA,Certel Energia — COOPERATIVA DE DISTRIBUIÇÃO DE ENERGIA TEUTÔNIA,881781,G,40,881781.0,128056,102,0.0,0.0007965265196476541,False,11.56749805223746,0.0,0.0,pos_2022,REN_1000,True
2023,1,certhil,certhil,Certhil,COOPERATIVA DE DISTRIBUIÇÃO DE ENERGIA ENTRE RIOS LTDA,Certhil,COOPERATIVA DE DISTRIBUIÇÃO DE ENERGIA ENTRE RIOS LTDA,Certhil — COOPERATIVA DE DISTRIBUIÇÃO DE ENERGIA ENTRE RIOS LTDA,103554,M,74,103554.0,16732,7,0.0,0.0004183600286875448,False,6.759758193792611,0.0,0.0,pos_2022,REN_1000,True
2023,1,certrel,certrel,Certrel,COOPERATIVA DE ENERGIA TREVISO,Certrel,COOPERATIVA DE ENERGIA TREVISO,Certrel — COOPERATIVA DE ENERGIA TREVISO,55976,P,91,55976.0,11938,17,0.0,0.001424024124643994,False,30.370158639416893,0.0,0.0,pos_2022,REN_1000,True
2023,1,cervam,cervam,Cervam,COOPERATIVA DE ENERGIZAÇÃO E DE DESENVOLVIMENTO DO VALE DO MOGI,Cervam,COOPERATIVA DE ENERGIZAÇÃO E DE DESENVOLVIMENTO DO VALE DO MOGI,Cervam — COOPERATIVA DE ENERGIZAÇÃO E DE DESENVOLVIMENTO DO VALE DO MOGI,55940,P,92,55940.0,8715,15,0.0,0.0017211703958691911,False,26.814444047193422,0.0,0.0,pos_2022,REN_1000,True
2023,1,cetril,cetril,Cetril,COOPERATIVA DE ELETRIFICAÇÃO DE IBIÚNA E REGIÃO,Cetril,COOPERATIVA DE ELETRIFICAÇÃO DE IBIÚNA E REGIÃO,Cetril — COOPERATIVA DE ELETRIFICAÇÃO DE IBIÚNA E REGIÃO,385358,G,48,385358.0,94616,85,0.0,0.0008983681406950198,False,22.057411549779687,0.0,0.0,pos_2022,REN_1000,True
2023,1,chesp,chesp,Chesp,COMPANHIA HIDROELÉTRICA SÃO PATRÍCIO,Chesp,COMPANHIA HIDROELÉTRICA SÃO PATRÍCIO,Chesp — COMPANHIA HIDROELÉTRICA SÃO PATRÍCIO,482498,G,45,482498.0,27282,14,0.0,0.0005131588593211641,False,2.9015664313634457,0.0,0.0,pos_2022,REN_1000,True
2023,1,cocel,cocel,Cocel,COMPANHIA CAMPOLARGUENSE DE ENERGIA,Cocel,COMPANHIA CAMPOLARGUENSE DE ENERGIA,Cocel — COMPANHIA CAMPOLARGUENSE DE ENERGIA,708079,G,41,708079.0,205786,149,16286.77,0.0007240531425850155,False,21.042849738517877,0.02300134589502019,109.30718120805369,pos_2022,REN_1000,True
2023,1,codesam,codesam,Codesam,COOPERATIVA DE DISTRIBUIÇÃO DE ENERGIA ELÉTRICA DE SANTA MARIA,Codesam,COOPERATIVA DE DISTRIBUIÇÃO DE ENERGIA ELÉTRICA DE SANTA MARIA,Codesam — COOPERATIVA DE DISTRIBUIÇÃO DE ENERGIA ELÉTRICA DE SANTA MARIA,4485,P,102,4485.0,540,0,0.0,0.0,False,0.0,0.0,,pos_2022,REN_1000,True
2023,1,coopera,coopera,Coopera,COOPERATIVA PIONEIRA DE ELETRIFICAÇÃO,Coopera,COOPERATIVA PIONEIRA DE ELETRIFICAÇÃO,Coopera — COOPERATIVA PIONEIRA DE ELETRIFICAÇÃO,325956,G,50,325956.0,95213,68,7941.54,0.0007141881885876928,False,20.86171139663022,0.02436384051835217,116.78735294117647,pos_2022,REN_1000,True
2023,1,cooperalianca,cooperalianca,Cooperaliança,COOPERATIVA ALIANÇA,Cooperaliança,COOPERATIVA ALIANÇA,Cooperaliança — COOPERATIVA ALIANÇA,526674,G,43,526674.0,137073,36,433.2,0.0002626337790812195,False,6.835347862244956,0.0008225201927568097,12.033333333333333,pos_2022,REN_1000,True
2023,1,coopercocal,coopercocal,Coopercocal,COOPERATIVA ENERGÉTICA COCAL,Coopercocal,COOPERATIVA ENERGÉTICA COCAL,Coopercocal — COOPERATIVA ENERGÉTICA COCAL,140897,M,71,140897.0,38643,3,0.0,7.763372408974459e-05,False,2.1292149584448214,0.0,0.0,pos_2022,REN_1000,True
2023,1,cooperluz,cooperluz,Cooperluz,COOPERATIVA DISTRIBUIDORA DE ENERGIA FRONTEIRA NOROESTE,Cooperluz,COOPERATIVA DISTRIBUIDORA DE ENERGIA FRONTEIRA NOROESTE,Cooperluz — COOPERATIVA DISTRIBUIDORA DE ENERGIA FRONTEIRA NOROESTE,204106,M,61,204106.0,29620,3,0.0,0.0001012829169480081,False,1.4698245029543473,0.0,0.0,pos_2022,REN_1000,True
2023,1,coopermila,coopermila,Coopermila,COOPERATIVA DE ELETRIFICAÇÃO LAURO MÜLLER,Coopermila,COOPERATIVA DE ELETRIFICAÇÃO LAURO MÜLLER,Coopermila — COOPERATIVA DE ELETRIFICAÇÃO LAURO MÜLLER,16421,P,101,16421.0,932,2,429.64,0.002145922746781116,False,12.17952621643018,0.026164058218135312,214.82,pos_2022,REN_1000,True
2023,1,coopernorte,coopernorte,Coopernorte,COOPERATIVA REGIONAL DE DISTRIBUIÇÃO DE ENERGIA DO LITORAL NORTE,Coopernorte,COOPERATIVA REGIONAL DE DISTRIBUIÇÃO DE ENERGIA DO LITORAL NORTE,Coopernorte — COOPERATIVA REGIONAL DE DISTRIBUIÇÃO DE ENERGIA DO LITORAL NORTE,83715,P,83,83715.0,56370,53,3302.48,0.0009402164271775767,False,63.310040016723406,0.03944908319894881,62.31094339622641,pos_2022,REN_1000,True
2023,1,coopersul,coopersul,Coopersul,COOPERATIVA REGIONAL DE ELETRIFICAÇÃO RURAL FRONTEIRA SUL LTDA,Coopersul,COOPERATIVA REGIONAL DE ELETRIFICAÇÃO RURAL FRONTEIRA SUL LTDA,Coopersul — COOPERATIVA REGIONAL DE ELETRIFICAÇÃO RURAL FRONTEIRA SUL LTDA,68650,P,87,68650.0,23519,141,57633.490000000005,0.005995152855138399,False,205.38965768390386,0.839526438455936,408.74815602836884,pos_2022,REN_1000,True
2023,1,cooperzem,cooperzem,Cooperzem,COOPERZEM COOPERATIVA DE DISTRIBUIÇÃO DE ENERGIA ELÉTRICA,Cooperzem,COOPERZEM COOPERATIVA DE DISTRIBUIÇÃO DE ENERGIA ELÉTRICA,Cooperzem — COOPERZEM COOPERATIVA DE DISTRIBUIÇÃO DE ENERGIA ELÉTRICA,104735,M,73,104735.0,31597,0,0.0,0.0,False,0.0,0.0,,pos_2022,REN_1000,True
2023,1,coorsel,coorsel,Coorsel,COOPERATIVA REGIONAL SUL DE ELETRIFICAÇÃO RURAL,Coorsel,COOPERATIVA REGIONAL SUL DE ELETRIFICAÇÃO RURAL,Coorsel — COOPERATIVA REGIONAL SUL DE ELETRIFICAÇÃO RURAL,112027,M,72,112027.0,19158,9,0.0,0.0004697776385844034,False,8.033777571478304,0.0,0.0,pos_2022,REN_1000,True
2023,1,copel,copel_dis,Copel-Dis,COPEL DISTRIBUIÇÃO S.A.,Copel-Dis,COPEL DISTRIBUIÇÃO S.A.,Copel-Dis — COPEL DISTRIBUIÇÃO S.A.,62052315,GG,4,62052315.0,36683970,10638,1736398.0545,0.00028999042361009455,False,17.14359891327181,0.027982808610766578,163.22598745064863,pos_2022,REN_1000,True
2023,1,coprel,coprel,Coprel,COPREL COOPERATIVA DE ENERGIA,Coprel,COPREL COOPERATIVA DE ENERGIA,Coprel — COPREL COOPERATIVA DE ENERGIA,594377,G,42,594377.0,19255,123,50905.75,0.006387951181511296,False,20.693936676553772,0.08564555829044529,413.8678861788618,pos_2022,REN_1000,True
2023,1,cpfl,cpfl_paulista,CPFL Paulista,COMPANHIA PAULISTA DE FORÇA E LUZ,CPFL Paulista,COMPANHIA PAULISTA DE FORÇA E LUZ,CPFL Paulista — COMPANHIA PAULISTA DE FORÇA E LUZ,58938754,GG,5,58938754.0,35910212,12880,4958174.8692,0.0003586723464623378,False,21.85319357107549,0.08412418880114092,384.951465,pos_2022,REN_1000,True
2023,1,cpfl,cpfl_piratininga,CPFL Piratininga,COMPANHIA PIRATININGA DE FORÇA E LUZ,CPFL Piratininga,COMPANHIA PIRATININGA DE FORÇA E LUZ,CPFL Piratininga — COMPANHIA PIRATININGA DE FORÇA E LUZ,23086076,GG,17,23086076.0,9595492,6326,1885966.4926,0.0006592679145582113,False,27.40179838271346,0.0816928131311705,298.12938548846034,pos_2022,REN_1000,True
2023,1,cpfl,cpfl_santa_cruz,CPFL Santa Cruz,COMPANHIA JAGUARI DE ENERGIA - CPFL SANTA CRUZ,CPFL Santa Cruz,COMPANHIA JAGUARI DE ENERGIA - CPFL SANTA CRUZ,CPFL Santa Cruz — COMPANHIA JAGUARI DE ENERGIA - CPFL SANTA CRUZ,6005115,G,33,6005115.0,2924577,1267,280367.4679,0.00043322504416878064,False,21.09868004193092,0.046688109703144735,221.2845050513023,pos_2022,REN_1000,True
2023,1,creluz_d,creluz_d,Creluz-D,COOPERATIVA DE DISTRIBUIÇÃO DE ENERGIA,Creluz-D,COOPERATIVA DE DISTRIBUIÇÃO DE ENERGIA,Creluz-D — COOPERATIVA DE DISTRIBUIÇÃO DE ENERGIA,303195,M,52,303195.0,38795,19,668.05,0.0004897538342569918,False,6.266594106103332,0.0022033674697801743,35.16052631578947,pos_2022,REN_1000,True
2023,1,creral,creral,Creral,COOPERATIVA REGIONAL DE ELETRIFICAÇÃO RURAL DO ALTO URUGUAI,Creral,COOPERATIVA REGIONAL DE ELETRIFICAÇÃO RURAL DO ALTO URUGUAI,Creral — COOPERATIVA REGIONAL DE ELETRIFICAÇÃO RURAL DO ALTO URUGUAI,95732,M,76,95732.0,14493,47,858.63,0.003242944869937211,False,49.095391300714496,0.008969101240964358,18.26872340425532,pos_2022,REN_1000,True
2023,1,dcelt,dcelt,Dcelt,DISTRIBUIDORA CATARINENSE DE ENERGIA ELÉTRICA S/A.,Dcelt,DISTRIBUIDORA CATARINENSE DE ENERGIA ELÉTRICA S/A.,Dcelt — DISTRIBUIDORA CATARINENSE DE ENERGIA ELÉTRICA S/A.,491513,G,44,491513.0,108406,1480,15000.630000000001,0.013652380864527794,False,301.1110591174598,0.030519294504926627,10.135560810810812,pos_2022,REN_1000,True
2023,1,demei,demei,Demei,DEPARTAMENTO MUNICIPAL DE ENERGIA DE IJUÍ,Demei,DEPARTAMENTO MUNICIPAL DE ENERGIA DE IJUÍ,Demei — DEPARTAMENTO MUNICIPAL DE ENERGIA DE IJUÍ,433548,G,47,433548.0,77841,222,3144.7799999999997,0.002851967472154777,False,51.205402861966846,0.007253591297849372,14.165675675675674,pos_2022,REN_1000,True
2023,1,dmed,dmed,Dmed,DME DISTRIBUIÇÃO S.A.,Dmed,DME DISTRIBUIÇÃO S.A.,Dmed — DME DISTRIBUIÇÃO S.A.,1044566,G,39,1044566.0,304754,557,74211.81,0.001827703656063579,False,53.32358127681736,0.07104559214065938,133.2348473967684,pos_2022,REN_1000,True
2023,1,edp,edp_es,EDP ES,EDP ESPÍRITO SANTO DISTRIBUIÇÃO DE ENERGIA S.A.,EDP ES,EDP ESPÍRITO SANTO DISTRIBUIÇÃO DE ENERGIA S.A.,EDP ES — EDP ESPÍRITO SANTO DISTRIBUIÇÃO DE ENERGIA S.A.,21371211,GG,20,21371211.0,207000,3926,1746817.7999999998,0.01896618357487923,False,18.370507876226576,0.08173695912693014,444.9357615894039,pos_2022,REN_1000,True
2023,1,edp,edp_sp,EDP SP,EDP SÃO PAULO DISTRIBUIÇÃO DE ENERGIA S.A.,EDP SP,EDP SÃO PAULO DISTRIBUIÇÃO DE ENERGIA S.A.,EDP SP — EDP SÃO PAULO DISTRIBUIÇÃO DE ENERGIA S.A.,26827758,GG,16,26827758.0,281718,3826,1587118.2199999997,0.013580956843368191,False,14.261348264733863,0.05915955481632121,414.82441714584417,pos_2022,REN_1000,True
2023,1,eflul,eflul,Eflul,EMPRESA FORÇA E LUZ DE URUSSANGA LTDA.,Eflul,EMPRESA FORÇA E LUZ DE URUSSANGA LTDA.,Eflul — EMPRESA FORÇA E LUZ DE URUSSANGA LTDA.,90086,P,78,90086.0,3483,97,86.49,0.027849554981337926,False,107.67488843993517,0.0009600825877494838,0.8916494845360824,pos_2022,REN_1000,True
2023,1,eletrocar,eletrocar,Eletrocar,CENTRAIS ELÉTRICAS DE CARAZINHO S.A.,Eletrocar,CENTRAIS ELÉTRICAS DE CARAZINHO S.A.,Eletrocar — CENTRAIS ELÉTRICAS DE CARAZINHO S.A.,478112,G,46,478112.0,107201,444,0.0,0.0041417524090260355,False,92.86527006224483,0.0,0.0,pos_2022,REN_1000,True
2023,1,enel,enel_ce,Enel CE,COMPANHIA ENERGÉTICA DO CEARÁ,Enel CE,COMPANHIA ENERGÉTICA DO CEARÁ,Enel CE — COMPANHIA ENERGÉTICA DO CEARÁ,49848210,GG,7,49848210.0,10591146,35527,9778555.31,0.0033544056516641354,False,71.27036256667992,0.1961666288518685,275.24292256593577,pos_2022,REN_1000,True
2023,1,enel,enel_go,Enel GO,CELG DISTRIBUIÇÃO S.A.,Enel GO,CELG DISTRIBUIÇÃO S.A.,Enel GO — CELG DISTRIBUIÇÃO S.A.,40952832,GG,9,40952832.0,10616053,18590,20898489.43476762,0.0017511216268419156,False,45.39368608256445,0.5103063308239005,1124.1790981585593,pos_2022,REN_1000,True
2023,1,enel,enel_rj,Enel RJ,AMPLA ENERGIA E SERVIÇOS S.A.,Enel RJ,AMPLA ENERGIA E SERVIÇOS S.A.,Enel RJ — AMPLA ENERGIA E SERVIÇOS S.A.,36882915,GG,12,36882915.0,12152537,19080,4838734.66,0.0015700425351513022,False,51.73126907133018,0.13119176344928268,253.60244549266247,pos_2022,REN_1000,True
2023,1,enel,enel_sp,Enel SP,ELETROPAULO METROPOLITANA ELETRICIDADE DE SÃO PAULO S.A.,Enel SP,ELETROPAULO METROPOLITANA ELETRICIDADE DE SÃO PAULO S.A.,Enel SP — ELETROPAULO METROPOLITANA ELETRICIDADE DE SÃO PAULO S.A.,99534079,GG,2,99534079.0,37866576,23165,11340248.57,0.000611753225324624,False,23.273435824929873,0.11393332498711321,489.5423513921865,pos_2022,REN_1000,True
2023,1,energisa,energisa_ac,Energisa AC,ENERGISA ACRE - DISTRIBUIDORA DE ENERGIA S.A.,Energisa AC,ENERGISA ACRE - DISTRIBUIDORA DE ENERGIA S.A.,Energisa AC — ENERGISA ACRE - DISTRIBUIDORA DE ENERGIA S.A.,3469442,G,34,3469442.0,275065,4682,1704745.58,0.017021431298056822,False,134.9496547283396,0.49136016108642255,364.10627509611277,pos_2022,REN_1000,True
2023,1,energisa,energisa_minas_rio,Energisa Minas Rio,ENERGISA MINAS RIO - DISTRIBUIDORA DE ENERGIA S.A.,Energisa Minas Rio,ENERGISA MINAS RIO - DISTRIBUIDORA DE ENERGIA S.A.,Energisa Minas Rio — ENERGISA MINAS RIO - DISTRIBUIDORA DE ENERGIA S.A.,7153002,G,32,7153002.0,448973,2270,432869.5,0.005055983321936954,False,31.734927517145948,0.06051578064706259,190.69140969162996,pos_2022,REN_1000,True
2023,1,energisa,energisa_ms,Energisa MS,ENERGISA MATO GROSSO DO SUL DISTRIBUIDORA DE ENERGIA S.A.,Energisa MS,ENERGISA MATO GROSSO DO SUL DISTRIBUIDORA DE ENERGIA S.A.,Energisa MS — ENERGISA MATO GROSSO DO SUL DISTRIBUIDORA DE ENERGIA S.A.,13329996,G,27,13329996.0,1524430,6046,2983997.04,0.00396607256482751,False,45.35635269507958,0.22385580910902,493.54896460469735,pos_2022,REN_1000,True
2023,1,energisa,energisa_mt,Energisa MT,ENERGISA MATO GROSSO DISTRIBUIDORA DE ENERGIA S.A.,Energisa MT,ENERGISA MATO GROSSO DISTRIBUIDORA DE ENERGIA S.A.,Energisa MT — ENERGISA MATO GROSSO DISTRIBUIDORA DE ENERGIA S.A.,19254943,GG,21,19254943.0,1966041,21350,8302292.2700000005,0.010859386960902646,False,110.88061907012657,0.43117719278628874,388.8661484777518,pos_2022,REN_1000,True
2023,1,energisa,energisa_pb,Energisa PB,ENERGISA PARAÍBA DISTRIBUIDORA DE ENERGIA S.A.,Energisa PB,ENERGISA PARAÍBA DISTRIBUIDORA DE ENERGIA S.A.,Energisa PB — ENERGISA PARAÍBA DISTRIBUIDORA DE ENERGIA S.A.,21501801,GG,19,21501801.0,1234597,15915,2072504.62,0.012890846162755943,False,74.01705559455229,0.09638748958750014,130.2233502984606,pos_2022,REN_1000,True
2023,1,energisa,energisa_ro,Energisa RO,ENERGISA RONDÔNIA DISTRIBUIDORA DE ENERGIA S.A.,Energisa RO,ENERGISA RONDÔNIA DISTRIBUIDORA DE ENERGIA S.A.,Energisa RO — ENERGISA RONDÔNIA DISTRIBUIDORA DE ENERGIA S.A.,8280268,G,30,8280268.0,873473,8393,1830604.83,0.0096087686740174,False,101.36145351817116,0.2210803841131712,218.11090551650184,pos_2022,REN_1000,True
2023,1,energisa,energisa_se,Energisa SE,ENERGISA SERGIPE DISTRIBUIDORA DE ENERGIA S.A.,Energisa SE,ENERGISA SERGIPE DISTRIBUIDORA DE ENERGIA S.A.,Energisa SE — ENERGISA SERGIPE DISTRIBUIDORA DE ENERGIA S.A.,10247065,G,29,10247065.0,548769,5548,1012912.37,0.0101099005228065,False,54.14233246300282,0.09884902359846454,182.57252523431868,pos_2022,REN_1000,True
2023,1,energisa,energisa_sul_sudeste,Energisa Sul-Sudeste,ENERGISA SUL-SUDESTE DISTRIBUIDORA DE ENERGIA S.A.,Energisa Sul-Sudeste,ENERGISA SUL-SUDESTE DISTRIBUIDORA DE ENERGIA S.A.,Energisa Sul-Sudeste — ENERGISA SUL-SUDESTE DISTRIBUIDORA DE ENERGIA S.A.,10304019,G,28,10304019.0,744296,5043,981446.4,0.0067755301654180596,False,48.942068138655415,0.09524889268934772,194.61558596073766,pos_2022,REN_1000,True
2023,1,energisa,energisa_to,Energisa TO,ENERGISA TOCANTINS DISTRIBUIDORA DE ENERGIA S.A.,Energisa TO,ENERGISA TOCANTINS DISTRIBUIDORA DE ENERGIA S.A.,Energisa TO — ENERGISA TOCANTINS DISTRIBUIDORA DE ENERGIA S.A.,7850135,G,31,7850135.0,773648,3374,904538.9199999999,0.004361156494943437,False,42.98015257062458,0.11522590630606988,268.090966212211,pos_2022,REN_1000,True
2023,1,equatorial,cea_equatorial,CEA Equatorial,COMPANHIA DE ELETRICIDADE DO AMAPA,CEA Equatorial,COMPANHIA DE ELETRICIDADE DO AMAPA,CEA Equatorial — COMPANHIA DE ELETRICIDADE DO AMAPA,2784621,G,35,2784621.0,186003,2417,662784.65,0.01299441406859029,False,86.79816750645779,0.23801610703934217,274.21789408357466,pos_2022,REN_1000,True
2023,1,equatorial,ceee_equatorial,CEEE Equatorial,COMPANHIA ESTADUAL DE DISTRIBUIÇÃO DE ENERGIA ELÉTRICA,CEEE Equatorial,COMPANHIA ESTADUAL DE DISTRIBUIÇÃO DE ENERGIA ELÉTRICA,CEEE Equatorial — COMPANHIA ESTADUAL DE DISTRIBUIÇÃO DE ENERGIA ELÉTRICA,22828944,GG,18,22828944.0,7954605,7859,4329850.6,0.0009879811756837707,False,34.42559585760953,0.1896649534030133,550.9416719684438,pos_2022,REN_1000,True
2023,1,equatorial,equatorial_al,Equatorial AL,EQUATORIAL ALAGOAS DISTRIBUIDORA DE ENERGIA S.A.,Equatorial AL,EQUATORIAL ALAGOAS DISTRIBUIDORA DE ENERGIA S.A.,Equatorial AL — EQUATORIAL ALAGOAS DISTRIBUIDORA DE ENERGIA S.A.,16084369,GG,24,16084369.0,451888,8382,3936732.87,0.01854884396133555,False,52.112706441887774,0.24475519493490855,469.6651002147459,pos_2022,REN_1000,True
2023,1,equatorial,equatorial_ma,Equatorial MA,EQUATORIAL MARANHÃO DISTRIBUIDORA DE ENERGIA S.A.,Equatorial MA,EQUATORIAL MARANHÃO DISTRIBUIDORA DE ENERGIA S.A.,Equatorial MA — EQUATORIAL MARANHÃO DISTRIBUIDORA DE ENERGIA S.A.,32837745,GG,15,32837745.0,778749,7357,7096918.81,0.009447203142475945,False,22.404096261786552,0.2161207723002904,964.6484722033437,pos_2022,REN_1000,True
2023,1,equatorial,equatorial_pa,Equatorial PA,EQUATORIAL PARÁ DISTRIBUIDORA DE ENERGIA S.A.,Equatorial PA,EQUATORIAL PARÁ DISTRIBUIDORA DE ENERGIA S.A.,Equatorial PA — EQUATORIAL PARÁ DISTRIBUIDORA DE ENERGIA S.A.,35794814,GG,13,35794814.0,1473813,7872,9242479.58,0.005341247498834655,False,21.992012585957283,0.25820722465550455,1174.095475101626,pos_2022,REN_1000,True
2023,1,equatorial,equatorial_pi,Equatorial PI,EQUATORIAL PIAUÍ DISTRIBUIDORA DE ENERGIA S.A.,Equatorial PI,EQUATORIAL PIAUÍ DISTRIBUIDORA DE ENERGIA S.A.,Equatorial PI — EQUATORIAL PIAUÍ DISTRIBUIDORA DE ENERGIA S.A.,17821217,GG,23,17821217.0,414247,11703,9302455.41,0.028251260721260503,False,65.66891587706945,0.5219876627954196,794.8778441425276,pos_2022,REN_1000,True
2023,1,forcel,forcel,Forcel,FORÇA E LUZ CORONEL VIVIDA LTDA,Forcel,FORÇA E LUZ CORONEL VIVIDA LTDA,Forcel — FORÇA E LUZ CORONEL VIVIDA LTDA,103282,M,75,103282.0,15366,177,0.0,0.011518937914877,False,171.37545748533142,0.0,0.0,pos_2022,REN_1000,True
2023,1,hidropan,hidropan,Hidropan,HIDROPAN DISTRIBUIÇÃO DE ENERGIA S.A.,Hidropan,HIDROPAN DISTRIBUIÇÃO DE ENERGIA S.A.,Hidropan — HIDROPAN DISTRIBUIÇÃO DE ENERGIA S.A.,239787,M,56,239787.0,40808,22,229.26,0.0005391099784356008,False,9.174809309929229,0.0009560985374519886,10.42090909090909,pos_2022,REN_1000,True
2023,1,joao,joao_cesa,João Cesa,EMPRESA FORÇA E LUZ JOÃO CESA LTDA.,João Cesa,EMPRESA FORÇA E LUZ JOÃO CESA LTDA.,João Cesa — EMPRESA FORÇA E LUZ JOÃO CESA LTDA.,48466,P,93,48466.0,5129,13,72.2,0.0025346071358939366,False,26.822927413031813,0.0014897041224776132,5.553846153846154,pos_2022,REN_1000,True
2023,1,light,light,Light,LIGHT SERVIÇOS DE ELETRICIDADE S.A.,Light,LIGHT SERVIÇOS DE ELETRICIDADE S.A.,Light — LIGHT SERVIÇOS DE ELETRICIDADE S.A.,55464060,GG,6,55464060.0,28680716,6378,2863759.5000000005,0.00022237938550767004,False,11.499338490546851,0.05163270593606022,449.0058795860772,pos_2022,REN_1000,True
2023,1,mux,mux_energia,Mux Energia,"MUXFELDT, MARIN & CIA LTDA",Mux Energia,"MUXFELDT, MARIN & CIA LTDA","Mux Energia — MUXFELDT, MARIN & CIA LTDA",152739,M,69,152739.0,18724,6,0.0,0.0003204443494979705,False,3.9282697935694224,0.0,0.0,pos_2022,REN_1000,True
2023,1,neoenergia,neoenergia_brasilia,Neoenergia Brasília,NEOENERGIA DISTRIBUIÇÃO BRASÍLIA S.A.,Neoenergia Brasília,NEOENERGIA DISTRIBUIÇÃO BRASÍLIA S.A.,Neoenergia Brasília — NEOENERGIA DISTRIBUIÇÃO BRASÍLIA S.A.,14121840,GG,25,14121840.0,652433,3034,2777969.71,0.004650285929742978,False,21.4844524509554,0.19671443027254237,915.6129564930784,pos_2022,REN_1000,True
2023,1,neoenergia,neoenergia_coelba,Neoenergia Coelba,COMPANHIA DE ELETRICIDADE DO ESTADO DA BAHIA,Neoenergia Coelba,COMPANHIA DE ELETRICIDADE DO ESTADO DA BAHIA,Neoenergia Coelba — COMPANHIA DE ELETRICIDADE DO ESTADO DA BAHIA,79410938,GG,3,79410938.0,68708813,35045,19076328.16,0.0005100510177639075,False,44.131200162879324,0.24022292949114893,544.338084177486,pos_2022,REN_1000,True
2023,1,neoenergia,neoenergia_cosern,Neoenergia Cosern,COMPANHIA ENERGÉTICA DO RIO GRANDE DO NORTE,Neoenergia Cosern,COMPANHIA ENERGÉTICA DO RIO GRANDE DO NORTE,Neoenergia Cosern — COMPANHIA ENERGÉTICA DO RIO GRANDE DO NORTE,18915549,GG,22,18915549.0,16441663,6835,1865132.675445803,0.00041571220624093806,False,36.134293538083405,0.09860314788885076,272.879689165443,pos_2022,REN_1000,True
2023,1,neoenergia,neoenergia_elektro,Neoenergia Elektro,ELEKTRO REDES S.A.,Neoenergia Elektro,ELEKTRO REDES S.A.,Neoenergia Elektro — ELEKTRO REDES S.A.,35426729,GG,14,35426729.0,102192822,2610,1361347.6500000001,2.553995426410673e-05,False,7.367318614145834,0.03842713364815589,521.5891379310345,pos_2022,REN_1000,True
2023,1,neoenergia,neoenergia_pernambuco,Neoenergia Pernambuco,COMPANHIA ENERGÉTICA DE PERNAMBUCO,Neoenergia Pernambuco,COMPANHIA ENERGÉTICA DE PERNAMBUCO,Neoenergia Pernambuco — COMPANHIA ENERGÉTICA DE PERNAMBUCO,48212294,GG,8,48212294.0,36100762,20333,10499861.71,0.0005632291085711709,False,42.17389033593797,0.21778390611324158,516.3951069689667,pos_2022,REN_1000,True
2023,1,nova,nova_palma,Nova Palma,NOVA PALMA ENERGIA LTDA.,Nova Palma,NOVA PALMA ENERGIA LTDA.,Nova Palma — NOVA PALMA ENERGIA LTDA.,206842,M,60,206842.0,52057,36,0.0,0.0006915496475017769,False,17.404589009968962,0.0,0.0,pos_2022,REN_1000,True
2023,1,rge,rge,RGE,RGE SUL DISTRIBUIDORA DE ENERGIA S.A.,RGE,RGE SUL DISTRIBUIDORA DE ENERGIA S.A.,RGE — RGE SUL DISTRIBUIDORA DE ENERGIA S.A.,37039089,GG,11,37039089.0,17154065,2308,1667404.2052,0.00013454536869249358,False,6.231254769791989,0.04501741944031075,722.4454961871751,pos_2022,REN_1000,True
2023,1,roraima,roraima_energia,Roraima Energia,RORAIMA ENERGIA S.A.,Roraima Energia,RORAIMA ENERGIA S.A.,Roraima Energia — RORAIMA ENERGIA S.A.,2564010,G,36,2564010.0,130174,1226,431816.62,0.009418163381320387,False,47.81572614771393,0.16841456156567253,352.2158401305057,pos_2022,REN_1000,True
2023,1,santa,santa_maria,Santa Maria,EMPRESA LUZ E FORÇA SANTA MARIA S.A.,Santa Maria,EMPRESA LUZ E FORÇA SANTA MARIA S.A.,Santa Maria — EMPRESA LUZ E FORÇA SANTA MARIA S.A.,1650189,G,38,1650189.0,131125,255,90114.25000000001,0.0019447092469018113,False,15.4527754093622,0.054608441820906586,353.38921568627455,pos_2022,REN_1000,True
2023,1,sulgipe,sulgipe,Sulgipe,COMPANHIA SUL SERGIPANA DE ELETRICIDADE,Sulgipe,COMPANHIA SUL SERGIPANA DE ELETRICIDADE,Sulgipe — COMPANHIA SUL SERGIPANA DE ELETRICIDADE,1995272,G,37,1995272.0,169074,81,67356.92,0.0004790801660811242,False,4.059596887040965,0.033758264537366335,831.5669135802469,pos_2022,REN_1000,True
2024,1,amazonas,amazonas_energia,Amazonas Energia,AMAZONAS ENERGIA S.A.,Amazonas Energia,AMAZONAS ENERGIA S.A.,Amazonas Energia — AMAZONAS ENERGIA S.A.,14152589,GG,26,14152589.0,2091505,2447,516712.7,0.0011699709061178433,False,17.290122676494033,0.03651011839600514,211.16170821413976,pos_2022,REN_1000,True
2024,1,castro_dis,castro_dis,Castro-Dis,COOPERATIVA DE DISTRIBUIÇÃO DE ENERGIA ELÉTRICA DE CASTRO,Castro-Dis,COOPERATIVA DE DISTRIBUIÇÃO DE ENERGIA ELÉTRICA DE CASTRO,Castro-Dis — COOPERATIVA DE DISTRIBUIÇÃO DE ENERGIA ELÉTRICA DE CASTRO,28465,P,98,28465.0,8880,6,0.0,0.0006756756756756757,False,21.078517477604077,0.0,0.0,pos_2022,REN_1000,True
2024,1,cedrap,cedrap,Cedrap,COOPERATIVA DE ELETRIFICAÇÃO DA REGIÃO DO ALTO DA PARAÍBA,Cedrap,COOPERATIVA DE ELETRIFICAÇÃO DA REGIÃO DO ALTO DA PARAÍBA,Cedrap — COOPERATIVA DE ELETRIFICAÇÃO DA REGIÃO DO ALTO DA PARAÍBA,94589,P,77,94589.0,13908,17,3252.29,0.0012223180903077366,False,17.9724915159268,0.03438338496019622,191.31117647058824,pos_2022,REN_1000,True
2024,1,cedri,cedri,Cedri,COOPERATIVA DE ELETRIFICAÇÃO E DISTRIBUIÇÃO DA REGIÃO DE ITARIRI,Cedri,COOPERATIVA DE ELETRIFICAÇÃO E DISTRIBUIÇÃO DA REGIÃO DE ITARIRI,Cedri — COOPERATIVA DE ELETRIFICAÇÃO E DISTRIBUIÇÃO DA REGIÃO DE ITARIRI,40554,P,97,40554.0,11044,6,0.0,0.0005432814197754436,False,14.795088030773783,0.0,0.0,pos_2022,REN_1000,True
2024,1,cegero,cegero,Cegero,COOPERATIVA DE ELETRICIDADE DE SÃO LUDGERO,Cegero,COOPERATIVA DE ELETRICIDADE DE SÃO LUDGERO,Cegero — COOPERATIVA DE ELETRICIDADE DE SÃO LUDGERO,85454,P,83,85454.0,20208,6,697.41,0.0002969121140142518,False,7.021321412689868,0.008161232944040068,116.235,pos_2022,REN_1000,True
2024,1,cejama,cejama,Cejama,COOPERATIVA DE ELETRICIDADE JACINTO MACHADO,Cejama,COOPERATIVA DE ELETRICIDADE JACINTO MACHADO,Cejama — COOPERATIVA DE ELETRICIDADE JACINTO MACHADO,69319,P,88,69319.0,7370,4,624.98,0.000542740841248304,False,5.770423693359685,0.00901599849968984,156.245,pos_2022,REN_1000,True
2024,1,celesc,celesc_dis,Celesc-Dis,CELESC DISTRIBUIÇÃO S.A.,Celesc-Dis,CELESC DISTRIBUIÇÃO S.A.,Celesc-Dis — CELESC DISTRIBUIÇÃO S.A.,41391177,GG,10,41391177.0,12436742,113722,2160911.43,0.009144034667600245,False,274.74937472785564,0.05220705441645209,19.001700902200103,pos_2022,REN_1000,True
2024,1,celetro,celetro,Celetro,COOPERATIVA DE ELETRIFICAÇÃO CENTRO JACUÍ LTDA.,Celetro,COOPERATIVA DE ELETRIFICAÇÃO CENTRO JACUÍ LTDA.,Celetro — COOPERATIVA DE ELETRIFICAÇÃO CENTRO JACUÍ LTDA.,289250,M,53,289250.0,35510,71,1752.3300000000002,0.0019994367783722896,False,24.546240276577354,0.00605818496110631,24.680704225352116,pos_2022,REN_1000,True
2024,1,cemig,cemig_d,Cemig-D,CEMIG DISTRIBUIÇÃO S.A.,Cemig-D,CEMIG DISTRIBUIÇÃO S.A.,Cemig-D — CEMIG DISTRIBUIÇÃO S.A.,125723050,GG,1,125723050.0,49352569,57485,34935633.06,0.0011647823236922074,False,45.7235168889078,0.27787770866201544,607.7347666347744,pos_2022,REN_1000,True
2024,1,cemirim,cemirim,Cemirim,COOPERATIVA DE ELETRIFICAÇÃO E DESENVOLVIMENTO DA REGIÃO DE MOGI MIRIM,Cemirim,COOPERATIVA DE ELETRIFICAÇÃO E DESENVOLVIMENTO DA REGIÃO DE MOGI MIRIM,Cemirim — COOPERATIVA DE ELETRIFICAÇÃO E DESENVOLVIMENTO DA REGIÃO DE MOGI MIRIM,207314,M,63,207314.0,41615,24,3264.26,0.0005767151267571789,False,11.57664219493136,0.015745487521344435,136.01083333333335,pos_2022,REN_1000,True
2024,1,ceprag,ceprag,Ceprag,COOPERATIVA DE ELETRICIDADE PRAIA GRANDE,Ceprag,COOPERATIVA DE ELETRICIDADE PRAIA GRANDE,Ceprag — COOPERATIVA DE ELETRICIDADE PRAIA GRANDE,261589,M,54,261589.0,66825,59,2793.08,0.0008829031051253274,False,22.55446521069311,0.010677360286556392,47.34033898305085,pos_2022,REN_1000,True
2024,1,ceraca,ceraca,Ceraçá,COOPERATIVA DISTRIBUIDORA DE ENERGIA VALE DO ARAÇÁ,Ceraçá,COOPERATIVA DISTRIBUIDORA DE ENERGIA VALE DO ARAÇÁ,Ceraçá — COOPERATIVA DISTRIBUIDORA DE ENERGIA VALE DO ARAÇÁ,155995,M,69,155995.0,30611,35,11028.779999999999,0.001143379830779785,False,22.43661655822302,0.07069957370428538,315.10799999999995,pos_2022,REN_1000,True
2024,1,ceral,ceral_anitapolis,Ceral Anitápolis,COOPERATIVA DE DISTRIBUIÇÃO DE ENERGIA ELÉTRICA DE ANITÁPOLIS,Ceral Anitápolis,COOPERATIVA DE DISTRIBUIÇÃO DE ENERGIA ELÉTRICA DE ANITÁPOLIS,Ceral Anitápolis — COOPERATIVA DE DISTRIBUIÇÃO DE ENERGIA ELÉTRICA DE ANITÁPOLIS,48629,P,92,48629.0,864,3,0.0,0.003472222222222222,False,6.169158321166382,0.0,0.0,pos_2022,REN_1000,True
2024,1,ceral,ceral_araruama,Ceral Araruama,COOPERATIVA DE ELETRIFICAÇÃO RURAL DE ARARUAMA,Ceral Araruama,COOPERATIVA DE ELETRIFICAÇÃO RURAL DE ARARUAMA,Ceral Araruama — COOPERATIVA DE ELETRIFICAÇÃO RURAL DE ARARUAMA,93108,P,79,93108.0,33548,9,3154.59,0.0002682723262191487,False,9.666194097177472,0.03388097693001676,350.51,pos_2022,REN_1000,True
2024,1,cerbranorte,cerbranorte,Cerbranorte,COOPERATIVA DE ELETRIFICAÇÃO DE BRAÇO DO NORTE,Cerbranorte,COOPERATIVA DE ELETRIFICAÇÃO DE BRAÇO DO NORTE,Cerbranorte — COOPERATIVA DE ELETRIFICAÇÃO DE BRAÇO DO NORTE,220243,M,58,220243.0,58676,12,2249.85,0.00020451291839934557,False,5.448527308472913,0.010215307637473154,187.48749999999998,pos_2022,REN_1000,True
2024,1,cerci,cerci,Cerci,COOPERATIVA DE ELETRIFICAÇÃO RURAL CACHOEIRAS- ITABORAÍ LTDA,Cerci,COOPERATIVA DE ELETRIFICAÇÃO RURAL CACHOEIRAS- ITABORAÍ LTDA,Cerci — COOPERATIVA DE ELETRIFICAÇÃO RURAL CACHOEIRAS- ITABORAÍ LTDA,216090,M,59,216090.0,55845,462,103.1,0.008272898200376041,False,213.7998056365403,0.00047711601647461706,0.22316017316017314,pos_2022,REN_1000,True
2024,1,cercos,cercos,Cercos,COOPERATIVA DE ELETRIFICAÇÃO E DESENVOLVIMENTO RURAL CENTRO SUL DE SERGIPE LTDA,Cercos,COOPERATIVA DE ELETRIFICAÇÃO E DESENVOLVIMENTO RURAL CENTRO SUL DE SERGIPE LTDA,Cercos — COOPERATIVA DE ELETRIFICAÇÃO E DESENVOLVIMENTO RURAL CENTRO SUL DE SERGIPE LTDA,82533,P,85,82533.0,3850,38,20817.6,0.009870129870129871,False,46.042189184932084,0.2522336519937479,547.8315789473684,pos_2022,REN_1000,True
2024,1,cerej,cerej,Cerej,COOPERATIVA DE PRESTAÇÃO DE SERVIÇOS PÚBLICOS DE DISTRIBUIÇÃO DE ENERGIA ELÉTRICA SENADOR ESTEVES JÚNIOR,Cerej,COOPERATIVA DE PRESTAÇÃO DE SERVIÇOS PÚBLICOS DE DISTRIBUIÇÃO DE ENERGIA ELÉTRICA SENADOR ESTEVES JÚNIOR,Cerej — COOPERATIVA DE PRESTAÇÃO DE SERVIÇOS PÚBLICOS DE DISTRIBUIÇÃO DE ENERGIA ELÉTRICA SENADOR ESTEVES JÚNIOR,192593,M,67,192593.0,56676,45,12534.93,0.0007939868727503706,False,23.365335188714024,0.06508507578157047,278.55400000000003,pos_2022,REN_1000,True
2024,1,ceres,ceres,Ceres,COOPERATIVA DE ELETRIFICAÇÃO RURAL DE RESENDE LTDA.,Ceres,COOPERATIVA DE ELETRIFICAÇÃO RURAL DE RESENDE LTDA.,Ceres — COOPERATIVA DE ELETRIFICAÇÃO RURAL DE RESENDE LTDA.,71930,P,86,71930.0,17880,75,0.0,0.0041946308724832215,False,104.26803837063811,0.0,0.0,pos_2022,REN_1000,True
2024,1,cerfox,cerfox,Cerfox,COOPERATIVA DE DISTRIBUIÇÃO DE ENERGIA FONTOURA XAVIER,Cerfox,COOPERATIVA DE DISTRIBUIÇÃO DE ENERGIA FONTOURA XAVIER,Cerfox — COOPERATIVA DE DISTRIBUIÇÃO DE ENERGIA FONTOURA XAVIER,197797,M,65,197797.0,30545,53,3988.45,0.0017351448682272057,False,26.795148561403863,0.02016436043013797,75.25377358490566,pos_2022,REN_1000,True
2024,1,cergal,cergal,Cergal,COOPERATIVA DE ELETRIFICAÇÃO RURAL ANITA GARIBALDI LTDA,Cergal,COOPERATIVA DE ELETRIFICAÇÃO RURAL ANITA GARIBALDI LTDA,Cergal — COOPERATIVA DE ELETRIFICAÇÃO RURAL ANITA GARIBALDI LTDA,247253,M,55,247253.0,49821,19,1587.59,0.00038136528773007365,False,7.684436589242598,0.006420912991955608,83.55736842105263,pos_2022,REN_1000,True
2024,1,cergapa,cergapa,Cergapa,COOPERATIVA DE ELETRICIDADE DE GRÃO PARÁ,Cergapa,COOPERATIVA DE ELETRICIDADE DE GRÃO PARÁ,Cergapa — COOPERATIVA DE ELETRICIDADE DE GRÃO PARÁ,48230,P,94,48230.0,5173,0,0.0,0.0,False,0.0,0.0,,pos_2022,REN_1000,True
2024,1,cergral,cergral,Cergral,COOPERATIVA DE ELETRICIDADE DE GRAVATAL,Cergral,COOPERATIVA DE ELETRICIDADE DE GRAVATAL,Cergral — COOPERATIVA DE ELETRICIDADE DE GRAVATAL,84211,P,84,84211.0,32637,19,2964.6400000000003,0.0005821613506143334,False,22.562373086651387,0.03520490197242641,156.03368421052633,pos_2022,REN_1000,True
2024,1,ceriluz,ceriluz,Ceriluz,COOPERATIVA REGIONAL DE ENERGIA E DESENVOLVIMENTO IJUÍ LTDA,Ceriluz,COOPERATIVA REGIONAL DE ENERGIA E DESENVOLVIMENTO IJUÍ LTDA,Ceriluz — COOPERATIVA REGIONAL DE ENERGIA E DESENVOLVIMENTO IJUÍ LTDA,181084,M,68,181084.0,60912,14,4604.74,0.00022983976884686103,False,7.731218660952928,0.025428751297740273,328.90999999999997,pos_2022,REN_1000,True
2024,1,cerim,cerim,Cerim,COOPERATIVA DE ELETRIFICAÇÃO E DESENVOLVIMENTO DA REGIÃO DE ITU-MAIRINQUE,Cerim,COOPERATIVA DE ELETRIFICAÇÃO E DESENVOLVIMENTO DA REGIÃO DE ITU-MAIRINQUE,Cerim — COOPERATIVA DE ELETRIFICAÇÃO E DESENVOLVIMENTO DA REGIÃO DE ITU-MAIRINQUE,194050,M,66,194050.0,46382,19,2143.5099999999998,0.00040964167133801906,False,9.79129090440608,0.011046173666580776,112.81631578947368,pos_2022,REN_1000,True
2024,1,ceripa,ceripa,Ceripa,COOPERATIVA DE ELETRIFICAÇÃO RURAL DE ITAÍ-PARANAPANEMA-AVARÉ,Ceripa,COOPERATIVA DE ELETRIFICAÇÃO RURAL DE ITAÍ-PARANAPANEMA-AVARÉ,Ceripa — COOPERATIVA DE ELETRIFICAÇÃO RURAL DE ITAÍ-PARANAPANEMA-AVARÉ,94384,P,78,94384.0,28149,2,0.0,7.105048136701127e-05,False,2.1190032208848955,0.0,0.0,pos_2022,REN_1000,True
2024,1,ceris,ceris,Ceris,COOPERATIVA DE ELETRIFICAÇÃO RURAL DA REGIÃO DE ITAPECERICA DA SERRA,Ceris,COOPERATIVA DE ELETRIFICAÇÃO RURAL DA REGIÃO DE ITAPECERICA DA SERRA,Ceris — COOPERATIVA DE ELETRIFICAÇÃO RURAL DA REGIÃO DE ITAPECERICA DA SERRA,87164,P,81,87164.0,22972,4,66.98,0.00017412502176562773,False,4.589050525446285,0.0007684365104859805,16.745,pos_2022,REN_1000,True
2024,1,cermc,cermc,Cermc,COOPERATIVA DE ELETRIFICAÇÃO E DESENVOLVIMENTO DA REGIÃO DE MOGI DAS CRUZES,Cermc,COOPERATIVA DE ELETRIFICAÇÃO E DESENVOLVIMENTO DA REGIÃO DE MOGI DAS CRUZES,Cermc — COOPERATIVA DE ELETRIFICAÇÃO E DESENVOLVIMENTO DA REGIÃO DE MOGI DAS CRUZES,42335,P,96,42335.0,11145,28,0.0,0.002512337371018394,False,66.1391283807724,0.0,0.0,pos_2022,REN_1000,True
2024,1,cermissoes,cermissoes,Cermissões,COOPERATIVA DE DISTRIBUIÇÃO E GERAÇÃO DE ENERGIA DAS MISSÕES,Cermissões,COOPERATIVA DE DISTRIBUIÇÃO E GERAÇÃO DE ENERGIA DAS MISSÕES,Cermissões — COOPERATIVA DE DISTRIBUIÇÃO E GERAÇÃO DE ENERGIA DAS MISSÕES,344440,G,49,344440.0,77172,177,20364.78,0.0022935779816513763,False,51.387759842062486,0.05912431773313204,115.05525423728812,pos_2022,REN_1000,True
2024,1,cermoful,cermoful,Cermoful,COOPERATIVA FUMACENSE DE ELETRICIDADE,Cermoful,COOPERATIVA FUMACENSE DE ELETRICIDADE,Cermoful — COOPERATIVA FUMACENSE DE ELETRICIDADE,198063,M,64,198063.0,36619,88,40854.01,0.0024031240612796636,False,44.430307528412676,0.2062677531896417,464.25011363636366,pos_2022,REN_1000,True
2024,1,cernhe,cernhe,Cernhe,COOPERATIVA DE ELETRIFICAÇÃO E DESENVOLVIMENTO RURAL DA REGIÃO DE NOVO HORIZONTE,Cernhe,COOPERATIVA DE ELETRIFICAÇÃO E DESENVOLVIMENTO RURAL DA REGIÃO DE NOVO HORIZONTE,Cernhe — COOPERATIVA DE ELETRIFICAÇÃO E DESENVOLVIMENTO RURAL DA REGIÃO DE NOVO HORIZONTE,57247,P,91,57247.0,10500,23,162.41,0.0021904761904761906,False,40.17677782241864,0.0028370045591908748,7.061304347826087,pos_2022,REN_1000,True
2024,1,cerpalo,cerpalo,Cerpalo,COOPERATIVA DE ELETRIFICAÇÃO DE PAULO LOPES,Cerpalo,COOPERATIVA DE ELETRIFICAÇÃO DE PAULO LOPES,Cerpalo — COOPERATIVA DE ELETRIFICAÇÃO DE PAULO LOPES,208524,M,61,208524.0,96915,6,0.0,6.190992106485064e-05,False,2.8773666340565116,0.0,0.0,pos_2022,REN_1000,True
2024,1,cerpro,cerpro,Cerpro,COOPERATIVA DE ELETRIFICAÇÃO RURAL DA REGIÃO DE PROMISSÃO,Cerpro,COOPERATIVA DE ELETRIFICAÇÃO RURAL DA REGIÃO DE PROMISSÃO,Cerpro — COOPERATIVA DE ELETRIFICAÇÃO RURAL DA REGIÃO DE PROMISSÃO,25077,P,99,25077.0,4506,3,114.35,0.0006657789613848203,False,11.963153487259241,0.004559955337560314,38.11666666666667,pos_2022,REN_1000,True
2024,1,cerrp,cerrp,Cerrp,COOPERATIVA DE ELETRIFICAÇÃO E DESENVOLVIMENTO DA REGIÃO DE SÃO JOSÉ DO RIO PRETO,Cerrp,COOPERATIVA DE ELETRIFICAÇÃO E DESENVOLVIMENTO DA REGIÃO DE SÃO JOSÉ DO RIO PRETO,Cerrp — COOPERATIVA DE ELETRIFICAÇÃO E DESENVOLVIMENTO DA REGIÃO DE SÃO JOSÉ DO RIO PRETO,42519,P,95,42519.0,15123,6,0.0,0.00039674667724657806,False,14.111338460452973,0.0,0.0,pos_2022,REN_1000,True
2024,1,cersad,cersad,Cersad,COOPERATIVA DE DISTRIBUIÇÃO DE ENERGIA ELÉTRICA SALTO DONNER,Cersad,COOPERATIVA DE DISTRIBUIÇÃO DE ENERGIA ELÉTRICA SALTO DONNER,Cersad — COOPERATIVA DE DISTRIBUIÇÃO DE ENERGIA ELÉTRICA SALTO DONNER,16848,P,101,16848.0,1754,12,1240.42,0.0068415051311288486,False,71.22507122507123,0.07362416904083571,103.36833333333334,pos_2022,REN_1000,True
2024,1,cersul,cersul,Cersul,COOPERATIVA DE DISTRIBUIÇÃOI DE ENERGIA,Cersul,COOPERATIVA DE DISTRIBUIÇÃOI DE ENERGIA,Cersul — COOPERATIVA DE DISTRIBUIÇÃOI DE ENERGIA,224524,M,57,224524.0,71628,18,550.24,0.0002512983749371754,False,8.016960324954125,0.002450695694001532,30.56888888888889,pos_2022,REN_1000,True
2024,1,certaja,certaja_energia,Certaja Energia,COOPERATIVA REGIONAL DE ENERGIA TAQUARI JACUÍ,Certaja Energia,COOPERATIVA REGIONAL DE ENERGIA TAQUARI JACUÍ,Certaja Energia — COOPERATIVA REGIONAL DE ENERGIA TAQUARI JACUÍ,320567,G,51,320567.0,55151,108,9420.779999999999,0.001958260049681783,False,33.690304990844346,0.02938786587515246,87.22944444444444,pos_2022,REN_1000,True
2024,1,certel,certel_energia,Certel Energia,COOPERATIVA DE DISTRIBUIÇÃO DE ENERGIA TEUTÔNIA,Certel Energia,COOPERATIVA DE DISTRIBUIÇÃO DE ENERGIA TEUTÔNIA,Certel Energia — COOPERATIVA DE DISTRIBUIÇÃO DE ENERGIA TEUTÔNIA,899215,G,40,899215.0,136471,67,10150.779999999999,0.0004909467945570854,False,7.450943322787098,0.011288490516728478,151.5041791044776,pos_2022,REN_1000,True
2024,1,certhil,certhil,Certhil,COOPERATIVA DE DISTRIBUIÇÃO DE ENERGIA ENTRE RIOS LTDA,Certhil,COOPERATIVA DE DISTRIBUIÇÃO DE ENERGIA ENTRE RIOS LTDA,Certhil — COOPERATIVA DE DISTRIBUIÇÃO DE ENERGIA ENTRE RIOS LTDA,108538,M,74,108538.0,35003,25,1971.7199999999998,0.000714224495043282,False,23.03340765446203,0.018166172216182348,78.8688,pos_2022,REN_1000,True
2024,1,certrel,certrel,Certrel,COOPERATIVA DE ENERGIA TREVISO,Certrel,COOPERATIVA DE ENERGIA TREVISO,Certrel — COOPERATIVA DE ENERGIA TREVISO,57574,P,90,57574.0,12708,26,2197.77,0.002045955303745672,False,45.159273283079166,0.038172960016674196,84.52961538461538,pos_2022,REN_1000,True
2024,1,cervam,cervam,Cervam,COOPERATIVA DE ENERGIZAÇÃO E DE DESENVOLVIMENTO DO VALE DO MOGI,Cervam,COOPERATIVA DE ENERGIZAÇÃO E DE DESENVOLVIMENTO DO VALE DO MOGI,Cervam — COOPERATIVA DE ENERGIZAÇÃO E DE DESENVOLVIMENTO DO VALE DO MOGI,58172,P,89,58172.0,11048,14,250.14,0.0012671976828385228,False,24.066561232207935,0.004300006876160352,17.867142857142856,pos_2022,REN_1000,True
2024,1,cetril,cetril,Cetril,COOPERATIVA DE ELETRIFICAÇÃO DE IBIÚNA E REGIÃO,Cetril,COOPERATIVA DE ELETRIFICAÇÃO DE IBIÚNA E REGIÃO,Cetril — COOPERATIVA DE ELETRIFICAÇÃO DE IBIÚNA E REGIÃO,396900,G,48,396900.0,96036,36,2768.16,0.000374859427714607,False,9.070294784580499,0.006974452003023431,76.89333333333333,pos_2022,REN_1000,True
2024,1,chesp,chesp,Chesp,COMPANHIA HIDROELÉTRICA SÃO PATRÍCIO,Chesp,COMPANHIA HIDROELÉTRICA SÃO PATRÍCIO,Chesp — COMPANHIA HIDROELÉTRICA SÃO PATRÍCIO,487441,G,46,487441.0,28763,69,0.0,0.0023989152730939053,False,14.155559339489292,0.0,0.0,pos_2022,REN_1000,True
2024,1,cocel,cocel,Cocel,COMPANHIA CAMPOLARGUENSE DE ENERGIA,Cocel,COMPANHIA CAMPOLARGUENSE DE ENERGIA,Cocel — COMPANHIA CAMPOLARGUENSE DE ENERGIA,709049,G,41,709049.0,203167,116,26392.999999999996,0.0005709588663513267,False,16.35994127345219,0.03722309741639858,227.5258620689655,pos_2022,REN_1000,True
2024,1,coopera,coopera,Coopera,COOPERATIVA PIONEIRA DE ELETRIFICAÇÃO,Coopera,COOPERATIVA PIONEIRA DE ELETRIFICAÇÃO,Coopera — COOPERATIVA PIONEIRA DE ELETRIFICAÇÃO,334303,G,50,334303.0,94951,190,37422.68,0.0020010321112995124,False,56.834667950930736,0.11194239955968088,196.96147368421052,pos_2022,REN_1000,True
2024,1,cooperalianca,cooperalianca,Cooperaliança,COOPERATIVA ALIANÇA,Cooperaliança,COOPERATIVA ALIANÇA,Cooperaliança — COOPERATIVA ALIANÇA,540415,G,43,540415.0,137703,34,9628.67,0.0002469082009832756,False,6.29146119186181,0.017817177539483545,283.1961764705882,pos_2022,REN_1000,True
2024,1,coopercocal,coopercocal,Coopercocal,COOPERATIVA ENERGÉTICA COCAL,Coopercocal,COOPERATIVA ENERGÉTICA COCAL,Coopercocal — COOPERATIVA ENERGÉTICA COCAL,143859,M,71,143859.0,30716,0,0.0,0.0,False,0.0,0.0,,pos_2022,REN_1000,True
2024,1,cooperluz,cooperluz,Cooperluz,COOPERATIVA DISTRIBUIDORA DE ENERGIA FRONTEIRA NOROESTE,Cooperluz,COOPERATIVA DISTRIBUIDORA DE ENERGIA FRONTEIRA NOROESTE,Cooperluz — COOPERATIVA DISTRIBUIDORA DE ENERGIA FRONTEIRA NOROESTE,207509,M,62,207509.0,42461,6,371.49,0.00014130613975177223,False,2.8914408531678144,0.0017902356042388524,61.915,pos_2022,REN_1000,True
2024,1,coopermila,coopermila,Coopermila,COOPERATIVA DE ELETRIFICAÇÃO LAURO MÜLLER,Coopermila,COOPERATIVA DE ELETRIFICAÇÃO LAURO MÜLLER,Coopermila — COOPERATIVA DE ELETRIFICAÇÃO LAURO MÜLLER,17061,P,100,17061.0,1119,4,198.79,0.0035746201966041107,False,23.445284567141435,0.011651720297755113,49.6975,pos_2022,REN_1000,True
2024,1,coopernorte,coopernorte,Coopernorte,COOPERATIVA REGIONAL DE DISTRIBUIÇÃO DE ENERGIA DO LITORAL NORTE,Coopernorte,COOPERATIVA REGIONAL DE DISTRIBUIÇÃO DE ENERGIA DO LITORAL NORTE,Coopernorte — COOPERATIVA REGIONAL DE DISTRIBUIÇÃO DE ENERGIA DO LITORAL NORTE,85512,P,82,85512.0,70033,43,15396.51,0.0006139962589065155,False,50.285340069230045,0.18005087005332585,358.05837209302325,pos_2022,REN_1000,True
2024,1,coopersul,coopersul,Coopersul,COOPERATIVA REGIONAL DE ELETRIFICAÇÃO RURAL FRONTEIRA SUL LTDA,Coopersul,COOPERATIVA REGIONAL DE ELETRIFICAÇÃO RURAL FRONTEIRA SUL LTDA,Coopersul — COOPERATIVA REGIONAL DE ELETRIFICAÇÃO RURAL FRONTEIRA SUL LTDA,71921,P,87,71921.0,21960,62,7714.950000000001,0.002823315118397086,False,86.20569791854952,0.1072697821220506,124.43467741935486,pos_2022,REN_1000,True
2024,1,cooperzem,cooperzem,Cooperzem,COOPERZEM COOPERATIVA DE DISTRIBUIÇÃO DE ENERGIA ELÉTRICA,Cooperzem,COOPERZEM COOPERATIVA DE DISTRIBUIÇÃO DE ENERGIA ELÉTRICA,Cooperzem — COOPERZEM COOPERATIVA DE DISTRIBUIÇÃO DE ENERGIA ELÉTRICA,109034,M,73,109034.0,31662,1,0.0,3.158360179394858e-05,False,0.9171451106994148,0.0,0.0,pos_2022,REN_1000,True
2024,1,coorsel,coorsel,Coorsel,COOPERATIVA REGIONAL SUL DE ELETRIFICAÇÃO RURAL,Coorsel,COOPERATIVA REGIONAL SUL DE ELETRIFICAÇÃO RURAL,Coorsel — COOPERATIVA REGIONAL SUL DE ELETRIFICAÇÃO RURAL,113841,M,72,113841.0,19861,18,596.24,0.0009062987764966517,False,15.811526602893508,0.005237480345394015,33.12444444444444,pos_2022,REN_1000,True
2024,1,copel,copel_dis,Copel-Dis,COPEL DISTRIBUIÇÃO S.A.,Copel-Dis,COPEL DISTRIBUIÇÃO S.A.,Copel-Dis — COPEL DISTRIBUIÇÃO S.A.,63185670,GG,4,63185670.0,19720433,7753,2730936.6667,0.0003931455257600074,False,12.270187211752285,0.04322082311859635,352.2425727718302,pos_2022,REN_1000,True
2024,1,coprel,coprel,Coprel,COPREL COOPERATIVA DE ENERGIA,Coprel,COPREL COOPERATIVA DE ENERGIA,Coprel — COPREL COOPERATIVA DE ENERGIA,708332,G,42,708332.0,17879,174,26371.72,0.009732087924380559,False,24.564752121886347,0.03723073361079268,151.5616091954023,pos_2022,REN_1000,True
2024,1,cpfl,cpfl_paulista,CPFL Paulista,COMPANHIA PAULISTA DE FORÇA E LUZ,CPFL Paulista,COMPANHIA PAULISTA DE FORÇA E LUZ,CPFL Paulista — COMPANHIA PAULISTA DE FORÇA E LUZ,60020090,GG,5,60020090.0,25861638,12073,5193360.1075,0.00046683044592921765,False,20.114931517097027,0.08652702965790288,430.1631829288495,pos_2022,REN_1000,True
2024,1,cpfl,cpfl_piratininga,CPFL Piratininga,COMPANHIA PIRATININGA DE FORÇA E LUZ,CPFL Piratininga,COMPANHIA PIRATININGA DE FORÇA E LUZ,CPFL Piratininga — COMPANHIA PIRATININGA DE FORÇA E LUZ,23534373,GG,17,23534373.0,8238989,3336,1562654.253,0.0004049040483001009,False,14.175011163458656,0.06639880539838473,468.4215386690648,pos_2022,REN_1000,True
2024,1,cpfl,cpfl_santa_cruz,CPFL Santa Cruz,COMPANHIA JAGUARI DE ENERGIA - CPFL SANTA CRUZ,CPFL Santa Cruz,COMPANHIA JAGUARI DE ENERGIA - CPFL SANTA CRUZ,CPFL Santa Cruz — COMPANHIA JAGUARI DE ENERGIA - CPFL SANTA CRUZ,6110374,G,33,6110374.0,2171376,1283,482346.8212,0.0005908695684211302,False,20.99707808392743,0.07893900131154001,375.9523158222915,pos_2022,REN_1000,True
2024,1,creluz_d,creluz_d,Creluz-D,COOPERATIVA DE DISTRIBUIÇÃO DE ENERGIA,Creluz-D,COOPERATIVA DE DISTRIBUIÇÃO DE ENERGIA,Creluz-D — COOPERATIVA DE DISTRIBUIÇÃO DE ENERGIA,305895,M,52,305895.0,37124,26,16239.499999999998,0.0007003555651330676,False,8.499648572222494,0.053088478072541224,624.5961538461538,pos_2022,REN_1000,True
2024,1,creral,creral,Creral,COOPERATIVA REGIONAL DE ELETRIFICAÇÃO RURAL DO ALTO URUGUAI,Creral,COOPERATIVA REGIONAL DE ELETRIFICAÇÃO RURAL DO ALTO URUGUAI,Creral — COOPERATIVA REGIONAL DE ELETRIFICAÇÃO RURAL DO ALTO URUGUAI,96425,M,76,96425.0,15123,22,2085.4900000000002,0.0014547378165707862,False,22.815659839253307,0.021628104744620173,94.79500000000002,pos_2022,REN_1000,True
2024,1,dcelt,dcelt,Dcelt,DISTRIBUIDORA CATARINENSE DE ENERGIA ELÉTRICA S/A.,Dcelt,DISTRIBUIDORA CATARINENSE DE ENERGIA ELÉTRICA S/A.,Dcelt — DISTRIBUIDORA CATARINENSE DE ENERGIA ELÉTRICA S/A.,502939,G,44,502939.0,93888,1044,39908.97,0.01111963190184049,False,207.57984566716837,0.0793515118135599,38.22698275862069,pos_2022,REN_1000,True
2024,1,demei,demei,Demei,DEPARTAMENTO MUNICIPAL DE ENERGIA DE IJUÍ,Demei,DEPARTAMENTO MUNICIPAL DE ENERGIA DE IJUÍ,Demei — DEPARTAMENTO MUNICIPAL DE ENERGIA DE IJUÍ,437353,G,47,437353.0,89156,109,14273.43,0.0012225761586432769,False,24.922659727954304,0.0326359485358509,130.9488990825688,pos_2022,REN_1000,True
2024,1,dmed,dmed,Dmed,DME DISTRIBUIÇÃO S.A.,Dmed,DME DISTRIBUIÇÃO S.A.,Dmed — DME DISTRIBUIÇÃO S.A.,1080133,G,39,1080133.0,317717,276,91379.95,0.0008686976145437607,False,25.552408823728186,0.08460064640187828,331.0867753623188,pos_2022,REN_1000,True
2024,1,edp,edp_es,EDP ES,EDP ESPÍRITO SANTO DISTRIBUIÇÃO DE ENERGIA S.A.,EDP ES,EDP ESPÍRITO SANTO DISTRIBUIÇÃO DE ENERGIA S.A.,EDP ES — EDP ESPÍRITO SANTO DISTRIBUIÇÃO DE ENERGIA S.A.,21759639,GG,20,21759639.0,9027377,16473,8455710.99,0.0018247825475772197,False,75.70438094124631,0.3885961063048886,513.3072901110909,pos_2022,REN_1000,True
2024,1,edp,edp_sp,EDP SP,EDP SÃO PAULO DISTRIBUIÇÃO DE ENERGIA S.A.,EDP SP,EDP SÃO PAULO DISTRIBUIÇÃO DE ENERGIA S.A.,EDP SP — EDP SÃO PAULO DISTRIBUIÇÃO DE ENERGIA S.A.,27333359,GG,16,27333359.0,11579193,13372,7168734.33,0.00115483004730986,False,48.92190528064992,0.2622705218923148,536.1003836374514,pos_2022,REN_1000,True
2024,1,eflul,eflul,Eflul,EMPRESA FORÇA E LUZ DE URUSSANGA LTDA.,Eflul,EMPRESA FORÇA E LUZ DE URUSSANGA LTDA.,Eflul — EMPRESA FORÇA E LUZ DE URUSSANGA LTDA.,91532,P,80,91532.0,9090,187,17.55,0.020572057205720574,False,204.30013547174758,0.00019173622339728184,0.09385026737967915,pos_2022,REN_1000,True
2024,1,eletrocar,eletrocar,Eletrocar,CENTRAIS ELÉTRICAS DE CARAZINHO S.A.,Eletrocar,CENTRAIS ELÉTRICAS DE CARAZINHO S.A.,Eletrocar — CENTRAIS ELÉTRICAS DE CARAZINHO S.A.,495803,G,45,495803.0,135067,330,0.0,0.0024432318775126417,False,66.55869367470547,0.0,0.0,pos_2022,REN_1000,True
2024,1,enel,enel_ce,Enel CE,COMPANHIA ENERGÉTICA DO CEARÁ,Enel CE,COMPANHIA ENERGÉTICA DO CEARÁ,Enel CE — COMPANHIA ENERGÉTICA DO CEARÁ,50609559,GG,7,50609559.0,13375667,21811,28734341.29,0.0016306476529357376,False,43.09660157283726,0.5677650992769963,1317.4242946219797,pos_2022,REN_1000,True
2024,1,enel,enel_go,Enel GO,CELG DISTRIBUIÇÃO S.A.,Enel GO,CELG DISTRIBUIÇÃO S.A.,Enel GO — CELG DISTRIBUIÇÃO S.A.,41755475,GG,9,41755475.0,14767527,15574,9453607.08,0.0010546112426271508,False,37.298102823641685,0.2264040124079537,607.0121407473995,pos_2022,REN_1000,True
2024,1,enel,enel_rj,Enel RJ,AMPLA ENERGIA E SERVIÇOS S.A.,Enel RJ,AMPLA ENERGIA E SERVIÇOS S.A.,Enel RJ — AMPLA ENERGIA E SERVIÇOS S.A.,37088539,GG,12,37088539.0,11080043,8042,6743429.300000001,0.0007258094575986754,False,21.683248294034986,0.18181976108576292,838.5263989057449,pos_2022,REN_1000,True
2024,1,enel,enel_sp,Enel SP,ELETROPAULO METROPOLITANA ELETRICIDADE DE SÃO PAULO S.A.,Enel SP,ELETROPAULO METROPOLITANA ELETRICIDADE DE SÃO PAULO S.A.,Enel SP — ELETROPAULO METROPOLITANA ELETRICIDADE DE SÃO PAULO S.A.,101542485,GG,2,101542485.0,44944797,12735,15926437.21,0.00028334759193594756,False,12.541548495686314,0.15684506056750533,1250.6036285826463,pos_2022,REN_1000,True
2024,1,energisa,energisa_ac,Energisa AC,ENERGISA ACRE - DISTRIBUIDORA DE ENERGIA S.A.,Energisa AC,ENERGISA ACRE - DISTRIBUIDORA DE ENERGIA S.A.,Energisa AC — ENERGISA ACRE - DISTRIBUIDORA DE ENERGIA S.A.,3562014,G,34,3562014.0,292405,4366,952772.48,0.014931345223234896,False,122.57110724438478,0.2674813967603721,218.2254878607421,pos_2022,REN_1000,True
2024,1,energisa,energisa_minas_rio,Energisa Minas Rio,ENERGISA MINAS RIO - DISTRIBUIDORA DE ENERGIA S.A.,Energisa Minas Rio,ENERGISA MINAS RIO - DISTRIBUIDORA DE ENERGIA S.A.,Energisa Minas Rio — ENERGISA MINAS RIO - DISTRIBUIDORA DE ENERGIA S.A.,7229182,G,32,7229182.0,586211,1236,316774.61852754,0.002108455829044491,False,17.09737007589517,0.04381887446291157,256.2901444397573,pos_2022,REN_1000,True
2024,1,energisa,energisa_ms,Energisa MS,ENERGISA MATO GROSSO DO SUL DISTRIBUIDORA DE ENERGIA S.A.,Energisa MS,ENERGISA MATO GROSSO DO SUL DISTRIBUIDORA DE ENERGIA S.A.,Energisa MS — ENERGISA MATO GROSSO DO SUL DISTRIBUIDORA DE ENERGIA S.A.,13573392,G,27,13573392.0,1766848,3949,2087458.8,0.00223505360959177,False,29.093685646152416,0.15379050424536475,528.6044061787794,pos_2022,REN_1000,True
2024,1,energisa,energisa_mt,Energisa MT,ENERGISA MATO GROSSO DISTRIBUIDORA DE ENERGIA S.A.,Energisa MT,ENERGISA MATO GROSSO DISTRIBUIDORA DE ENERGIA S.A.,Energisa MT — ENERGISA MATO GROSSO DISTRIBUIDORA DE ENERGIA S.A.,19713721,GG,21,19713721.0,2771421,15530,8210016.9399999995,0.005603623556291159,False,78.7776188980254,0.4164620641633307,528.6553084352865,pos_2022,REN_1000,True
2024,1,energisa,energisa_pb,Energisa PB,ENERGISA PARAÍBA DISTRIBUIDORA DE ENERGIA S.A.,Energisa PB,ENERGISA PARAÍBA DISTRIBUIDORA DE ENERGIA S.A.,Energisa PB — ENERGISA PARAÍBA DISTRIBUIDORA DE ENERGIA S.A.,22020146,GG,19,22020146.0,1452697,21258,3562014.78,0.014633471398371442,False,96.5388694516376,0.16176163318808148,167.56114309906857,pos_2022,REN_1000,True
2024,1,energisa,energisa_ro,Energisa RO,ENERGISA RONDÔNIA DISTRIBUIDORA DE ENERGIA S.A.,Energisa RO,ENERGISA RONDÔNIA DISTRIBUIDORA DE ENERGIA S.A.,Energisa RO — ENERGISA RONDÔNIA DISTRIBUIDORA DE ENERGIA S.A.,8429036,G,30,8429036.0,1116476,14710,7303094.59,0.013175383976010232,False,174.51580465429262,0.8664210937051402,496.4714201223657,pos_2022,REN_1000,True
2024,1,energisa,energisa_se,Energisa SE,ENERGISA SERGIPE DISTRIBUIDORA DE ENERGIA S.A.,Energisa SE,ENERGISA SERGIPE DISTRIBUIDORA DE ENERGIA S.A.,Energisa SE — ENERGISA SERGIPE DISTRIBUIDORA DE ENERGIA S.A.,10498924,G,28,10498924.0,682320,3687,572777.78,0.005403622933520928,False,35.11788446130289,0.054555855438138234,155.35063195009494,pos_2022,REN_1000,True
2024,1,energisa,energisa_sul_sudeste,Energisa Sul-Sudeste,ENERGISA SUL-SUDESTE DISTRIBUIDORA DE ENERGIA S.A.,Energisa Sul-Sudeste,ENERGISA SUL-SUDESTE DISTRIBUIDORA DE ENERGIA S.A.,Energisa Sul-Sudeste — ENERGISA SUL-SUDESTE DISTRIBUIDORA DE ENERGIA S.A.,10471090,G,29,10471090.0,858456,2367,1115422.05,0.0027572758533926027,False,22.605096508577425,0.1065239674188647,471.23871989860584,pos_2022,REN_1000,True
2024,1,energisa,energisa_to,Energisa TO,ENERGISA TOCANTINS DISTRIBUIDORA DE ENERGIA S.A.,Energisa TO,ENERGISA TOCANTINS DISTRIBUIDORA DE ENERGIA S.A.,Energisa TO — ENERGISA TOCANTINS DISTRIBUIDORA DE ENERGIA S.A.,8029308,G,31,8029308.0,839665,3945,983755.44,0.004698302299131201,False,49.13250307498479,0.12252057587029916,249.36766539923954,pos_2022,REN_1000,True
2024,1,equatorial,cea_equatorial,CEA Equatorial,COMPANHIA DE ELETRICIDADE DO AMAPA,CEA Equatorial,COMPANHIA DE ELETRICIDADE DO AMAPA,CEA Equatorial — COMPANHIA DE ELETRICIDADE DO AMAPA,3021017,G,35,3021017.0,199462,2354,269207.54000000004,0.011801746698619286,False,77.92077965797611,0.08911156077572553,114.36174171622771,pos_2022,REN_1000,True
2024,1,equatorial,ceee_equatorial,CEEE Equatorial,COMPANHIA ESTADUAL DE DISTRIBUIÇÃO DE ENERGIA ELÉTRICA,CEEE Equatorial,COMPANHIA ESTADUAL DE DISTRIBUIÇÃO DE ENERGIA ELÉTRICA,CEEE Equatorial — COMPANHIA ESTADUAL DE DISTRIBUIÇÃO DE ENERGIA ELÉTRICA,23384957,GG,18,23384957.0,8515031,20850,5364701.67,0.00244861116771037,False,89.15988171370168,0.22940823325011886,257.29984028776977,pos_2022,REN_1000,True
2024,1,equatorial,equatorial_al,Equatorial AL,EQUATORIAL ALAGOAS DISTRIBUIDORA DE ENERGIA S.A.,Equatorial AL,EQUATORIAL ALAGOAS DISTRIBUIDORA DE ENERGIA S.A.,Equatorial AL — EQUATORIAL ALAGOAS DISTRIBUIDORA DE ENERGIA S.A.,16539542,GG,24,16539542.0,514411,4550,2312783.67,0.008845067465509096,False,27.509830683340567,0.1398335981733956,508.30410329670326,pos_2022,REN_1000,True
2024,1,equatorial,equatorial_ma,Equatorial MA,EQUATORIAL MARANHÃO DISTRIBUIDORA DE ENERGIA S.A.,Equatorial MA,EQUATORIAL MARANHÃO DISTRIBUIDORA DE ENERGIA S.A.,Equatorial MA — EQUATORIAL MARANHÃO DISTRIBUIDORA DE ENERGIA S.A.,33547981,GG,15,33547981.0,861557,7694,6018988.050000001,0.008930343552428917,False,22.93431607702413,0.17941431557386422,782.296341304913,pos_2022,REN_1000,True
2024,1,equatorial,equatorial_pa,Equatorial PA,EQUATORIAL PARÁ DISTRIBUIDORA DE ENERGIA S.A.,Equatorial PA,EQUATORIAL PARÁ DISTRIBUIDORA DE ENERGIA S.A.,Equatorial PA — EQUATORIAL PARÁ DISTRIBUIDORA DE ENERGIA S.A.,36709738,GG,13,36709738.0,1547856,7028,6706678.8,0.004540474049265565,False,19.144783871789006,0.18269481520135067,954.2798520204894,pos_2022,REN_1000,True
2024,1,equatorial,equatorial_pi,Equatorial PI,EQUATORIAL PIAUÍ DISTRIBUIDORA DE ENERGIA S.A.,Equatorial PI,EQUATORIAL PIAUÍ DISTRIBUIDORA DE ENERGIA S.A.,Equatorial PI — EQUATORIAL PIAUÍ DISTRIBUIDORA DE ENERGIA S.A.,18268633,GG,23,18268633.0,488892,11302,5520294.61,0.02311758016085352,False,61.865603189904796,0.3021733815551498,488.4351981950098,pos_2022,REN_1000,True
2024,1,forcel,forcel,Forcel,FORÇA E LUZ CORONEL VIVIDA LTDA,Forcel,FORÇA E LUZ CORONEL VIVIDA LTDA,Forcel — FORÇA E LUZ CORONEL VIVIDA LTDA,105209,M,75,105209.0,16920,50,1893.2399999999998,0.002955082742316785,False,47.52445133020939,0.017995038447281123,37.864799999999995,pos_2022,REN_1000,True
2024,1,hidropan,hidropan,Hidropan,HIDROPAN DISTRIBUIÇÃO DE ENERGIA S.A.,Hidropan,HIDROPAN DISTRIBUIÇÃO DE ENERGIA S.A.,Hidropan — HIDROPAN DISTRIBUIÇÃO DE ENERGIA S.A.,242931,M,56,242931.0,49886,6,0.0,0.00012027422523353245,False,2.4698371142423157,0.0,0.0,pos_2022,REN_1000,True
2024,1,joao,joao_cesa,João Cesa,EMPRESA FORÇA E LUZ JOÃO CESA LTDA.,João Cesa,EMPRESA FORÇA E LUZ JOÃO CESA LTDA.,João Cesa — EMPRESA FORÇA E LUZ JOÃO CESA LTDA.,48424,P,93,48424.0,4936,8,34.47,0.0016207455429497568,False,16.520733520568314,0.0007118371055674871,4.30875,pos_2022,REN_1000,True
2024,1,light,light,Light,LIGHT SERVIÇOS DE ELETRICIDADE S.A.,Light,LIGHT SERVIÇOS DE ELETRICIDADE S.A.,Light — LIGHT SERVIÇOS DE ELETRICIDADE S.A.,55422100,GG,6,55422100.0,35483051,1823,8396516.80787,5.1376641766233686e-05,False,3.289301560207931,0.1515012388175475,4605.878665863961,pos_2022,REN_1000,True
2024,1,mux,mux_energia,Mux Energia,"MUXFELDT, MARIN & CIA LTDA",Mux Energia,"MUXFELDT, MARIN & CIA LTDA","Mux Energia — MUXFELDT, MARIN & CIA LTDA",155282,M,70,155282.0,21989,3,523.98,0.00013643185228978127,False,1.9319689339395423,0.0033743769400188047,174.66,pos_2022,REN_1000,True
2024,1,neoenergia,neoenergia_brasilia,Neoenergia Brasília,NEOENERGIA DISTRIBUIÇÃO BRASÍLIA S.A.,Neoenergia Brasília,NEOENERGIA DISTRIBUIÇÃO BRASÍLIA S.A.,Neoenergia Brasília — NEOENERGIA DISTRIBUIÇÃO BRASÍLIA S.A.,14230530,GG,25,14230530.0,542759,4084,6817583.02,0.007524518248430703,False,28.69886082949827,0.4790814551531109,1669.339622918707,pos_2022,REN_1000,True
2024,1,neoenergia,neoenergia_coelba,Neoenergia Coelba,COMPANHIA DE ELETRICIDADE DO ESTADO DA BAHIA,Neoenergia Coelba,COMPANHIA DE ELETRICIDADE DO ESTADO DA BAHIA,Neoenergia Coelba — COMPANHIA DE ELETRICIDADE DO ESTADO DA BAHIA,81153562,GG,3,81153562.0,72185466,28707,41095381.8,0.00039768393266312085,False,35.37367836053826,0.5063903639867342,1431.5456787543108,pos_2022,REN_1000,True
2024,1,neoenergia,neoenergia_cosern,Neoenergia Cosern,COMPANHIA ENERGÉTICA DO RIO GRANDE DO NORTE,Neoenergia Cosern,COMPANHIA ENERGÉTICA DO RIO GRANDE DO NORTE,Neoenergia Cosern — COMPANHIA ENERGÉTICA DO RIO GRANDE DO NORTE,19262018,GG,22,19262018.0,17666873,3874,3118335.6222180603,0.00021928045783767167,False,20.112119093648445,0.16189039083122342,804.939499798157,pos_2022,REN_1000,True
2024,1,neoenergia,neoenergia_elektro,Neoenergia Elektro,ELEKTRO REDES S.A.,Neoenergia Elektro,ELEKTRO REDES S.A.,Neoenergia Elektro — ELEKTRO REDES S.A.,36086467,GG,14,36086467.0,50085158,1696,350467.92000000004,3.386232703908012e-05,False,4.69982278952384,0.009711893380972985,206.643820754717,pos_2022,REN_1000,True
2024,1,neoenergia,neoenergia_pernambuco,Neoenergia Pernambuco,COMPANHIA ENERGÉTICA DE PERNAMBUCO,Neoenergia Pernambuco,COMPANHIA ENERGÉTICA DE PERNAMBUCO,Neoenergia Pernambuco — COMPANHIA ENERGÉTICA DE PERNAMBUCO,49203835,GG,8,49203835.0,32550577,10914,11363770.790000001,0.0003352935955636055,False,22.18119786801171,0.23095294889107731,1041.210444383361,pos_2022,REN_1000,True
2024,1,nova,nova_palma,Nova Palma,NOVA PALMA ENERGIA LTDA.,Nova Palma,NOVA PALMA ENERGIA LTDA.,Nova Palma — NOVA PALMA ENERGIA LTDA.,209135,M,60,209135.0,55187,32,4248.08,0.000579846703027887,False,15.301121285294188,0.020312621034260167,132.7525,pos_2022,REN_1000,True
2024,1,rge,rge,RGE,RGE SUL DISTRIBUIDORA DE ENERGIA S.A.,RGE,RGE SUL DISTRIBUIDORA DE ENERGIA S.A.,RGE — RGE SUL DISTRIBUIDORA DE ENERGIA S.A.,37417713,GG,11,37417713.0,14670399,7948,3895370.7328999997,0.0005417712224459608,False,21.241276825229804,0.10410499254457374,490.1070373553095,pos_2022,REN_1000,True
2024,1,roraima,roraima_energia,Roraima Energia,RORAIMA ENERGIA S.A.,Roraima Energia,RORAIMA ENERGIA S.A.,Roraima Energia — RORAIMA ENERGIA S.A.,2647975,G,36,2647975.0,147013,1514,688494.7899999999,0.010298408984239489,False,57.17576638752254,0.2600080401061188,454.7521730515191,pos_2022,REN_1000,True
2024,1,santa,santa_maria,Santa Maria,EMPRESA LUZ E FORÇA SANTA MARIA S.A.,Santa Maria,EMPRESA LUZ E FORÇA SANTA MARIA S.A.,Santa Maria — EMPRESA LUZ E FORÇA SANTA MARIA S.A.,1680559,G,38,1680559.0,156452,384,141437.14,0.002454426916881855,False,22.849539944744578,0.0841607703151154,368.3258854166667,pos_2022,REN_1000,True
2024,1,sulgipe,sulgipe,Sulgipe,COMPANHIA SUL SERGIPANA DE ELETRICIDADE,Sulgipe,COMPANHIA SUL SERGIPANA DE ELETRICIDADE,Sulgipe — COMPANHIA SUL SERGIPANA DE ELETRICIDADE,2054952,G,37,2054952.0,117816,29,5182.74,0.0002461465335777823,False,1.4112251770357653,0.002522073508286325,178.71517241379308,pos_2022,REN_1000,True
2025,1,amazonas,amazonas_energia,Amazonas Energia,AMAZONAS ENERGIA S.A.,Amazonas Energia,AMAZONAS ENERGIA S.A.,Amazonas Energia — AMAZONAS ENERGIA S.A.,14296378,G,27,14296378.0,603690,2414,546871.16,0.00399874107571767,False,16.885395727505248,0.038252427293122775,226.54149130074566,pos_2022,REN_1000,True
2025,1,castro_dis,castro_dis,Castro-Dis,COOPERATIVA DE DISTRIBUIÇÃO DE ENERGIA ELÉTRICA DE CASTRO,Castro-Dis,COOPERATIVA DE DISTRIBUIÇÃO DE ENERGIA ELÉTRICA DE CASTRO,Castro-Dis — COOPERATIVA DE DISTRIBUIÇÃO DE ENERGIA ELÉTRICA DE CASTRO,28963,P,97,28963.0,8650,3,90.86,0.0003468208092485549,False,10.358043020405345,0.0031371059627800985,30.286666666666665,pos_2022,REN_1000,True
2025,1,cedrap,cedrap,Cedrap,COOPERATIVA DE ELETRIFICAÇÃO DA REGIÃO DO ALTO DA PARAÍBA,Cedrap,COOPERATIVA DE ELETRIFICAÇÃO DA REGIÃO DO ALTO DA PARAÍBA,Cedrap — COOPERATIVA DE ELETRIFICAÇÃO DA REGIÃO DO ALTO DA PARAÍBA,96092,P,77,96092.0,13033,19,624.78,0.0014578377963630784,False,19.77271781209674,0.006501894018232527,32.88315789473684,pos_2022,REN_1000,True
2025,1,cedri,cedri,Cedri,COOPERATIVA DE ELETRIFICAÇÃO E DISTRIBUIÇÃO DA REGIÃO DE ITARIRI,Cedri,COOPERATIVA DE ELETRIFICAÇÃO E DISTRIBUIÇÃO DA REGIÃO DE ITARIRI,Cedri — COOPERATIVA DE ELETRIFICAÇÃO E DISTRIBUIÇÃO DA REGIÃO DE ITARIRI,51236,P,91,51236.0,9988,31,5938.1900000000005,0.0031037244693632358,False,60.504332890936055,0.11589878210633149,191.55451612903227,pos_2022,REN_1000,True
2025,1,cegero,cegero,Cegero,COOPERATIVA DE ELETRICIDADE DE SÃO LUDGERO,Cegero,COOPERATIVA DE ELETRICIDADE DE SÃO LUDGERO,Cegero — COOPERATIVA DE ELETRICIDADE DE SÃO LUDGERO,88346,P,80,88346.0,16106,10,126.12,0.0006208866261020738,False,11.319131596223936,0.001427568876915763,12.612,pos_2022,REN_1000,True
2025,1,cejama,cejama,Cejama,COOPERATIVA DE ELETRICIDADE JACINTO MACHADO,Cejama,COOPERATIVA DE ELETRICIDADE JACINTO MACHADO,Cejama — COOPERATIVA DE ELETRICIDADE JACINTO MACHADO,72398,P,87,72398.0,5982,7,201.52,0.001170177198261451,False,9.668775380535374,0.0027835023066935553,28.78857142857143,pos_2022,REN_1000,True
2025,1,celesc,celesc_dis,Celesc-Dis,CELESC DISTRIBUIÇÃO S.A.,Celesc-Dis,CELESC DISTRIBUIÇÃO S.A.,Celesc-Dis — CELESC DISTRIBUIÇÃO S.A.,42541803,GG,9,42541803.0,19030142,390787,19333108.650000002,0.020535159432861824,False,918.5952931990212,0.4544496774149418,49.472241016205764,pos_2022,REN_1000,True
2025,1,celetro,celetro,Celetro,COOPERATIVA DE ELETRIFICAÇÃO CENTRO JACUÍ LTDA.,Celetro,COOPERATIVA DE ELETRIFICAÇÃO CENTRO JACUÍ LTDA.,Celetro — COOPERATIVA DE ELETRIFICAÇÃO CENTRO JACUÍ LTDA.,292157,M,52,292157.0,45636,9,1654.81,0.0001972127267946358,False,3.080535465520251,0.0056641121041084075,183.86777777777777,pos_2022,REN_1000,True
2025,1,cemig,cemig_d,Cemig-D,CEMIG DISTRIBUIÇÃO S.A.,Cemig-D,CEMIG DISTRIBUIÇÃO S.A.,Cemig-D — CEMIG DISTRIBUIÇÃO S.A.,128137826,GG,1,128137826.0,56055721,49799,42312798.18,0.0008883838992990564,False,38.86362173804947,0.33021317358700936,849.6716436073013,pos_2022,REN_1000,True
2025,1,cemirim,cemirim,Cemirim,COOPERATIVA DE ELETRIFICAÇÃO E DESENVOLVIMENTO DA REGIÃO DE MOGI MIRIM,Cemirim,COOPERATIVA DE ELETRIFICAÇÃO E DESENVOLVIMENTO DA REGIÃO DE MOGI MIRIM,Cemirim — COOPERATIVA DE ELETRIFICAÇÃO E DESENVOLVIMENTO DA REGIÃO DE MOGI MIRIM,214588,M,61,214588.0,43634,43,4679.97,0.0009854700462941742,False,20.038399164911365,0.021809094637165172,108.83651162790699,pos_2022,REN_1000,True
2025,1,ceprag,ceprag,Ceprag,COOPERATIVA DE ELETRICIDADE PRAIA GRANDE,Ceprag,COOPERATIVA DE ELETRICIDADE PRAIA GRANDE,Ceprag — COOPERATIVA DE ELETRICIDADE PRAIA GRANDE,280269,M,53,280269.0,69141,59,2698.89,0.000853328705109848,False,21.05120437865051,0.009629641522965436,45.74389830508474,pos_2022,REN_1000,True
2025,1,ceraca,ceraca,Ceraçá,COOPERATIVA DISTRIBUIDORA DE ENERGIA VALE DO ARAÇÁ,Ceraçá,COOPERATIVA DISTRIBUIDORA DE ENERGIA VALE DO ARAÇÁ,Ceraçá — COOPERATIVA DISTRIBUIDORA DE ENERGIA VALE DO ARAÇÁ,166365,M,69,166365.0,41658,47,6633.79,0.001128234672811945,False,28.251134553541913,0.03987491359360442,141.14446808510638,pos_2022,REN_1000,True
2025,1,ceral,ceral_anitapolis,Ceral Anitápolis,COOPERATIVA DE DISTRIBUIÇÃO DE ENERGIA ELÉTRICA DE ANITÁPOLIS,Ceral Anitápolis,COOPERATIVA DE DISTRIBUIÇÃO DE ENERGIA ELÉTRICA DE ANITÁPOLIS,Ceral Anitápolis — COOPERATIVA DE DISTRIBUIÇÃO DE ENERGIA ELÉTRICA DE ANITÁPOLIS,49556,P,92,49556.0,1458,26,0.0,0.01783264746227709,False,52.46589716684156,0.0,0.0,pos_2022,REN_1000,True
2025,1,ceral,ceral_araruama,Ceral Araruama,COOPERATIVA DE ELETRIFICAÇÃO RURAL DE ARARUAMA,Ceral Araruama,COOPERATIVA DE ELETRIFICAÇÃO RURAL DE ARARUAMA,Ceral Araruama — COOPERATIVA DE ELETRIFICAÇÃO RURAL DE ARARUAMA,97198,M,76,97198.0,28912,13,571.84,0.0004496402877697842,False,13.374760797547273,0.005883248626514949,43.98769230769231,pos_2022,REN_1000,True
2025,1,cerbranorte,cerbranorte,Cerbranorte,COOPERATIVA DE ELETRIFICAÇÃO DE BRAÇO DO NORTE,Cerbranorte,COOPERATIVA DE ELETRIFICAÇÃO DE BRAÇO DO NORTE,Cerbranorte — COOPERATIVA DE ELETRIFICAÇÃO DE BRAÇO DO NORTE,223433,M,58,223433.0,84858,16,5275.59,0.00018855028400386527,False,7.160983382042939,0.023611507700294944,329.724375,pos_2022,REN_1000,True
2025,1,cerci,cerci,Cerci,COOPERATIVA DE ELETRIFICAÇÃO RURAL CACHOEIRAS- ITABORAÍ LTDA,Cerci,COOPERATIVA DE ELETRIFICAÇÃO RURAL CACHOEIRAS- ITABORAÍ LTDA,Cerci — COOPERATIVA DE ELETRIFICAÇÃO RURAL CACHOEIRAS- ITABORAÍ LTDA,221227,M,59,221227.0,48437,348,1.37,0.0071845902925449555,False,157.3044881501806,6.192734159935271e-06,0.003936781609195403,pos_2022,REN_1000,True
2025,1,cercos,cercos,Cercos,COOPERATIVA DE ELETRIFICAÇÃO E DESENVOLVIMENTO RURAL CENTRO SUL DE SERGIPE LTDA,Cercos,COOPERATIVA DE ELETRIFICAÇÃO E DESENVOLVIMENTO RURAL CENTRO SUL DE SERGIPE LTDA,Cercos — COOPERATIVA DE ELETRIFICAÇÃO E DESENVOLVIMENTO RURAL CENTRO SUL DE SERGIPE LTDA,84776,P,84,84776.0,3780,5,4179.629999999999,0.0013227513227513227,False,5.897895630838916,0.049302043031046516,835.9259999999998,pos_2022,REN_1000,True
2025,1,cerej,cerej,Cerej,COOPERATIVA DE PRESTAÇÃO DE SERVIÇOS PÚBLICOS DE DISTRIBUIÇÃO DE ENERGIA ELÉTRICA SENADOR ESTEVES JÚNIOR,Cerej,COOPERATIVA DE PRESTAÇÃO DE SERVIÇOS PÚBLICOS DE DISTRIBUIÇÃO DE ENERGIA ELÉTRICA SENADOR ESTEVES JÚNIOR,Cerej — COOPERATIVA DE PRESTAÇÃO DE SERVIÇOS PÚBLICOS DE DISTRIBUIÇÃO DE ENERGIA ELÉTRICA SENADOR ESTEVES JÚNIOR,183950,M,68,183950.0,60907,70,7032.2,0.0011492931846914147,False,38.053818972546885,0.038228866539820605,100.46,pos_2022,REN_1000,True
2025,1,ceres,ceres,Ceres,COOPERATIVA DE ELETRIFICAÇÃO RURAL DE RESENDE LTDA.,Ceres,COOPERATIVA DE ELETRIFICAÇÃO RURAL DE RESENDE LTDA.,Ceres — COOPERATIVA DE ELETRIFICAÇÃO RURAL DE RESENDE LTDA.,73725,P,86,73725.0,15990,53,278.57,0.003314571607254534,False,71.88877585622245,0.0037785011868429973,5.256037735849056,pos_2022,REN_1000,True
2025,1,cerfox,cerfox,Cerfox,COOPERATIVA DE DISTRIBUIÇÃO DE ENERGIA FONTOURA XAVIER,Cerfox,COOPERATIVA DE DISTRIBUIÇÃO DE ENERGIA FONTOURA XAVIER,Cerfox — COOPERATIVA DE DISTRIBUIÇÃO DE ENERGIA FONTOURA XAVIER,198486,M,64,198486.0,32937,56,13480.23,0.0017002155630446002,False,28.213576776195804,0.06791526858317463,240.71839285714285,pos_2022,REN_1000,True
2025,1,cergal,cergal,Cergal,COOPERATIVA DE ELETRIFICAÇÃO RURAL ANITA GARIBALDI LTDA,Cergal,COOPERATIVA DE ELETRIFICAÇÃO RURAL ANITA GARIBALDI LTDA,Cergal — COOPERATIVA DE ELETRIFICAÇÃO RURAL ANITA GARIBALDI LTDA,251375,M,54,251375.0,55434,24,4150.44,0.0004329472886676047,False,9.547488811536548,0.01651094977623073,172.93499999999997,pos_2022,REN_1000,True
2025,1,cergapa,cergapa,Cergapa,COOPERATIVA DE ELETRICIDADE DE GRÃO PARÁ,Cergapa,COOPERATIVA DE ELETRICIDADE DE GRÃO PARÁ,Cergapa — COOPERATIVA DE ELETRICIDADE DE GRÃO PARÁ,48804,P,93,48804.0,1544,0,0.0,0.0,False,0.0,0.0,,pos_2022,REN_1000,True
2025,1,cergral,cergral,Cergral,COOPERATIVA DE ELETRICIDADE DE GRAVATAL,Cergral,COOPERATIVA DE ELETRICIDADE DE GRAVATAL,Cergral — COOPERATIVA DE ELETRICIDADE DE GRAVATAL,86946,P,83,86946.0,25504,11,825.14,0.00043130489335006274,False,12.651530835231062,0.009490258321256871,75.01272727272728,pos_2022,REN_1000,True
2025,1,ceriluz,ceriluz,Ceriluz,COOPERATIVA REGIONAL DE ENERGIA E DESENVOLVIMENTO IJUÍ LTDA,Ceriluz,COOPERATIVA REGIONAL DE ENERGIA E DESENVOLVIMENTO IJUÍ LTDA,Ceriluz — COOPERATIVA REGIONAL DE ENERGIA E DESENVOLVIMENTO IJUÍ LTDA,188457,M,66,188457.0,60352,7,296.46,0.00011598621420996819,False,3.714375162503913,0.0015730909438227286,42.35142857142857,pos_2022,REN_1000,True
2025,1,cerim,cerim,Cerim,COOPERATIVA DE ELETRIFICAÇÃO E DESENVOLVIMENTO DA REGIÃO DE ITU-MAIRINQUE,Cerim,COOPERATIVA DE ELETRIFICAÇÃO E DESENVOLVIMENTO DA REGIÃO DE ITU-MAIRINQUE,Cerim — COOPERATIVA DE ELETRIFICAÇÃO E DESENVOLVIMENTO DA REGIÃO DE ITU-MAIRINQUE,202961,M,63,202961.0,68702,21,6614.75,0.00030566795726470845,False,10.346815398032135,0.03259123674006336,314.98809523809524,pos_2022,REN_1000,True
2025,1,ceripa,ceripa,Ceripa,COOPERATIVA DE ELETRIFICAÇÃO RURAL DE ITAÍ-PARANAPANEMA-AVARÉ,Ceripa,COOPERATIVA DE ELETRIFICAÇÃO RURAL DE ITAÍ-PARANAPANEMA-AVARÉ,Ceripa — COOPERATIVA DE ELETRIFICAÇÃO RURAL DE ITAÍ-PARANAPANEMA-AVARÉ,75708,P,85,75708.0,25760,3,0.0,0.00011645962732919254,False,3.962593120938342,0.0,0.0,pos_2022,REN_1000,True
2025,1,ceris,ceris,Ceris,COOPERATIVA DE ELETRIFICAÇÃO RURAL DA REGIÃO DE ITAPECERICA DA SERRA,Ceris,COOPERATIVA DE ELETRIFICAÇÃO RURAL DA REGIÃO DE ITAPECERICA DA SERRA,Ceris — COOPERATIVA DE ELETRIFICAÇÃO RURAL DA REGIÃO DE ITAPECERICA DA SERRA,89940,P,79,89940.0,21153,14,734.26,0.000661844655604406,False,15.565932844118302,0.008163887035801646,52.44714285714286,pos_2022,REN_1000,True
2025,1,cermc,cermc,Cermc,COOPERATIVA DE ELETRIFICAÇÃO E DESENVOLVIMENTO DA REGIÃO DE MOGI DAS CRUZES,Cermc,COOPERATIVA DE ELETRIFICAÇÃO E DESENVOLVIMENTO DA REGIÃO DE MOGI DAS CRUZES,Cermc — COOPERATIVA DE ELETRIFICAÇÃO E DESENVOLVIMENTO DA REGIÃO DE MOGI DAS CRUZES,44123,P,95,44123.0,14094,19,0.0,0.0013480913864055628,False,43.06144187838542,0.0,0.0,pos_2022,REN_1000,True
2025,1,cermissoes,cermissoes,Cermissões,COOPERATIVA DE DISTRIBUIÇÃO E GERAÇÃO DE ENERGIA DAS MISSÕES,Cermissões,COOPERATIVA DE DISTRIBUIÇÃO E GERAÇÃO DE ENERGIA DAS MISSÕES,Cermissões — COOPERATIVA DE DISTRIBUIÇÃO E GERAÇÃO DE ENERGIA DAS MISSÕES,348307,G,49,348307.0,83616,142,14232.349999999999,0.0016982395713738996,False,40.76863226980796,0.04086151010459164,100.22781690140845,pos_2022,REN_1000,True
2025,1,cermoful,cermoful,Cermoful,COOPERATIVA FUMACENSE DE ELETRICIDADE,Cermoful,COOPERATIVA FUMACENSE DE ELETRICIDADE,Cermoful — COOPERATIVA FUMACENSE DE ELETRICIDADE,184887,M,67,184887.0,41647,28,1021.98,0.0006723173337815449,False,15.144385489515217,0.005527592529490986,36.49928571428571,pos_2022,REN_1000,True
2025,1,cernhe,cernhe,Cernhe,COOPERATIVA DE ELETRIFICAÇÃO E DESENVOLVIMENTO RURAL DA REGIÃO DE NOVO HORIZONTE,Cernhe,COOPERATIVA DE ELETRIFICAÇÃO E DESENVOLVIMENTO RURAL DA REGIÃO DE NOVO HORIZONTE,Cernhe — COOPERATIVA DE ELETRIFICAÇÃO E DESENVOLVIMENTO RURAL DA REGIÃO DE NOVO HORIZONTE,57970,P,90,57970.0,11372,3,262.29,0.00026380583890256773,False,5.175090564084871,0.004524581680179404,87.43,pos_2022,REN_1000,True
2025,1,cerpalo,cerpalo,Cerpalo,COOPERATIVA DE ELETRIFICAÇÃO DE PAULO LOPES,Cerpalo,COOPERATIVA DE ELETRIFICAÇÃO DE PAULO LOPES,Cerpalo — COOPERATIVA DE ELETRIFICAÇÃO DE PAULO LOPES,216615,M,60,216615.0,98203,11,0.0,0.00011201287129721088,False,5.078134016573182,0.0,0.0,pos_2022,REN_1000,True
2025,1,cerpro,cerpro,Cerpro,COOPERATIVA DE ELETRIFICAÇÃO RURAL DA REGIÃO DE PROMISSÃO,Cerpro,COOPERATIVA DE ELETRIFICAÇÃO RURAL DA REGIÃO DE PROMISSÃO,Cerpro — COOPERATIVA DE ELETRIFICAÇÃO RURAL DA REGIÃO DE PROMISSÃO,26244,P,99,26244.0,3636,2,597.1600000000001,0.00055005500550055,False,7.620789513793629,0.02275415333028502,298.58000000000004,pos_2022,REN_1000,True
2025,1,cerrp,cerrp,Cerrp,COOPERATIVA DE ELETRIFICAÇÃO E DESENVOLVIMENTO DA REGIÃO DE SÃO JOSÉ DO RIO PRETO,Cerrp,COOPERATIVA DE ELETRIFICAÇÃO E DESENVOLVIMENTO DA REGIÃO DE SÃO JOSÉ DO RIO PRETO,Cerrp — COOPERATIVA DE ELETRIFICAÇÃO E DESENVOLVIMENTO DA REGIÃO DE SÃO JOSÉ DO RIO PRETO,39714,P,96,39714.0,13722,1,0.0,7.287567409998542e-05,False,2.518003726645515,0.0,0.0,pos_2022,REN_1000,True
2025,1,cersad,cersad,Cersad,COOPERATIVA DE DISTRIBUIÇÃO DE ENERGIA ELÉTRICA SALTO DONNER,Cersad,COOPERATIVA DE DISTRIBUIÇÃO DE ENERGIA ELÉTRICA SALTO DONNER,Cersad — COOPERATIVA DE DISTRIBUIÇÃO DE ENERGIA ELÉTRICA SALTO DONNER,17261,P,101,17261.0,1686,6,332.31,0.0035587188612099642,False,34.76044261630265,0.019252071143039222,55.385,pos_2022,REN_1000,True
2025,1,cersul,cersul,Cersul,COOPERATIVA DE DISTRIBUIÇÃOI DE ENERGIA,Cersul,COOPERATIVA DE DISTRIBUIÇÃOI DE ENERGIA,Cersul — COOPERATIVA DE DISTRIBUIÇÃOI DE ENERGIA,226782,M,57,226782.0,59760,5,1274.67,8.366800535475234e-05,False,2.2047605189124355,0.005620684181284229,254.93400000000003,pos_2022,REN_1000,True
2025,1,certaja,certaja_energia,Certaja Energia,COOPERATIVA REGIONAL DE ENERGIA TAQUARI JACUÍ,Certaja Energia,COOPERATIVA REGIONAL DE ENERGIA TAQUARI JACUÍ,Certaja Energia — COOPERATIVA REGIONAL DE ENERGIA TAQUARI JACUÍ,243207,M,56,243207.0,73561,43,2441.82,0.0005845488778020963,False,17.680412159189498,0.010040089306640023,56.78651162790698,pos_2022,REN_1000,True
2025,1,certel,certel_energia,Certel Energia,COOPERATIVA DE DISTRIBUIÇÃO DE ENERGIA TEUTÔNIA,Certel Energia,COOPERATIVA DE DISTRIBUIÇÃO DE ENERGIA TEUTÔNIA,Certel Energia — COOPERATIVA DE DISTRIBUIÇÃO DE ENERGIA TEUTÔNIA,921316,G,40,921316.0,164195,164,155224.88,0.0009988123877097354,False,17.80062432433606,0.1684816935774479,946.4931707317073,pos_2022,REN_1000,True
2025,1,certhil,certhil,Certhil,COOPERATIVA DE DISTRIBUIÇÃO DE ENERGIA ENTRE RIOS LTDA,Certhil,COOPERATIVA DE DISTRIBUIÇÃO DE ENERGIA ENTRE RIOS LTDA,Certhil — COOPERATIVA DE DISTRIBUIÇÃO DE ENERGIA ENTRE RIOS LTDA,108405,M,73,108405.0,19909,20,1347.21,0.0010045707971269276,False,18.44933351782667,0.012427563304275633,67.3605,pos_2022,REN_1000,True
2025,1,certrel,certrel,Certrel,COOPERATIVA DE ENERGIA TREVISO,Certrel,COOPERATIVA DE ENERGIA TREVISO,Certrel — COOPERATIVA DE ENERGIA TREVISO,59305,P,88,59305.0,11713,26,2420.34,0.0022197558268590455,False,43.84116010454431,0.040811735941320294,93.09,pos_2022,REN_1000,True
2025,1,cervam,cervam,Cervam,COOPERATIVA DE ENERGIZAÇÃO E DE DESENVOLVIMENTO DO VALE DO MOGI,Cervam,COOPERATIVA DE ENERGIZAÇÃO E DE DESENVOLVIMENTO DO VALE DO MOGI,Cervam — COOPERATIVA DE ENERGIZAÇÃO E DE DESENVOLVIMENTO DO VALE DO MOGI,58385,P,89,58385.0,10219,9,0.0,0.0008807123984734318,False,15.414918215295025,0.0,0.0,pos_2022,REN_1000,True
2025,1,cetril,cetril,Cetril,COOPERATIVA DE ELETRIFICAÇÃO DE IBIÚNA E REGIÃO,Cetril,COOPERATIVA DE ELETRIFICAÇÃO DE IBIÚNA E REGIÃO,Cetril — COOPERATIVA DE ELETRIFICAÇÃO DE IBIÚNA E REGIÃO,409368,G,48,409368.0,105178,21,1679.65,0.00019966152617467532,False,5.129858709034414,0.0041030319907760255,79.98333333333333,pos_2022,REN_1000,True
2025,1,chesp,chesp,Chesp,COMPANHIA HIDROELÉTRICA SÃO PATRÍCIO,Chesp,COMPANHIA HIDROELÉTRICA SÃO PATRÍCIO,Chesp — COMPANHIA HIDROELÉTRICA SÃO PATRÍCIO,467262,G,46,467262.0,64181,307,309.82,0.004783347096492732,False,65.70189743655594,0.0006630541323711322,1.009185667752443,pos_2022,REN_1000,True
2025,1,cocel,cocel,Cocel,COMPANHIA CAMPOLARGUENSE DE ENERGIA,Cocel,COMPANHIA CAMPOLARGUENSE DE ENERGIA,Cocel — COMPANHIA CAMPOLARGUENSE DE ENERGIA,659259,G,41,659259.0,185003,71,16452.68,0.000383777560363886,False,10.76966715661068,0.024956322173834564,231.72788732394366,pos_2022,REN_1000,True
2025,1,coopera,coopera,Coopera,COOPERATIVA PIONEIRA DE ELETRIFICAÇÃO,Coopera,COOPERATIVA PIONEIRA DE ELETRIFICAÇÃO,Coopera — COOPERATIVA PIONEIRA DE ELETRIFICAÇÃO,342767,G,50,342767.0,104773,40,2293.98,0.00038177774808395294,False,11.669734834450225,0.006692534578883032,57.3495,pos_2022,REN_1000,True
2025,1,cooperalianca,cooperalianca,Cooperaliança,COOPERATIVA ALIANÇA,Cooperaliança,COOPERATIVA ALIANÇA,Cooperaliança — COOPERATIVA ALIANÇA,505321,G,44,505321.0,160164,37,5997.71,0.00023101321145825528,False,7.322078441228447,0.011869108942632505,162.10027027027027,pos_2022,REN_1000,True
2025,1,coopercocal,coopercocal,Coopercocal,COOPERATIVA ENERGÉTICA COCAL,Coopercocal,COOPERATIVA ENERGÉTICA COCAL,Coopercocal — COOPERATIVA ENERGÉTICA COCAL,146233,M,71,146233.0,30626,3,1234.07,9.795598511069027e-05,False,2.051520518624387,0.008439066421395991,411.3566666666666,pos_2022,REN_1000,True
2025,1,cooperluz,cooperluz,Cooperluz,COOPERATIVA DISTRIBUIDORA DE ENERGIA FRONTEIRA NOROESTE,Cooperluz,COOPERATIVA DISTRIBUIDORA DE ENERGIA FRONTEIRA NOROESTE,Cooperluz — COOPERATIVA DISTRIBUIDORA DE ENERGIA FRONTEIRA NOROESTE,210890,M,62,210890.0,41994,5,809.98,0.0001190646282802305,False,2.3709042628858645,0.0038407700697045853,161.996,pos_2022,REN_1000,True
2025,1,coopermila,coopermila,Coopermila,COOPERATIVA DE ELETRIFICAÇÃO LAURO MÜLLER,Coopermila,COOPERATIVA DE ELETRIFICAÇÃO LAURO MÜLLER,Coopermila — COOPERATIVA DE ELETRIFICAÇÃO LAURO MÜLLER,17856,P,100,17856.0,658,7,2605.25,0.010638297872340425,False,39.202508960573475,0.14590333781362008,372.17857142857144,pos_2022,REN_1000,True
2025,1,coopernorte,coopernorte,Coopernorte,COOPERATIVA REGIONAL DE DISTRIBUIÇÃO DE ENERGIA DO LITORAL NORTE,Coopernorte,COOPERATIVA REGIONAL DE DISTRIBUIÇÃO DE ENERGIA DO LITORAL NORTE,Coopernorte — COOPERATIVA REGIONAL DE DISTRIBUIÇÃO DE ENERGIA DO LITORAL NORTE,87242,P,82,87242.0,54834,31,3881.06,0.0005653426706058285,False,35.533344031544445,0.0444861419958277,125.19548387096773,pos_2022,REN_1000,True
2025,1,coopersul,coopersul,Coopersul,COOPERATIVA REGIONAL DE ELETRIFICAÇÃO RURAL FRONTEIRA SUL LTDA,Coopersul,COOPERATIVA REGIONAL DE ELETRIFICAÇÃO RURAL FRONTEIRA SUL LTDA,Coopersul — COOPERATIVA REGIONAL DE ELETRIFICAÇÃO RURAL FRONTEIRA SUL LTDA,26752,P,98,26752.0,8144,169,369.73,0.02075147347740668,False,631.7284688995215,0.013820648923444976,2.187751479289941,pos_2022,REN_1000,True
2025,1,cooperzem,cooperzem,Cooperzem,COOPERZEM COOPERATIVA DE DISTRIBUIÇÃO DE ENERGIA ELÉTRICA,Cooperzem,COOPERZEM COOPERATIVA DE DISTRIBUIÇÃO DE ENERGIA ELÉTRICA,Cooperzem — COOPERZEM COOPERATIVA DE DISTRIBUIÇÃO DE ENERGIA ELÉTRICA,88065,P,81,88065.0,28545,1,0.0,3.503240497460151e-05,False,1.135524896383353,0.0,0.0,pos_2022,REN_1000,True
2025,1,coorsel,coorsel,Coorsel,COOPERATIVA REGIONAL SUL DE ELETRIFICAÇÃO RURAL,Coorsel,COOPERATIVA REGIONAL SUL DE ELETRIFICAÇÃO RURAL,Coorsel — COOPERATIVA REGIONAL SUL DE ELETRIFICAÇÃO RURAL,116310,M,72,116310.0,18366,5,469.19,0.00027224218664924317,False,4.2988565041698905,0.004033960966382942,93.838,pos_2022,REN_1000,True
2025,1,copel,copel_dis,Copel-Dis,COPEL DISTRIBUIÇÃO S.A.,Copel-Dis,COPEL DISTRIBUIÇÃO S.A.,Copel-Dis — COPEL DISTRIBUIÇÃO S.A.,64318959,GG,4,64318959.0,15734669,10129,2503281.5387,0.0006437377233674251,False,15.748078261030313,0.0389198080569059,247.1400472603416,pos_2022,REN_1000,True
2025,1,coprel,coprel,Coprel,COPREL COOPERATIVA DE ENERGIA,Coprel,COPREL COOPERATIVA DE ENERGIA,Coprel — COPREL COOPERATIVA DE ENERGIA,658139,G,42,658139.0,15212,1173,27364.58,0.0771101761767026,False,178.2298268298946,0.041578724251259996,23.328712702472295,pos_2022,REN_1000,True
2025,1,cpfl,cpfl_paulista,CPFL Paulista,COMPANHIA PAULISTA DE FORÇA E LUZ,CPFL Paulista,COMPANHIA PAULISTA DE FORÇA E LUZ,CPFL Paulista — COMPANHIA PAULISTA DE FORÇA E LUZ,61226839,GG,5,61226839.0,27733950,21159,7686946.6618,0.0007629277473998475,False,34.55837398367079,0.12554864479938282,363.2944213715204,pos_2022,REN_1000,True
2025,1,cpfl,cpfl_piratininga,CPFL Piratininga,COMPANHIA PIRATININGA DE FORÇA E LUZ,CPFL Piratininga,COMPANHIA PIRATININGA DE FORÇA E LUZ,CPFL Piratininga — COMPANHIA PIRATININGA DE FORÇA E LUZ,23980216,GG,17,23980216.0,9834665,4916,1706306.3204,0.0004998645098740018,False,20.50023235820728,0.07115475191716372,347.09241668022787,pos_2022,REN_1000,True
2025,1,cpfl,cpfl_santa_cruz,CPFL Santa Cruz,COMPANHIA JAGUARI DE ENERGIA - CPFL SANTA CRUZ,CPFL Santa Cruz,COMPANHIA JAGUARI DE ENERGIA - CPFL SANTA CRUZ,CPFL Santa Cruz — COMPANHIA JAGUARI DE ENERGIA - CPFL SANTA CRUZ,6241264,G,33,6241264.0,2387897,1436,763491.7206,0.0006013659718153672,False,23.008159885561643,0.12232966280548299,531.6794711699164,pos_2022,REN_1000,True
2025,1,creluz_d,creluz_d,Creluz-D,COOPERATIVA DE DISTRIBUIÇÃO DE ENERGIA,Creluz-D,COOPERATIVA DE DISTRIBUIÇÃO DE ENERGIA,Creluz-D — COOPERATIVA DE DISTRIBUIÇÃO DE ENERGIA,309903,G,51,309903.0,44004,17,4622.889999999999,0.00038632851558949186,False,5.485587425742894,0.014917216032113273,271.9347058823529,pos_2022,REN_1000,True
2025,1,creral,creral,Creral,COOPERATIVA REGIONAL DE ELETRIFICAÇÃO RURAL DO ALTO URUGUAI,Creral,COOPERATIVA REGIONAL DE ELETRIFICAÇÃO RURAL DO ALTO URUGUAI,Creral — COOPERATIVA REGIONAL DE ELETRIFICAÇÃO RURAL DO ALTO URUGUAI,97540,M,75,97540.0,15745,104,9024.570000000002,0.006605271514766592,False,106.62292392864465,0.0925217346729547,86.77471153846156,pos_2022,REN_1000,True
2025,1,dcelt,dcelt,Dcelt,DISTRIBUIDORA CATARINENSE DE ENERGIA ELÉTRICA S/A.,Dcelt,DISTRIBUIDORA CATARINENSE DE ENERGIA ELÉTRICA S/A.,Dcelt — DISTRIBUIDORA CATARINENSE DE ENERGIA ELÉTRICA S/A.,511269,G,43,511269.0,72270,1477,41850.42,0.020437249204372492,False,288.88901928339095,0.0818559701448748,28.334746106973594,pos_2022,REN_1000,True
2025,1,demei,demei,Demei,DEPARTAMENTO MUNICIPAL DE ENERGIA DE IJUÍ,Demei,DEPARTAMENTO MUNICIPAL DE ENERGIA DE IJUÍ,Demei — DEPARTAMENTO MUNICIPAL DE ENERGIA DE IJUÍ,448596,G,47,448596.0,87450,57,6909.650000000001,0.0006518010291595198,False,12.706310354974187,0.015402834621797788,121.22192982456141,pos_2022,REN_1000,True
2025,1,dmed,dmed,Dmed,DME DISTRIBUIÇÃO S.A.,Dmed,DME DISTRIBUIÇÃO S.A.,Dmed — DME DISTRIBUIÇÃO S.A.,999893,G,39,999893.0,329059,4218,136297.47,0.012818369957971063,False,421.84513742970495,0.13631205538992672,32.31329302987198,pos_2022,REN_1000,True
2025,1,edp,edp_es,EDP ES,EDP ESPÍRITO SANTO DISTRIBUIÇÃO DE ENERGIA S.A.,EDP ES,EDP ESPÍRITO SANTO DISTRIBUIÇÃO DE ENERGIA S.A.,EDP ES — EDP ESPÍRITO SANTO DISTRIBUIÇÃO DE ENERGIA S.A.,22175247,GG,21,22175247.0,10505713,8936,7010581.7700000005,0.0008505848198975167,False,40.297183611979605,0.31614447270869184,784.5324272605193,pos_2022,REN_1000,True
2025,1,edp,edp_sp,EDP SP,EDP SÃO PAULO DISTRIBUIÇÃO DE ENERGIA S.A.,EDP SP,EDP SÃO PAULO DISTRIBUIÇÃO DE ENERGIA S.A.,EDP SP — EDP SÃO PAULO DISTRIBUIÇÃO DE ENERGIA S.A.,27717944,GG,16,27717944.0,13114473,15443,7383079.4766,0.0011775539893978202,False,55.714810593455276,0.2663646147997124,478.0858302531891,pos_2022,REN_1000,True
2025,1,eflul,eflul,Eflul,EMPRESA FORÇA E LUZ DE URUSSANGA LTDA.,Eflul,EMPRESA FORÇA E LUZ DE URUSSANGA LTDA.,Eflul — EMPRESA FORÇA E LUZ DE URUSSANGA LTDA.,92553,P,78,92553.0,12270,172,41.46,0.014017929910350448,False,185.83946495521485,0.0004479595475025121,0.241046511627907,pos_2022,REN_1000,True
2025,1,eletrocar,eletrocar,Eletrocar,CENTRAIS ELÉTRICAS DE CARAZINHO S.A.,Eletrocar,CENTRAIS ELÉTRICAS DE CARAZINHO S.A.,Eletrocar — CENTRAIS ELÉTRICAS DE CARAZINHO S.A.,485011,G,45,485011.0,123966,261,25646.739999999998,0.0021054160011616087,False,53.81321248384057,0.05287867697846028,98.26337164750957,pos_2022,REN_1000,True
2025,1,enel,enel_ce,Enel CE,COMPANHIA ENERGÉTICA DO CEARÁ,Enel CE,COMPANHIA ENERGÉTICA DO CEARÁ,Enel CE — COMPANHIA ENERGÉTICA DO CEARÁ,51563889,GG,7,51563889.0,13108905,27974,20058850.50108,0.0021339692369423684,False,54.251144633408074,0.38900965171730933,717.0533531522127,pos_2022,REN_1000,True
2025,1,enel,enel_go,Enel GO,CELG DISTRIBUIÇÃO S.A.,Enel GO,CELG DISTRIBUIÇÃO S.A.,Enel GO — CELG DISTRIBUIÇÃO S.A.,42519162,GG,10,42519162.0,16146318,20077,7994294.3,0.0012434413839737333,False,47.21871047223367,0.18801627134608156,398.1817153957264,pos_2022,REN_1000,True
2025,1,enel,enel_rj,Enel RJ,AMPLA ENERGIA E SERVIÇOS S.A.,Enel RJ,AMPLA ENERGIA E SERVIÇOS S.A.,Enel RJ — AMPLA ENERGIA E SERVIÇOS S.A.,37380032,GG,12,37380032.0,9839070,9000,9587764.628800001,0.0009147205985931597,False,24.077025937270466,0.25649428627562443,1065.307180977778,pos_2022,REN_1000,True
2025,1,enel,enel_sp,Enel SP,ELETROPAULO METROPOLITANA ELETRICIDADE DE SÃO PAULO S.A.,Enel SP,ELETROPAULO METROPOLITANA ELETRICIDADE DE SÃO PAULO S.A.,Enel SP — ELETROPAULO METROPOLITANA ELETRICIDADE DE SÃO PAULO S.A.,103295686,GG,2,103295686.0,31588257,26791,7883179.839799999,0.000848131633220535,False,25.93622351276122,0.07631664152750774,294.24731588219925,pos_2022,REN_1000,True
2025,1,energisa,energisa_ac,Energisa AC,ENERGISA ACRE - DISTRIBUIDORA DE ENERGIA S.A.,Energisa AC,ENERGISA ACRE - DISTRIBUIDORA DE ENERGIA S.A.,Energisa AC — ENERGISA ACRE - DISTRIBUIDORA DE ENERGIA S.A.,4611069,G,34,4611069.0,342217,6177,1385328.06,0.01804995076223566,False,133.96025954068352,0.30043533506004794,224.27198640116563,pos_2022,REN_1000,True
2025,1,energisa,energisa_minas_rio,Energisa Minas Rio,ENERGISA MINAS RIO - DISTRIBUIDORA DE ENERGIA S.A.,Energisa Minas Rio,ENERGISA MINAS RIO - DISTRIBUIDORA DE ENERGIA S.A.,Energisa Minas Rio — ENERGISA MINAS RIO - DISTRIBUIDORA DE ENERGIA S.A.,7716702,G,32,7716702.0,624421,5571,1143648.12,0.008921865215936043,False,72.19405388467767,0.14820426135413808,205.2859666128164,pos_2022,REN_1000,True
2025,1,energisa,energisa_ms,Energisa MS,ENERGISA MATO GROSSO DO SUL DISTRIBUIDORA DE ENERGIA S.A.,Energisa MS,ENERGISA MATO GROSSO DO SUL DISTRIBUIDORA DE ENERGIA S.A.,Energisa MS — ENERGISA MATO GROSSO DO SUL DISTRIBUIDORA DE ENERGIA S.A.,18158055,GG,24,18158055.0,1928502,12398,3461325.69,0.006428824030257682,False,68.27823795004475,0.19062205120537415,279.1841982577835,pos_2022,REN_1000,True
2025,1,energisa,energisa_mt,Energisa MT,ENERGISA MATO GROSSO DISTRIBUIDORA DE ENERGIA S.A.,Energisa MT,ENERGISA MATO GROSSO DISTRIBUIDORA DE ENERGIA S.A.,Energisa MT — ENERGISA MATO GROSSO DISTRIBUIDORA DE ENERGIA S.A.,22983443,GG,20,22983443.0,2956309,13115,5552065.4399999995,0.00443627509844201,False,57.062816915637924,0.2415680470502178,423.3370522302706,pos_2022,REN_1000,True
2025,1,energisa,energisa_pb,Energisa PB,ENERGISA PARAÍBA DISTRIBUIDORA DE ENERGIA S.A.,Energisa PB,ENERGISA PARAÍBA DISTRIBUIDORA DE ENERGIA S.A.,Energisa PB — ENERGISA PARAÍBA DISTRIBUIDORA DE ENERGIA S.A.,23958783,GG,18,23958783.0,1528183,15207,3258596.0300000003,0.009951033351372185,False,63.47150437482572,0.13600841202994327,214.28263497073718,pos_2022,REN_1000,True
2025,1,energisa,energisa_ro,Energisa RO,ENERGISA RONDÔNIA DISTRIBUIDORA DE ENERGIA S.A.,Energisa RO,ENERGISA RONDÔNIA DISTRIBUIDORA DE ENERGIA S.A.,Energisa RO — ENERGISA RONDÔNIA DISTRIBUIDORA DE ENERGIA S.A.,12758792,G,28,12758792.0,1198090,7761,4997325.609999999,0.00647781051506982,False,60.82864271162975,0.3916770184826275,643.9022819224326,pos_2022,REN_1000,True
2025,1,energisa,energisa_se,Energisa SE,ENERGISA SERGIPE DISTRIBUIDORA DE ENERGIA S.A.,Energisa SE,ENERGISA SERGIPE DISTRIBUIDORA DE ENERGIA S.A.,Energisa SE — ENERGISA SERGIPE DISTRIBUIDORA DE ENERGIA S.A.,11333060,G,30,11333060.0,664491,2141,583212.83,0.003222015046102957,False,18.8916320923034,0.051461196711214796,272.40206912657635,pos_2022,REN_1000,True
2025,1,energisa,energisa_sul_sudeste,Energisa Sul-Sudeste,ENERGISA SUL-SUDESTE DISTRIBUIDORA DE ENERGIA S.A.,Energisa Sul-Sudeste,ENERGISA SUL-SUDESTE DISTRIBUIDORA DE ENERGIA S.A.,Energisa Sul-Sudeste — ENERGISA SUL-SUDESTE DISTRIBUIDORA DE ENERGIA S.A.,12699916,G,29,12699916.0,924883,3669,1058328.559686,0.003966988256893034,False,28.88995486269358,0.08333350863785241,288.451501686018,pos_2022,REN_1000,True
2025,1,energisa,energisa_to,Energisa TO,ENERGISA TOCANTINS DISTRIBUIDORA DE ENERGIA S.A.,Energisa TO,ENERGISA TOCANTINS DISTRIBUIDORA DE ENERGIA S.A.,Energisa TO — ENERGISA TOCANTINS DISTRIBUIDORA DE ENERGIA S.A.,10284309,G,31,10284309.0,918487,4924,1047614.1599999999,0.005360990411404843,False,47.87876365830704,0.10186529401246111,212.75673436230704,pos_2022,REN_1000,True
2025,1,equatorial,cea_equatorial,CEA Equatorial,COMPANHIA DE ELETRICIDADE DO AMAPA,CEA Equatorial,COMPANHIA DE ELETRICIDADE DO AMAPA,CEA Equatorial — COMPANHIA DE ELETRICIDADE DO AMAPA,3226577,G,35,3226577.0,156973,2089,1713057.45,0.01330802112465201,False,64.74353471186338,0.5309209884035,820.0370751555768,pos_2022,REN_1000,True
2025,1,equatorial,ceee_equatorial,CEEE Equatorial,COMPANHIA ESTADUAL DE DISTRIBUIÇÃO DE ENERGIA ELÉTRICA,CEEE Equatorial,COMPANHIA ESTADUAL DE DISTRIBUIÇÃO DE ENERGIA ELÉTRICA,CEEE Equatorial — COMPANHIA ESTADUAL DE DISTRIBUIÇÃO DE ENERGIA ELÉTRICA,23839367,GG,19,23839367.0,8706009,7060,5318498.970000001,0.0008109341490457913,False,29.614880294430634,0.22309732343144853,753.3284660056659,pos_2022,REN_1000,True
2025,1,equatorial,equatorial_al,Equatorial AL,EQUATORIAL ALAGOAS DISTRIBUIDORA DE ENERGIA S.A.,Equatorial AL,EQUATORIAL ALAGOAS DISTRIBUIDORA DE ENERGIA S.A.,Equatorial AL — EQUATORIAL ALAGOAS DISTRIBUIDORA DE ENERGIA S.A.,16935181,GG,25,16935181.0,532229,3066,1696745.06,0.005760678204306793,False,18.104323774277937,0.1001905477124809,553.406738421396,pos_2022,REN_1000,True
2025,1,equatorial,equatorial_ma,Equatorial MA,EQUATORIAL MARANHÃO DISTRIBUIDORA DE ENERGIA S.A.,Equatorial MA,EQUATORIAL MARANHÃO DISTRIBUIDORA DE ENERGIA S.A.,Equatorial MA — EQUATORIAL MARANHÃO DISTRIBUIDORA DE ENERGIA S.A.,34240102,GG,15,34240102.0,908081,7662,5528645.99,0.008437573300179168,False,22.377269787338836,0.16146698365559775,721.5669524928218,pos_2022,REN_1000,True
2025,1,equatorial,equatorial_pa,Equatorial PA,EQUATORIAL PARÁ DISTRIBUIDORA DE ENERGIA S.A.,Equatorial PA,EQUATORIAL PARÁ DISTRIBUIDORA DE ENERGIA S.A.,Equatorial PA — EQUATORIAL PARÁ DISTRIBUIDORA DE ENERGIA S.A.,34417693,GG,14,34417693.0,1562317,2984,5949178.49,0.0019099836972906266,False,8.669959372349565,0.172852331793418,1993.692523458445,pos_2022,REN_1000,True
2025,1,equatorial,equatorial_pi,Equatorial PI,EQUATORIAL PIAUÍ DISTRIBUIDORA DE ENERGIA S.A.,Equatorial PI,EQUATORIAL PIAUÍ DISTRIBUIDORA DE ENERGIA S.A.,Equatorial PI — EQUATORIAL PIAUÍ DISTRIBUIDORA DE ENERGIA S.A.,18729996,GG,23,18729996.0,558459,6374,2925041.31,0.011413550502364542,False,34.03097363181498,0.15616881658704038,458.9019940382805,pos_2022,REN_1000,True
2025,1,forcel,forcel,Forcel,FORÇA E LUZ CORONEL VIVIDA LTDA,Forcel,FORÇA E LUZ CORONEL VIVIDA LTDA,Forcel — FORÇA E LUZ CORONEL VIVIDA LTDA,107406,M,74,107406.0,18719,64,686.35,0.0034189860569474864,False,59.58698769156285,0.006390238906578776,10.72421875,pos_2022,REN_1000,True
2025,1,hidropan,hidropan,Hidropan,HIDROPAN DISTRIBUIÇÃO DE ENERGIA S.A.,Hidropan,HIDROPAN DISTRIBUIÇÃO DE ENERGIA S.A.,Hidropan — HIDROPAN DISTRIBUIÇÃO DE ENERGIA S.A.,245588,M,55,245588.0,39455,9,1377.08,0.00022810797110632365,False,3.6646741697477077,0.005607277228529081,153.0088888888889,pos_2022,REN_1000,True
2025,1,joao,joao_cesa,João Cesa,EMPRESA FORÇA E LUZ JOÃO CESA LTDA.,João Cesa,EMPRESA FORÇA E LUZ JOÃO CESA LTDA.,João Cesa — EMPRESA FORÇA E LUZ JOÃO CESA LTDA.,48772,P,94,48772.0,4284,6,77.21000000000001,0.0014005602240896359,False,12.302140572459608,0.0015830804559993441,12.868333333333334,pos_2022,REN_1000,True
2025,1,light,light,Light,LIGHT SERVIÇOS DE ELETRICIDADE S.A.,Light,LIGHT SERVIÇOS DE ELETRICIDADE S.A.,Light — LIGHT SERVIÇOS DE ELETRICIDADE S.A.,56108510,GG,6,56108510.0,34368675,2395,4557598.351002,6.968554941381942e-05,False,4.268514704810376,0.08122829052138437,1902.9638208776619,pos_2022,REN_1000,True
2025,1,mux,mux_energia,Mux Energia,"MUXFELDT, MARIN & CIA LTDA",Mux Energia,"MUXFELDT, MARIN & CIA LTDA","Mux Energia — MUXFELDT, MARIN & CIA LTDA",157789,M,70,157789.0,28523,4,1030.6100000000001,0.0001402377029064264,False,2.5350309590655877,0.0065315706418064634,257.65250000000003,pos_2022,REN_1000,True
2025,1,neoenergia,neoenergia_brasilia,Neoenergia Brasília,NEOENERGIA DISTRIBUIÇÃO BRASÍLIA S.A.,Neoenergia Brasília,NEOENERGIA DISTRIBUIÇÃO BRASÍLIA S.A.,Neoenergia Brasília — NEOENERGIA DISTRIBUIÇÃO BRASÍLIA S.A.,14552444,GG,26,14552444.0,549555,3035,4272767.300000001,0.0055226501442075865,False,20.85560336119486,0.29361166413009393,1407.831070840198,pos_2022,REN_1000,True
2025,1,neoenergia,neoenergia_coelba,Neoenergia Coelba,COMPANHIA DE ELETRICIDADE DO ESTADO DA BAHIA,Neoenergia Coelba,COMPANHIA DE ELETRICIDADE DO ESTADO DA BAHIA,Neoenergia Coelba — COMPANHIA DE ELETRICIDADE DO ESTADO DA BAHIA,83475206,GG,3,83475206.0,40075691,23697,35872530.09,0.0005913060862755929,False,28.38807010551133,0.42973874290289266,1513.800484871503,pos_2022,REN_1000,True
2025,1,neoenergia,neoenergia_cosern,Neoenergia Cosern,COMPANHIA ENERGÉTICA DO RIO GRANDE DO NORTE,Neoenergia Cosern,COMPANHIA ENERGÉTICA DO RIO GRANDE DO NORTE,Neoenergia Cosern — COMPANHIA ENERGÉTICA DO RIO GRANDE DO NORTE,19613957,GG,22,19613957.0,5513087,1840,1180588.79773975,0.00033375130847744646,False,9.381074915173924,0.060191260628324514,641.6243465976902,pos_2022,REN_1000,True
2025,1,neoenergia,neoenergia_elektro,Neoenergia Elektro,ELEKTRO REDES S.A.,Neoenergia Elektro,ELEKTRO REDES S.A.,Neoenergia Elektro — ELEKTRO REDES S.A.,36737771,GG,13,36737771.0,44924879,734,502892.99,1.6338385686024888e-05,False,1.9979437511328602,0.013688718077098363,685.1403133514987,pos_2022,REN_1000,True
2025,1,neoenergia,neoenergia_pernambuco,Neoenergia Pernambuco,COMPANHIA ENERGÉTICA DE PERNAMBUCO,Neoenergia Pernambuco,COMPANHIA ENERGÉTICA DE PERNAMBUCO,Neoenergia Pernambuco — COMPANHIA ENERGÉTICA DE PERNAMBUCO,50212957,GG,8,50212957.0,1481135,8895,6894282.01,0.006005529543221921,False,17.714551246205236,0.13730085662949504,775.0738628442945,pos_2022,REN_1000,True
2025,1,nova,nova_palma,Nova Palma,NOVA PALMA ENERGIA LTDA.,Nova Palma,NOVA PALMA ENERGIA LTDA.,Nova Palma — NOVA PALMA ENERGIA LTDA.,191472,M,65,191472.0,54355,26,634.41,0.00047833685953454147,False,13.579008941255118,0.003313330408623715,24.400384615384613,pos_2022,REN_1000,True
2025,1,rge,rge,RGE,RGE SUL DISTRIBUIDORA DE ENERGIA S.A.,RGE,RGE SUL DISTRIBUIDORA DE ENERGIA S.A.,RGE — RGE SUL DISTRIBUIDORA DE ENERGIA S.A.,37889306,GG,11,37889306.0,15175540,3921,2667010.1066000005,0.00025837630819068054,False,10.34856642663236,0.07038952116462625,680.1862041826066,pos_2022,REN_1000,True
2025,1,roraima,roraima_energia,Roraima Energia,RORAIMA ENERGIA S.A.,Roraima Energia,RORAIMA ENERGIA S.A.,Roraima Energia — RORAIMA ENERGIA S.A.,2719247,G,36,2719247.0,133304,824,374302.9,0.006181359899177819,False,30.302506539494207,0.13764946692963162,454.25109223300973,pos_2022,REN_1000,True
2025,1,santa,santa_maria,Santa Maria,EMPRESA LUZ E FORÇA SANTA MARIA S.A.,Santa Maria,EMPRESA LUZ E FORÇA SANTA MARIA S.A.,Santa Maria — EMPRESA LUZ E FORÇA SANTA MARIA S.A.,1711726,G,38,1711726.0,177097,57,7844.3099999999995,0.000321857513114282,False,3.3299722034951853,0.004582690220280582,137.6194736842105,pos_2022,REN_1000,True
2025,1,sulgipe,sulgipe,Sulgipe,COMPANHIA SUL SERGIPANA DE ELETRICIDADE,Sulgipe,COMPANHIA SUL SERGIPANA DE ELETRICIDADE,Sulgipe — COMPANHIA SUL SERGIPANA DE ELETRICIDADE,1920563,G,37,1920563.0,111366,73,18621.350000000002,0.0006554962915072823,False,3.800968778425909,0.009695776707142646,255.0869863013699,pos_2022,REN_1000,True
