ano,mes,group_id,distributor_id,sigagente,nomagente,distributor_name_sig,distributor_name_legal,distributor_label,uc_ativa_mes,periodo_regulatorio,regime_regulatorio
2023,1,amazonas,amazonas_energia,Amazonas Energia,AMAZONAS ENERGIA S.A.,Amazonas Energia,AMAZONAS ENERGIA S.A.,Amazonas Energia — AMAZONAS ENERGIA S.A.,1134584,pos_2022,REN_1000
2023,1,castro_dis,castro_dis,Castro-Dis,COOPERATIVA DE DISTRIBUIÇÃO DE ENERGIA ELÉTRICA DE CASTRO,Castro-Dis,COOPERATIVA DE DISTRIBUIÇÃO DE ENERGIA ELÉTRICA DE CASTRO,Castro-Dis — COOPERATIVA DE DISTRIBUIÇÃO DE ENERGIA ELÉTRICA DE CASTRO,2304,pos_2022,REN_1000
2023,1,cedrap,cedrap,Cedrap,COOPERATIVA DE ELETRIFICAÇÃO DA REGIÃO DO ALTO DA PARAÍBA,Cedrap,COOPERATIVA DE ELETRIFICAÇÃO DA REGIÃO DO ALTO DA PARAÍBA,Cedrap — COOPERATIVA DE ELETRIFICAÇÃO DA REGIÃO DO ALTO DA PARAÍBA,7524,pos_2022,REN_1000
2023,1,cedri,cedri,Cedri,COOPERATIVA DE ELETRIFICAÇÃO E DISTRIBUIÇÃO DA REGIÃO DE ITARIRI,Cedri,COOPERATIVA DE ELETRIFICAÇÃO E DISTRIBUIÇÃO DA REGIÃO DE ITARIRI,Cedri — COOPERATIVA DE ELETRIFICAÇÃO E DISTRIBUIÇÃO DA REGIÃO DE ITARIRI,3017,pos_2022,REN_1000
2023,1,cegero,cegero,Cegero,COOPERATIVA DE ELETRICIDADE DE SÃO LUDGERO,Cegero,COOPERATIVA DE ELETRICIDADE DE SÃO LUDGERO,Cegero — COOPERATIVA DE ELETRICIDADE DE SÃO LUDGERO,6787,pos_2022,REN_1000
2023,1,celetro,celetro,Celetro,COOPERATIVA DE ELETRIFICAÇÃO CENTRO JACUÍ LTDA.,Celetro,COOPERATIVA DE ELETRIFICAÇÃO CENTRO JACUÍ LTDA.,Celetro — COOPERATIVA DE ELETRIFICAÇÃO CENTRO JACUÍ LTDA.,23894,pos_2022,REN_1000
2023,1,cemig,cemig_d,Cemig-D,CEMIG DISTRIBUIÇÃO S.A.,Cemig-D,CEMIG DISTRIBUIÇÃO S.A.,Cemig-D — CEMIG DISTRIBUIÇÃO S.A.,10253766,pos_2022,REN_1000
2023,1,cemirim,cemirim,Cemirim,COOPERATIVA DE ELETRIFICAÇÃO E DESENVOLVIMENTO DA REGIÃO DE MOGI MIRIM,Cemirim,COOPERATIVA DE ELETRIFICAÇÃO E DESENVOLVIMENTO DA REGIÃO DE MOGI MIRIM,Cemirim — COOPERATIVA DE ELETRIFICAÇÃO E DESENVOLVIMENTO DA REGIÃO DE MOGI MIRIM,16410,pos_2022,REN_1000
2023,1,ceprag,ceprag,Ceprag,COOPERATIVA DE ELETRICIDADE PRAIA GRANDE,Ceprag,COOPERATIVA DE ELETRICIDADE PRAIA GRANDE,Ceprag — COOPERATIVA DE ELETRICIDADE PRAIA GRANDE,20186,pos_2022,REN_1000
2023,1,ceraca,ceraca,Ceraçá,COOPERATIVA DISTRIBUIDORA DE ENERGIA VALE DO ARAÇÁ,Ceraçá,COOPERATIVA DISTRIBUIDORA DE ENERGIA VALE DO ARAÇÁ,Ceraçá — COOPERATIVA DISTRIBUIDORA DE ENERGIA VALE DO ARAÇÁ,12552,pos_2022,REN_1000
2023,1,ceral,ceral_anitapolis,Ceral Anitápolis,COOPERATIVA DE DISTRIBUIÇÃO DE ENERGIA ELÉTRICA DE ANITÁPOLIS,Ceral Anitápolis,COOPERATIVA DE DISTRIBUIÇÃO DE ENERGIA ELÉTRICA DE ANITÁPOLIS,Ceral Anitápolis — COOPERATIVA DE DISTRIBUIÇÃO DE ENERGIA ELÉTRICA DE ANITÁPOLIS,3818,pos_2022,REN_1000
2023,1,ceral,ceral_araruama,Ceral Araruama,COOPERATIVA DE ELETRIFICAÇÃO RURAL DE ARARUAMA,Ceral Araruama,COOPERATIVA DE ELETRIFICAÇÃO RURAL DE ARARUAMA,Ceral Araruama — COOPERATIVA DE ELETRIFICAÇÃO RURAL DE ARARUAMA,7227,pos_2022,REN_1000
2023,1,cerbranorte,cerbranorte,Cerbranorte,COOPERATIVA DE ELETRIFICAÇÃO DE BRAÇO DO NORTE,Cerbranorte,COOPERATIVA DE ELETRIFICAÇÃO DE BRAÇO DO NORTE,Cerbranorte — COOPERATIVA DE ELETRIFICAÇÃO DE BRAÇO DO NORTE,17803,pos_2022,REN_1000
2023,1,cerci,cerci,Cerci,COOPERATIVA DE ELETRIFICAÇÃO RURAL CACHOEIRAS- ITABORAÍ LTDA,Cerci,COOPERATIVA DE ELETRIFICAÇÃO RURAL CACHOEIRAS- ITABORAÍ LTDA,Cerci — COOPERATIVA DE ELETRIFICAÇÃO RURAL CACHOEIRAS- ITABORAÍ LTDA,18051,pos_2022,REN_1000
2023,1,cercos,cercos,Cercos,COOPERATIVA DE ELETRIFICAÇÃO E DESENVOLVIMENTO RURAL CENTRO SUL DE SERGIPE LTDA,Cercos,COOPERATIVA DE ELETRIFICAÇÃO E DESENVOLVIMENTO RURAL CENTRO SUL DE SERGIPE LTDA,Cercos — COOPERATIVA DE ELETRIFICAÇÃO E DESENVOLVIMENTO RURAL CENTRO SUL DE SERGIPE LTDA,7532,pos_2022,REN_1000
2023,1,cerej,cerej,Cerej,COOPERATIVA DE PRESTAÇÃO DE SERVIÇOS PÚBLICOS DE DISTRIBUIÇÃO DE ENERGIA ELÉTRICA SENADOR ESTEVES JÚNIOR,Cerej,COOPERATIVA DE PRESTAÇÃO DE SERVIÇOS PÚBLICOS DE DISTRIBUIÇÃO DE ENERGIA ELÉTRICA SENADOR ESTEVES JÚNIOR,Cerej — COOPERATIVA DE PRESTAÇÃO DE SERVIÇOS PÚBLICOS DE DISTRIBUIÇÃO DE ENERGIA ELÉTRICA SENADOR ESTEVES JÚNIOR,15288,pos_2022,REN_1000
2023,1,ceres,ceres,Ceres,COOPERATIVA DE ELETRIFICAÇÃO RURAL DE RESENDE LTDA.,Ceres,COOPERATIVA DE ELETRIFICAÇÃO RURAL DE RESENDE LTDA.,Ceres — COOPERATIVA DE ELETRIFICAÇÃO RURAL DE RESENDE LTDA.,5760,pos_2022,REN_1000
2023,1,cerfox,cerfox,Cerfox,COOPERATIVA DE DISTRIBUIÇÃO DE ENERGIA FONTOURA XAVIER,Cerfox,COOPERATIVA DE DISTRIBUIÇÃO DE ENERGIA FONTOURA XAVIER,Cerfox — COOPERATIVA DE DISTRIBUIÇÃO DE ENERGIA FONTOURA XAVIER,16240,pos_2022,REN_1000
2023,1,cergal,cergal,Cergal,COOPERATIVA DE ELETRIFICAÇÃO RURAL ANITA GARIBALDI LTDA,Cergal,COOPERATIVA DE ELETRIFICAÇÃO RURAL ANITA GARIBALDI LTDA,Cergal — COOPERATIVA DE ELETRIFICAÇÃO RURAL ANITA GARIBALDI LTDA,20159,pos_2022,REN_1000
2023,1,cergapa,cergapa,Cergapa,COOPERATIVA DE ELETRICIDADE DE GRÃO PARÁ,Cergapa,COOPERATIVA DE ELETRICIDADE DE GRÃO PARÁ,Cergapa — COOPERATIVA DE ELETRICIDADE DE GRÃO PARÁ,3964,pos_2022,REN_1000
2023,1,cergral,cergral,Cergral,COOPERATIVA DE ELETRICIDADE DE GRAVATAL,Cergral,COOPERATIVA DE ELETRICIDADE DE GRAVATAL,Cergral — COOPERATIVA DE ELETRICIDADE DE GRAVATAL,6811,pos_2022,REN_1000
2023,1,ceriluz,ceriluz,Ceriluz,COOPERATIVA REGIONAL DE ENERGIA E DESENVOLVIMENTO IJUÍ LTDA,Ceriluz,COOPERATIVA REGIONAL DE ENERGIA E DESENVOLVIMENTO IJUÍ LTDA,Ceriluz — COOPERATIVA REGIONAL DE ENERGIA E DESENVOLVIMENTO IJUÍ LTDA,14856,pos_2022,REN_1000
2023,1,cerim,cerim,Cerim,COOPERATIVA DE ELETRIFICAÇÃO E DESENVOLVIMENTO DA REGIÃO DE ITU-MAIRINQUE,Cerim,COOPERATIVA DE ELETRIFICAÇÃO E DESENVOLVIMENTO DA REGIÃO DE ITU-MAIRINQUE,Cerim — COOPERATIVA DE ELETRIFICAÇÃO E DESENVOLVIMENTO DA REGIÃO DE ITU-MAIRINQUE,15262,pos_2022,REN_1000
2023,1,ceripa,ceripa,Ceripa,COOPERATIVA DE ELETRIFICAÇÃO RURAL DE ITAÍ-PARANAPANEMA-AVARÉ,Ceripa,COOPERATIVA DE ELETRIFICAÇÃO RURAL DE ITAÍ-PARANAPANEMA-AVARÉ,Ceripa — COOPERATIVA DE ELETRIFICAÇÃO RURAL DE ITAÍ-PARANAPANEMA-AVARÉ,7247,pos_2022,REN_1000
2023,1,ceris,ceris,Ceris,COOPERATIVA DE ELETRIFICAÇÃO RURAL DA REGIÃO DE ITAPECERICA DA SERRA,Ceris,COOPERATIVA DE ELETRIFICAÇÃO RURAL DA REGIÃO DE ITAPECERICA DA SERRA,Ceris — COOPERATIVA DE ELETRIFICAÇÃO RURAL DA REGIÃO DE ITAPECERICA DA SERRA,6948,pos_2022,REN_1000
2023,1,cermc,cermc,Cermc,COOPERATIVA DE ELETRIFICAÇÃO E DESENVOLVIMENTO DA REGIÃO DE MOGI DAS CRUZES,Cermc,COOPERATIVA DE ELETRIFICAÇÃO E DESENVOLVIMENTO DA REGIÃO DE MOGI DAS CRUZES,Cermc — COOPERATIVA DE ELETRIFICAÇÃO E DESENVOLVIMENTO DA REGIÃO DE MOGI DAS CRUZES,3259,pos_2022,REN_1000
2023,1,cermissoes,cermissoes,Cermissões,COOPERATIVA DE DISTRIBUIÇÃO E GERAÇÃO DE ENERGIA DAS MISSÕES,Cermissões,COOPERATIVA DE DISTRIBUIÇÃO E GERAÇÃO DE ENERGIA DAS MISSÕES,Cermissões — COOPERATIVA DE DISTRIBUIÇÃO E GERAÇÃO DE ENERGIA DAS MISSÕES,28309,pos_2022,REN_1000
2023,1,cermoful,cermoful,Cermoful,COOPERATIVA FUMACENSE DE ELETRICIDADE,Cermoful,COOPERATIVA FUMACENSE DE ELETRICIDADE,Cermoful — COOPERATIVA FUMACENSE DE ELETRICIDADE,15996,pos_2022,REN_1000
2023,1,cernhe,cernhe,Cernhe,COOPERATIVA DE ELETRIFICAÇÃO E DESENVOLVIMENTO RURAL DA REGIÃO DE NOVO HORIZONTE,Cernhe,COOPERATIVA DE ELETRIFICAÇÃO E DESENVOLVIMENTO RURAL DA REGIÃO DE NOVO HORIZONTE,Cernhe — COOPERATIVA DE ELETRIFICAÇÃO E DESENVOLVIMENTO RURAL DA REGIÃO DE NOVO HORIZONTE,4634,pos_2022,REN_1000
2023,1,cerpalo,cerpalo,Cerpalo,COOPERATIVA DE ELETRIFICAÇÃO DE PAULO LOPES,Cerpalo,COOPERATIVA DE ELETRIFICAÇÃO DE PAULO LOPES,Cerpalo — COOPERATIVA DE ELETRIFICAÇÃO DE PAULO LOPES,16338,pos_2022,REN_1000
2023,1,cerpro,cerpro,Cerpro,COOPERATIVA DE ELETRIFICAÇÃO RURAL DA REGIÃO DE PROMISSÃO,Cerpro,COOPERATIVA DE ELETRIFICAÇÃO RURAL DA REGIÃO DE PROMISSÃO,Cerpro — COOPERATIVA DE ELETRIFICAÇÃO RURAL DA REGIÃO DE PROMISSÃO,2022,pos_2022,REN_1000
2023,1,cerrp,cerrp,Cerrp,COOPERATIVA DE ELETRIFICAÇÃO E DESENVOLVIMENTO DA REGIÃO DE SÃO JOSÉ DO RIO PRETO,Cerrp,COOPERATIVA DE ELETRIFICAÇÃO E DESENVOLVIMENTO DA REGIÃO DE SÃO JOSÉ DO RIO PRETO,Cerrp — COOPERATIVA DE ELETRIFICAÇÃO E DESENVOLVIMENTO DA REGIÃO DE SÃO JOSÉ DO RIO PRETO,14103,pos_2022,REN_1000
2023,1,cersad,cersad,Cersad,COOPERATIVA DE DISTRIBUIÇÃO DE ENERGIA ELÉTRICA SALTO DONNER,Cersad,COOPERATIVA DE DISTRIBUIÇÃO DE ENERGIA ELÉTRICA SALTO DONNER,Cersad — COOPERATIVA DE DISTRIBUIÇÃO DE ENERGIA ELÉTRICA SALTO DONNER,1364,pos_2022,REN_1000
2023,1,cersul,cersul,Cersul,COOPERATIVA DE DISTRIBUIÇÃOI DE ENERGIA,Cersul,COOPERATIVA DE DISTRIBUIÇÃOI DE ENERGIA,Cersul — COOPERATIVA DE DISTRIBUIÇÃOI DE ENERGIA,18475,pos_2022,REN_1000
2023,1,certaja,certaja_energia,Certaja Energia,COOPERATIVA REGIONAL DE ENERGIA TAQUARI JACUÍ,Certaja Energia,COOPERATIVA REGIONAL DE ENERGIA TAQUARI JACUÍ,Certaja Energia — COOPERATIVA REGIONAL DE ENERGIA TAQUARI JACUÍ,26154,pos_2022,REN_1000
2023,1,certel,certel_energia,Certel Energia,COOPERATIVA DE DISTRIBUIÇÃO DE ENERGIA TEUTÔNIA,Certel Energia,COOPERATIVA DE DISTRIBUIÇÃO DE ENERGIA TEUTÔNIA,Certel Energia — COOPERATIVA DE DISTRIBUIÇÃO DE ENERGIA TEUTÔNIA,72956,pos_2022,REN_1000
2023,1,certhil,certhil,Certhil,COOPERATIVA DE DISTRIBUIÇÃO DE ENERGIA ENTRE RIOS LTDA,Certhil,COOPERATIVA DE DISTRIBUIÇÃO DE ENERGIA ENTRE RIOS LTDA,Certhil — COOPERATIVA DE DISTRIBUIÇÃO DE ENERGIA ENTRE RIOS LTDA,8582,pos_2022,REN_1000
2023,1,certrel,certrel,Certrel,COOPERATIVA DE ENERGIA TREVISO,Certrel,COOPERATIVA DE ENERGIA TREVISO,Certrel — COOPERATIVA DE ENERGIA TREVISO,4626,pos_2022,REN_1000
2023,1,cervam,cervam,Cervam,COOPERATIVA DE ENERGIZAÇÃO E DE DESENVOLVIMENTO DO VALE DO MOGI,Cervam,COOPERATIVA DE ENERGIZAÇÃO E DE DESENVOLVIMENTO DO VALE DO MOGI,Cervam — COOPERATIVA DE ENERGIZAÇÃO E DE DESENVOLVIMENTO DO VALE DO MOGI,4489,pos_2022,REN_1000
2023,1,cetril,cetril,Cetril,COOPERATIVA DE ELETRIFICAÇÃO DE IBIÚNA E REGIÃO,Cetril,COOPERATIVA DE ELETRIFICAÇÃO DE IBIÚNA E REGIÃO,Cetril — COOPERATIVA DE ELETRIFICAÇÃO DE IBIÚNA E REGIÃO,31723,pos_2022,REN_1000
2023,1,chesp,chesp,Chesp,COMPANHIA HIDROELÉTRICA SÃO PATRÍCIO,Chesp,COMPANHIA HIDROELÉTRICA SÃO PATRÍCIO,Chesp — COMPANHIA HIDROELÉTRICA SÃO PATRÍCIO,22016,pos_2022,REN_1000
2023,1,cocel,cocel,Cocel,COMPANHIA CAMPOLARGUENSE DE ENERGIA,Cocel,COMPANHIA CAMPOLARGUENSE DE ENERGIA,Cocel — COMPANHIA CAMPOLARGUENSE DE ENERGIA,58163,pos_2022,REN_1000
2023,1,coopera,coopera,Coopera,COOPERATIVA PIONEIRA DE ELETRIFICAÇÃO,Coopera,COOPERATIVA PIONEIRA DE ELETRIFICAÇÃO,Coopera — COOPERATIVA PIONEIRA DE ELETRIFICAÇÃO,26912,pos_2022,REN_1000
2023,1,cooperalianca,cooperalianca,Cooperaliança,COOPERATIVA ALIANÇA,Cooperaliança,COOPERATIVA ALIANÇA,Cooperaliança — COOPERATIVA ALIANÇA,43470,pos_2022,REN_1000
2023,1,coopercocal,coopercocal,Coopercocal,COOPERATIVA ENERGÉTICA COCAL,Coopercocal,COOPERATIVA ENERGÉTICA COCAL,Coopercocal — COOPERATIVA ENERGÉTICA COCAL,11685,pos_2022,REN_1000
2023,1,cooperluz,cooperluz,Cooperluz,COOPERATIVA DISTRIBUIDORA DE ENERGIA FRONTEIRA NOROESTE,Cooperluz,COOPERATIVA DISTRIBUIDORA DE ENERGIA FRONTEIRA NOROESTE,Cooperluz — COOPERATIVA DISTRIBUIDORA DE ENERGIA FRONTEIRA NOROESTE,16916,pos_2022,REN_1000
2023,1,coopermila,coopermila,Coopermila,COOPERATIVA DE ELETRIFICAÇÃO LAURO MÜLLER,Coopermila,COOPERATIVA DE ELETRIFICAÇÃO LAURO MÜLLER,Coopermila — COOPERATIVA DE ELETRIFICAÇÃO LAURO MÜLLER,1352,pos_2022,REN_1000
2023,1,coopernorte,coopernorte,Coopernorte,COOPERATIVA REGIONAL DE DISTRIBUIÇÃO DE ENERGIA DO LITORAL NORTE,Coopernorte,COOPERATIVA REGIONAL DE DISTRIBUIÇÃO DE ENERGIA DO LITORAL NORTE,Coopernorte — COOPERATIVA REGIONAL DE DISTRIBUIÇÃO DE ENERGIA DO LITORAL NORTE,6936,pos_2022,REN_1000
2023,1,cooperzem,cooperzem,Cooperzem,COOPERZEM COOPERATIVA DE DISTRIBUIÇÃO DE ENERGIA ELÉTRICA,Cooperzem,COOPERZEM COOPERATIVA DE DISTRIBUIÇÃO DE ENERGIA ELÉTRICA,Cooperzem — COOPERZEM COOPERATIVA DE DISTRIBUIÇÃO DE ENERGIA ELÉTRICA,8652,pos_2022,REN_1000
2023,1,coorsel,coorsel,Coorsel,COOPERATIVA REGIONAL SUL DE ELETRIFICAÇÃO RURAL,Coorsel,COOPERATIVA REGIONAL SUL DE ELETRIFICAÇÃO RURAL,Coorsel — COOPERATIVA REGIONAL SUL DE ELETRIFICAÇÃO RURAL,9254,pos_2022,REN_1000
2023,1,copel,copel_dis,Copel-Dis,COPEL DISTRIBUIÇÃO S.A.,Copel-Dis,COPEL DISTRIBUIÇÃO S.A.,Copel-Dis — COPEL DISTRIBUIÇÃO S.A.,5128034,pos_2022,REN_1000
2023,1,coprel,coprel,Coprel,COPREL COOPERATIVA DE ENERGIA,Coprel,COPREL COOPERATIVA DE ENERGIA,Coprel — COPREL COOPERATIVA DE ENERGIA,12080,pos_2022,REN_1000
2023,1,cpfl,cpfl_paulista,CPFL Paulista,COMPANHIA PAULISTA DE FORÇA E LUZ,CPFL Paulista,COMPANHIA PAULISTA DE FORÇA E LUZ,CPFL Paulista — COMPANHIA PAULISTA DE FORÇA E LUZ,4872597,pos_2022,REN_1000
2023,1,cpfl,cpfl_piratininga,CPFL Piratininga,COMPANHIA PIRATININGA DE FORÇA E LUZ,CPFL Piratininga,COMPANHIA PIRATININGA DE FORÇA E LUZ,CPFL Piratininga — COMPANHIA PIRATININGA DE FORÇA E LUZ,1907712,pos_2022,REN_1000
2023,1,cpfl,cpfl_santa_cruz,CPFL Santa Cruz,COMPANHIA JAGUARI DE ENERGIA - CPFL SANTA CRUZ,CPFL Santa Cruz,COMPANHIA JAGUARI DE ENERGIA - CPFL SANTA CRUZ,CPFL Santa Cruz — COMPANHIA JAGUARI DE ENERGIA - CPFL SANTA CRUZ,497054,pos_2022,REN_1000
2023,1,creluz_d,creluz_d,Creluz-D,COOPERATIVA DE DISTRIBUIÇÃO DE ENERGIA,Creluz-D,COOPERATIVA DE DISTRIBUIÇÃO DE ENERGIA,Creluz-D — COOPERATIVA DE DISTRIBUIÇÃO DE ENERGIA,25191,pos_2022,REN_1000
2023,1,creral,creral,Creral,COOPERATIVA REGIONAL DE ELETRIFICAÇÃO RURAL DO ALTO URUGUAI,Creral,COOPERATIVA REGIONAL DE ELETRIFICAÇÃO RURAL DO ALTO URUGUAI,Creral — COOPERATIVA REGIONAL DE ELETRIFICAÇÃO RURAL DO ALTO URUGUAI,7979,pos_2022,REN_1000
2023,1,dcelt,dcelt,Dcelt,DISTRIBUIDORA CATARINENSE DE ENERGIA ELÉTRICA S/A.,Dcelt,DISTRIBUIDORA CATARINENSE DE ENERGIA ELÉTRICA S/A.,Dcelt — DISTRIBUIDORA CATARINENSE DE ENERGIA ELÉTRICA S/A.,40039,pos_2022,REN_1000
2023,1,demei,demei,Demei,DEPARTAMENTO MUNICIPAL DE ENERGIA DE IJUÍ,Demei,DEPARTAMENTO MUNICIPAL DE ENERGIA DE IJUÍ,Demei — DEPARTAMENTO MUNICIPAL DE ENERGIA DE IJUÍ,36049,pos_2022,REN_1000
2023,1,dmed,dmed,Dmed,DME DISTRIBUIÇÃO S.A.,Dmed,DME DISTRIBUIÇÃO S.A.,Dmed — DME DISTRIBUIÇÃO S.A.,85584,pos_2022,REN_1000
2023,1,edp,edp_es,EDP ES,EDP ESPÍRITO SANTO DISTRIBUIÇÃO DE ENERGIA S.A.,EDP ES,EDP ESPÍRITO SANTO DISTRIBUIÇÃO DE ENERGIA S.A.,EDP ES — EDP ESPÍRITO SANTO DISTRIBUIÇÃO DE ENERGIA S.A.,1766336,pos_2022,REN_1000
2023,1,edp,edp_sp,EDP SP,EDP SÃO PAULO DISTRIBUIÇÃO DE ENERGIA S.A.,EDP SP,EDP SÃO PAULO DISTRIBUIÇÃO DE ENERGIA S.A.,EDP SP — EDP SÃO PAULO DISTRIBUIÇÃO DE ENERGIA S.A.,2211702,pos_2022,REN_1000
2023,1,eflul,eflul,Eflul,EMPRESA FORÇA E LUZ DE URUSSANGA LTDA.,Eflul,EMPRESA FORÇA E LUZ DE URUSSANGA LTDA.,Eflul — EMPRESA FORÇA E LUZ DE URUSSANGA LTDA.,7435,pos_2022,REN_1000
2023,1,eletrocar,eletrocar,Eletrocar,CENTRAIS ELÉTRICAS DE CARAZINHO S.A.,Eletrocar,CENTRAIS ELÉTRICAS DE CARAZINHO S.A.,Eletrocar — CENTRAIS ELÉTRICAS DE CARAZINHO S.A.,39755,pos_2022,REN_1000
2023,1,enel,enel_ce,Enel CE,COMPANHIA ENERGÉTICA DO CEARÁ,Enel CE,COMPANHIA ENERGÉTICA DO CEARÁ,Enel CE — COMPANHIA ENERGÉTICA DO CEARÁ,4240159,pos_2022,REN_1000
2023,1,enel,enel_go,Enel GO,CELG DISTRIBUIÇÃO S.A.,Enel GO,CELG DISTRIBUIÇÃO S.A.,Enel GO — CELG DISTRIBUIÇÃO S.A.,3377318,pos_2022,REN_1000
2023,1,enel,enel_rj,Enel RJ,AMPLA ENERGIA E SERVIÇOS S.A.,Enel RJ,AMPLA ENERGIA E SERVIÇOS S.A.,Enel RJ — AMPLA ENERGIA E SERVIÇOS S.A.,3164096,pos_2022,REN_1000
2023,1,enel,enel_sp,Enel SP,ELETROPAULO METROPOLITANA ELETRICIDADE DE SÃO PAULO S.A.,Enel SP,ELETROPAULO METROPOLITANA ELETRICIDADE DE SÃO PAULO S.A.,Enel SP — ELETROPAULO METROPOLITANA ELETRICIDADE DE SÃO PAULO S.A.,8213533,pos_2022,REN_1000
2023,1,energisa,energisa_ac,Energisa AC,ENERGISA ACRE - DISTRIBUIDORA DE ENERGIA S.A.,Energisa AC,ENERGISA ACRE - DISTRIBUIDORA DE ENERGIA S.A.,Energisa AC — ENERGISA ACRE - DISTRIBUIDORA DE ENERGIA S.A.,287111,pos_2022,REN_1000
2023,1,energisa,energisa_minas_rio,Energisa Minas Rio,ENERGISA MINAS RIO - DISTRIBUIDORA DE ENERGIA S.A.,Energisa Minas Rio,ENERGISA MINAS RIO - DISTRIBUIDORA DE ENERGIA S.A.,Energisa Minas Rio — ENERGISA MINAS RIO - DISTRIBUIDORA DE ENERGIA S.A.,592107,pos_2022,REN_1000
2023,1,energisa,energisa_ms,Energisa MS,ENERGISA MATO GROSSO DO SUL DISTRIBUIDORA DE ENERGIA S.A.,Energisa MS,ENERGISA MATO GROSSO DO SUL DISTRIBUIDORA DE ENERGIA S.A.,Energisa MS — ENERGISA MATO GROSSO DO SUL DISTRIBUIDORA DE ENERGIA S.A.,1100522,pos_2022,REN_1000
2023,1,energisa,energisa_mt,Energisa MT,ENERGISA MATO GROSSO DISTRIBUIDORA DE ENERGIA S.A.,Energisa MT,ENERGISA MATO GROSSO DISTRIBUIDORA DE ENERGIA S.A.,Energisa MT — ENERGISA MATO GROSSO DISTRIBUIDORA DE ENERGIA S.A.,1587849,pos_2022,REN_1000
2023,1,energisa,energisa_pb,Energisa PB,ENERGISA PARAÍBA DISTRIBUIDORA DE ENERGIA S.A.,Energisa PB,ENERGISA PARAÍBA DISTRIBUIDORA DE ENERGIA S.A.,Energisa PB — ENERGISA PARAÍBA DISTRIBUIDORA DE ENERGIA S.A.,1773210,pos_2022,REN_1000
2023,1,energisa,energisa_ro,Energisa RO,ENERGISA RONDÔNIA DISTRIBUIDORA DE ENERGIA S.A.,Energisa RO,ENERGISA RONDÔNIA DISTRIBUIDORA DE ENERGIA S.A.,Energisa RO — ENERGISA RONDÔNIA DISTRIBUIDORA DE ENERGIA S.A.,684148,pos_2022,REN_1000
2023,1,energisa,energisa_se,Energisa SE,ENERGISA SERGIPE DISTRIBUIDORA DE ENERGIA S.A.,Energisa SE,ENERGISA SERGIPE DISTRIBUIDORA DE ENERGIA S.A.,Energisa SE — ENERGISA SERGIPE DISTRIBUIDORA DE ENERGIA S.A.,844613,pos_2022,REN_1000
2023,1,energisa,energisa_sul_sudeste,Energisa Sul-Sudeste,ENERGISA SUL-SUDESTE DISTRIBUIDORA DE ENERGIA S.A.,Energisa Sul-Sudeste,ENERGISA SUL-SUDESTE DISTRIBUIDORA DE ENERGIA S.A.,Energisa Sul-Sudeste — ENERGISA SUL-SUDESTE DISTRIBUIDORA DE ENERGIA S.A.,851921,pos_2022,REN_1000
2023,1,energisa,energisa_to,Energisa TO,ENERGISA TOCANTINS DISTRIBUIDORA DE ENERGIA S.A.,Energisa TO,ENERGISA TOCANTINS DISTRIBUIDORA DE ENERGIA S.A.,Energisa TO — ENERGISA TOCANTINS DISTRIBUIDORA DE ENERGIA S.A.,646815,pos_2022,REN_1000
2023,1,equatorial,cea_equatorial,CEA Equatorial,COMPANHIA DE ELETRICIDADE DO AMAPA,CEA Equatorial,COMPANHIA DE ELETRICIDADE DO AMAPA,CEA Equatorial — COMPANHIA DE ELETRICIDADE DO AMAPA,217931,pos_2022,REN_1000
2023,1,equatorial,ceee_equatorial,CEEE Equatorial,COMPANHIA ESTADUAL DE DISTRIBUIÇÃO DE ENERGIA ELÉTRICA,CEEE Equatorial,COMPANHIA ESTADUAL DE DISTRIBUIÇÃO DE ENERGIA ELÉTRICA,CEEE Equatorial — COMPANHIA ESTADUAL DE DISTRIBUIÇÃO DE ENERGIA ELÉTRICA,1874230,pos_2022,REN_1000
2023,1,equatorial,equatorial_al,Equatorial AL,EQUATORIAL ALAGOAS DISTRIBUIDORA DE ENERGIA S.A.,Equatorial AL,EQUATORIAL ALAGOAS DISTRIBUIDORA DE ENERGIA S.A.,Equatorial AL — EQUATORIAL ALAGOAS DISTRIBUIDORA DE ENERGIA S.A.,1322150,pos_2022,REN_1000
2023,1,equatorial,equatorial_ma,Equatorial MA,EQUATORIAL MARANHÃO DISTRIBUIDORA DE ENERGIA S.A.,Equatorial MA,EQUATORIAL MARANHÃO DISTRIBUIDORA DE ENERGIA S.A.,Equatorial MA — EQUATORIAL MARANHÃO DISTRIBUIDORA DE ENERGIA S.A.,2708513,pos_2022,REN_1000
2023,1,equatorial,equatorial_pa,Equatorial PA,EQUATORIAL PARÁ DISTRIBUIDORA DE ENERGIA S.A.,Equatorial PA,EQUATORIAL PARÁ DISTRIBUIDORA DE ENERGIA S.A.,Equatorial PA — EQUATORIAL PARÁ DISTRIBUIDORA DE ENERGIA S.A.,2944291,pos_2022,REN_1000
2023,1,equatorial,equatorial_pi,Equatorial PI,EQUATORIAL PIAUÍ DISTRIBUIDORA DE ENERGIA S.A.,Equatorial PI,EQUATORIAL PIAUÍ DISTRIBUIDORA DE ENERGIA S.A.,Equatorial PI — EQUATORIAL PIAUÍ DISTRIBUIDORA DE ENERGIA S.A.,1464700,pos_2022,REN_1000
2023,1,forcel,forcel,Forcel,FORÇA E LUZ CORONEL VIVIDA LTDA,Forcel,FORÇA E LUZ CORONEL VIVIDA LTDA,Forcel — FORÇA E LUZ CORONEL VIVIDA LTDA,8522,pos_2022,REN_1000
2023,1,hidropan,hidropan,Hidropan,HIDROPAN DISTRIBUIÇÃO DE ENERGIA S.A.,Hidropan,HIDROPAN DISTRIBUIÇÃO DE ENERGIA S.A.,Hidropan — HIDROPAN DISTRIBUIÇÃO DE ENERGIA S.A.,19839,pos_2022,REN_1000
2023,1,joao,joao_cesa,João Cesa,EMPRESA FORÇA E LUZ JOÃO CESA LTDA.,João Cesa,EMPRESA FORÇA E LUZ JOÃO CESA LTDA.,João Cesa — EMPRESA FORÇA E LUZ JOÃO CESA LTDA.,4604,pos_2022,REN_1000
2023,1,light,light,Light,LIGHT SERVIÇOS DE ELETRICIDADE S.A.,Light,LIGHT SERVIÇOS DE ELETRICIDADE S.A.,Light — LIGHT SERVIÇOS DE ELETRICIDADE S.A.,4629761,pos_2022,REN_1000
2023,1,mux,mux_energia,Mux Energia,"MUXFELDT, MARIN & CIA LTDA",Mux Energia,"MUXFELDT, MARIN & CIA LTDA","Mux Energia — MUXFELDT, MARIN & CIA LTDA",12638,pos_2022,REN_1000
2023,1,neoenergia,neoenergia_brasilia,Neoenergia Brasília,NEOENERGIA DISTRIBUIÇÃO BRASÍLIA S.A.,Neoenergia Brasília,NEOENERGIA DISTRIBUIÇÃO BRASÍLIA S.A.,Neoenergia Brasília — NEOENERGIA DISTRIBUIÇÃO BRASÍLIA S.A.,1161181,pos_2022,REN_1000
2023,1,neoenergia,neoenergia_coelba,Neoenergia Coelba,COMPANHIA DE ELETRICIDADE DO ESTADO DA BAHIA,Neoenergia Coelba,COMPANHIA DE ELETRICIDADE DO ESTADO DA BAHIA,Neoenergia Coelba — COMPANHIA DE ELETRICIDADE DO ESTADO DA BAHIA,6549818,pos_2022,REN_1000
2023,1,neoenergia,neoenergia_cosern,Neoenergia Cosern,COMPANHIA ENERGÉTICA DO RIO GRANDE DO NORTE,Neoenergia Cosern,COMPANHIA ENERGÉTICA DO RIO GRANDE DO NORTE,Neoenergia Cosern — COMPANHIA ENERGÉTICA DO RIO GRANDE DO NORTE,1564962,pos_2022,REN_1000
2023,1,neoenergia,neoenergia_elektro,Neoenergia Elektro,ELEKTRO REDES S.A.,Neoenergia Elektro,ELEKTRO REDES S.A.,Neoenergia Elektro — ELEKTRO REDES S.A.,2928790,pos_2022,REN_1000
2023,1,neoenergia,neoenergia_pernambuco,Neoenergia Pernambuco,COMPANHIA ENERGÉTICA DE PERNAMBUCO,Neoenergia Pernambuco,COMPANHIA ENERGÉTICA DE PERNAMBUCO,Neoenergia Pernambuco — COMPANHIA ENERGÉTICA DE PERNAMBUCO,3980016,pos_2022,REN_1000
2023,1,nova,nova_palma,Nova Palma,NOVA PALMA ENERGIA LTDA.,Nova Palma,NOVA PALMA ENERGIA LTDA.,Nova Palma — NOVA PALMA ENERGIA LTDA.,17142,pos_2022,REN_1000
2023,1,rge,rge,RGE,RGE SUL DISTRIBUIDORA DE ENERGIA S.A.,RGE,RGE SUL DISTRIBUIDORA DE ENERGIA S.A.,RGE — RGE SUL DISTRIBUIDORA DE ENERGIA S.A.,3073042,pos_2022,REN_1000
2023,1,roraima,roraima_energia,Roraima Energia,RORAIMA ENERGIA S.A.,Roraima Energia,RORAIMA ENERGIA S.A.,Roraima Energia — RORAIMA ENERGIA S.A.,206837,pos_2022,REN_1000
2023,1,santa,santa_maria,Santa Maria,EMPRESA LUZ E FORÇA SANTA MARIA S.A.,Santa Maria,EMPRESA LUZ E FORÇA SANTA MARIA S.A.,Santa Maria — EMPRESA LUZ E FORÇA SANTA MARIA S.A.,136467,pos_2022,REN_1000
2023,1,sulgipe,sulgipe,Sulgipe,COMPANHIA SUL SERGIPANA DE ELETRICIDADE,Sulgipe,COMPANHIA SUL SERGIPANA DE ELETRICIDADE,Sulgipe — COMPANHIA SUL SERGIPANA DE ELETRICIDADE,166350,pos_2022,REN_1000
2023,2,amazonas,amazonas_energia,Amazonas Energia,AMAZONAS ENERGIA S.A.,Amazonas Energia,AMAZONAS ENERGIA S.A.,Amazonas Energia — AMAZONAS ENERGIA S.A.,1137039,pos_2022,REN_1000
2023,2,castro_dis,castro_dis,Castro-Dis,COOPERATIVA DE DISTRIBUIÇÃO DE ENERGIA ELÉTRICA DE CASTRO,Castro-Dis,COOPERATIVA DE DISTRIBUIÇÃO DE ENERGIA ELÉTRICA DE CASTRO,Castro-Dis — COOPERATIVA DE DISTRIBUIÇÃO DE ENERGIA ELÉTRICA DE CASTRO,2311,pos_2022,REN_1000
2023,2,cedrap,cedrap,Cedrap,COOPERATIVA DE ELETRIFICAÇÃO DA REGIÃO DO ALTO DA PARAÍBA,Cedrap,COOPERATIVA DE ELETRIFICAÇÃO DA REGIÃO DO ALTO DA PARAÍBA,Cedrap — COOPERATIVA DE ELETRIFICAÇÃO DA REGIÃO DO ALTO DA PARAÍBA,7528,pos_2022,REN_1000
2023,2,cedri,cedri,Cedri,COOPERATIVA DE ELETRIFICAÇÃO E DISTRIBUIÇÃO DA REGIÃO DE ITARIRI,Cedri,COOPERATIVA DE ELETRIFICAÇÃO E DISTRIBUIÇÃO DA REGIÃO DE ITARIRI,Cedri — COOPERATIVA DE ELETRIFICAÇÃO E DISTRIBUIÇÃO DA REGIÃO DE ITARIRI,3029,pos_2022,REN_1000
2023,2,cegero,cegero,Cegero,COOPERATIVA DE ELETRICIDADE DE SÃO LUDGERO,Cegero,COOPERATIVA DE ELETRICIDADE DE SÃO LUDGERO,Cegero — COOPERATIVA DE ELETRICIDADE DE SÃO LUDGERO,6809,pos_2022,REN_1000
2023,2,cejama,cejama,Cejama,COOPERATIVA DE ELETRICIDADE JACINTO MACHADO,Cejama,COOPERATIVA DE ELETRICIDADE JACINTO MACHADO,Cejama — COOPERATIVA DE ELETRICIDADE JACINTO MACHADO,5589,pos_2022,REN_1000
2023,2,celetro,celetro,Celetro,COOPERATIVA DE ELETRIFICAÇÃO CENTRO JACUÍ LTDA.,Celetro,COOPERATIVA DE ELETRIFICAÇÃO CENTRO JACUÍ LTDA.,Celetro — COOPERATIVA DE ELETRIFICAÇÃO CENTRO JACUÍ LTDA.,23897,pos_2022,REN_1000
2023,2,cemig,cemig_d,Cemig-D,CEMIG DISTRIBUIÇÃO S.A.,Cemig-D,CEMIG DISTRIBUIÇÃO S.A.,Cemig-D — CEMIG DISTRIBUIÇÃO S.A.,10271704,pos_2022,REN_1000
2023,2,cemirim,cemirim,Cemirim,COOPERATIVA DE ELETRIFICAÇÃO E DESENVOLVIMENTO DA REGIÃO DE MOGI MIRIM,Cemirim,COOPERATIVA DE ELETRIFICAÇÃO E DESENVOLVIMENTO DA REGIÃO DE MOGI MIRIM,Cemirim — COOPERATIVA DE ELETRIFICAÇÃO E DESENVOLVIMENTO DA REGIÃO DE MOGI MIRIM,16452,pos_2022,REN_1000
2023,2,ceprag,ceprag,Ceprag,COOPERATIVA DE ELETRICIDADE PRAIA GRANDE,Ceprag,COOPERATIVA DE ELETRICIDADE PRAIA GRANDE,Ceprag — COOPERATIVA DE ELETRICIDADE PRAIA GRANDE,20254,pos_2022,REN_1000
2023,2,ceraca,ceraca,Ceraçá,COOPERATIVA DISTRIBUIDORA DE ENERGIA VALE DO ARAÇÁ,Ceraçá,COOPERATIVA DISTRIBUIDORA DE ENERGIA VALE DO ARAÇÁ,Ceraçá — COOPERATIVA DISTRIBUIDORA DE ENERGIA VALE DO ARAÇÁ,12603,pos_2022,REN_1000
2023,2,ceral,ceral_anitapolis,Ceral Anitápolis,COOPERATIVA DE DISTRIBUIÇÃO DE ENERGIA ELÉTRICA DE ANITÁPOLIS,Ceral Anitápolis,COOPERATIVA DE DISTRIBUIÇÃO DE ENERGIA ELÉTRICA DE ANITÁPOLIS,Ceral Anitápolis — COOPERATIVA DE DISTRIBUIÇÃO DE ENERGIA ELÉTRICA DE ANITÁPOLIS,3826,pos_2022,REN_1000
2023,2,ceral,ceral_araruama,Ceral Araruama,COOPERATIVA DE ELETRIFICAÇÃO RURAL DE ARARUAMA,Ceral Araruama,COOPERATIVA DE ELETRIFICAÇÃO RURAL DE ARARUAMA,Ceral Araruama — COOPERATIVA DE ELETRIFICAÇÃO RURAL DE ARARUAMA,7264,pos_2022,REN_1000
2023,2,cerbranorte,cerbranorte,Cerbranorte,COOPERATIVA DE ELETRIFICAÇÃO DE BRAÇO DO NORTE,Cerbranorte,COOPERATIVA DE ELETRIFICAÇÃO DE BRAÇO DO NORTE,Cerbranorte — COOPERATIVA DE ELETRIFICAÇÃO DE BRAÇO DO NORTE,17842,pos_2022,REN_1000
2023,2,cerci,cerci,Cerci,COOPERATIVA DE ELETRIFICAÇÃO RURAL CACHOEIRAS- ITABORAÍ LTDA,Cerci,COOPERATIVA DE ELETRIFICAÇÃO RURAL CACHOEIRAS- ITABORAÍ LTDA,Cerci — COOPERATIVA DE ELETRIFICAÇÃO RURAL CACHOEIRAS- ITABORAÍ LTDA,18064,pos_2022,REN_1000
2023,2,cercos,cercos,Cercos,COOPERATIVA DE ELETRIFICAÇÃO E DESENVOLVIMENTO RURAL CENTRO SUL DE SERGIPE LTDA,Cercos,COOPERATIVA DE ELETRIFICAÇÃO E DESENVOLVIMENTO RURAL CENTRO SUL DE SERGIPE LTDA,Cercos — COOPERATIVA DE ELETRIFICAÇÃO E DESENVOLVIMENTO RURAL CENTRO SUL DE SERGIPE LTDA,7533,pos_2022,REN_1000
2023,2,cerej,cerej,Cerej,COOPERATIVA DE PRESTAÇÃO DE SERVIÇOS PÚBLICOS DE DISTRIBUIÇÃO DE ENERGIA ELÉTRICA SENADOR ESTEVES JÚNIOR,Cerej,COOPERATIVA DE PRESTAÇÃO DE SERVIÇOS PÚBLICOS DE DISTRIBUIÇÃO DE ENERGIA ELÉTRICA SENADOR ESTEVES JÚNIOR,Cerej — COOPERATIVA DE PRESTAÇÃO DE SERVIÇOS PÚBLICOS DE DISTRIBUIÇÃO DE ENERGIA ELÉTRICA SENADOR ESTEVES JÚNIOR,15325,pos_2022,REN_1000
2023,2,ceres,ceres,Ceres,COOPERATIVA DE ELETRIFICAÇÃO RURAL DE RESENDE LTDA.,Ceres,COOPERATIVA DE ELETRIFICAÇÃO RURAL DE RESENDE LTDA.,Ceres — COOPERATIVA DE ELETRIFICAÇÃO RURAL DE RESENDE LTDA.,5779,pos_2022,REN_1000
2023,2,cerfox,cerfox,Cerfox,COOPERATIVA DE DISTRIBUIÇÃO DE ENERGIA FONTOURA XAVIER,Cerfox,COOPERATIVA DE DISTRIBUIÇÃO DE ENERGIA FONTOURA XAVIER,Cerfox — COOPERATIVA DE DISTRIBUIÇÃO DE ENERGIA FONTOURA XAVIER,16213,pos_2022,REN_1000
2023,2,cergal,cergal,Cergal,COOPERATIVA DE ELETRIFICAÇÃO RURAL ANITA GARIBALDI LTDA,Cergal,COOPERATIVA DE ELETRIFICAÇÃO RURAL ANITA GARIBALDI LTDA,Cergal — COOPERATIVA DE ELETRIFICAÇÃO RURAL ANITA GARIBALDI LTDA,20206,pos_2022,REN_1000
2023,2,cergapa,cergapa,Cergapa,COOPERATIVA DE ELETRICIDADE DE GRÃO PARÁ,Cergapa,COOPERATIVA DE ELETRICIDADE DE GRÃO PARÁ,Cergapa — COOPERATIVA DE ELETRICIDADE DE GRÃO PARÁ,3961,pos_2022,REN_1000
2023,2,cergral,cergral,Cergral,COOPERATIVA DE ELETRICIDADE DE GRAVATAL,Cergral,COOPERATIVA DE ELETRICIDADE DE GRAVATAL,Cergral — COOPERATIVA DE ELETRICIDADE DE GRAVATAL,6821,pos_2022,REN_1000
2023,2,ceriluz,ceriluz,Ceriluz,COOPERATIVA REGIONAL DE ENERGIA E DESENVOLVIMENTO IJUÍ LTDA,Ceriluz,COOPERATIVA REGIONAL DE ENERGIA E DESENVOLVIMENTO IJUÍ LTDA,Ceriluz — COOPERATIVA REGIONAL DE ENERGIA E DESENVOLVIMENTO IJUÍ LTDA,14878,pos_2022,REN_1000
2023,2,cerim,cerim,Cerim,COOPERATIVA DE ELETRIFICAÇÃO E DESENVOLVIMENTO DA REGIÃO DE ITU-MAIRINQUE,Cerim,COOPERATIVA DE ELETRIFICAÇÃO E DESENVOLVIMENTO DA REGIÃO DE ITU-MAIRINQUE,Cerim — COOPERATIVA DE ELETRIFICAÇÃO E DESENVOLVIMENTO DA REGIÃO DE ITU-MAIRINQUE,15351,pos_2022,REN_1000
2023,2,ceripa,ceripa,Ceripa,COOPERATIVA DE ELETRIFICAÇÃO RURAL DE ITAÍ-PARANAPANEMA-AVARÉ,Ceripa,COOPERATIVA DE ELETRIFICAÇÃO RURAL DE ITAÍ-PARANAPANEMA-AVARÉ,Ceripa — COOPERATIVA DE ELETRIFICAÇÃO RURAL DE ITAÍ-PARANAPANEMA-AVARÉ,7311,pos_2022,REN_1000
2023,2,ceris,ceris,Ceris,COOPERATIVA DE ELETRIFICAÇÃO RURAL DA REGIÃO DE ITAPECERICA DA SERRA,Ceris,COOPERATIVA DE ELETRIFICAÇÃO RURAL DA REGIÃO DE ITAPECERICA DA SERRA,Ceris — COOPERATIVA DE ELETRIFICAÇÃO RURAL DA REGIÃO DE ITAPECERICA DA SERRA,6975,pos_2022,REN_1000
2023,2,cermc,cermc,Cermc,COOPERATIVA DE ELETRIFICAÇÃO E DESENVOLVIMENTO DA REGIÃO DE MOGI DAS CRUZES,Cermc,COOPERATIVA DE ELETRIFICAÇÃO E DESENVOLVIMENTO DA REGIÃO DE MOGI DAS CRUZES,Cermc — COOPERATIVA DE ELETRIFICAÇÃO E DESENVOLVIMENTO DA REGIÃO DE MOGI DAS CRUZES,3288,pos_2022,REN_1000
2023,2,cermissoes,cermissoes,Cermissões,COOPERATIVA DE DISTRIBUIÇÃO E GERAÇÃO DE ENERGIA DAS MISSÕES,Cermissões,COOPERATIVA DE DISTRIBUIÇÃO E GERAÇÃO DE ENERGIA DAS MISSÕES,Cermissões — COOPERATIVA DE DISTRIBUIÇÃO E GERAÇÃO DE ENERGIA DAS MISSÕES,28339,pos_2022,REN_1000
2023,2,cermoful,cermoful,Cermoful,COOPERATIVA FUMACENSE DE ELETRICIDADE,Cermoful,COOPERATIVA FUMACENSE DE ELETRICIDADE,Cermoful — COOPERATIVA FUMACENSE DE ELETRICIDADE,16033,pos_2022,REN_1000
2023,2,cernhe,cernhe,Cernhe,COOPERATIVA DE ELETRIFICAÇÃO E DESENVOLVIMENTO RURAL DA REGIÃO DE NOVO HORIZONTE,Cernhe,COOPERATIVA DE ELETRIFICAÇÃO E DESENVOLVIMENTO RURAL DA REGIÃO DE NOVO HORIZONTE,Cernhe — COOPERATIVA DE ELETRIFICAÇÃO E DESENVOLVIMENTO RURAL DA REGIÃO DE NOVO HORIZONTE,4630,pos_2022,REN_1000
2023,2,cerpalo,cerpalo,Cerpalo,COOPERATIVA DE ELETRIFICAÇÃO DE PAULO LOPES,Cerpalo,COOPERATIVA DE ELETRIFICAÇÃO DE PAULO LOPES,Cerpalo — COOPERATIVA DE ELETRIFICAÇÃO DE PAULO LOPES,16397,pos_2022,REN_1000
2023,2,cerpro,cerpro,Cerpro,COOPERATIVA DE ELETRIFICAÇÃO RURAL DA REGIÃO DE PROMISSÃO,Cerpro,COOPERATIVA DE ELETRIFICAÇÃO RURAL DA REGIÃO DE PROMISSÃO,Cerpro — COOPERATIVA DE ELETRIFICAÇÃO RURAL DA REGIÃO DE PROMISSÃO,2034,pos_2022,REN_1000
2023,2,cerrp,cerrp,Cerrp,COOPERATIVA DE ELETRIFICAÇÃO E DESENVOLVIMENTO DA REGIÃO DE SÃO JOSÉ DO RIO PRETO,Cerrp,COOPERATIVA DE ELETRIFICAÇÃO E DESENVOLVIMENTO DA REGIÃO DE SÃO JOSÉ DO RIO PRETO,Cerrp — COOPERATIVA DE ELETRIFICAÇÃO E DESENVOLVIMENTO DA REGIÃO DE SÃO JOSÉ DO RIO PRETO,14138,pos_2022,REN_1000
2023,2,cersad,cersad,Cersad,COOPERATIVA DE DISTRIBUIÇÃO DE ENERGIA ELÉTRICA SALTO DONNER,Cersad,COOPERATIVA DE DISTRIBUIÇÃO DE ENERGIA ELÉTRICA SALTO DONNER,Cersad — COOPERATIVA DE DISTRIBUIÇÃO DE ENERGIA ELÉTRICA SALTO DONNER,1367,pos_2022,REN_1000
2023,2,cersul,cersul,Cersul,COOPERATIVA DE DISTRIBUIÇÃOI DE ENERGIA,Cersul,COOPERATIVA DE DISTRIBUIÇÃOI DE ENERGIA,Cersul — COOPERATIVA DE DISTRIBUIÇÃOI DE ENERGIA,18470,pos_2022,REN_1000
2023,2,certaja,certaja_energia,Certaja Energia,COOPERATIVA REGIONAL DE ENERGIA TAQUARI JACUÍ,Certaja Energia,COOPERATIVA REGIONAL DE ENERGIA TAQUARI JACUÍ,Certaja Energia — COOPERATIVA REGIONAL DE ENERGIA TAQUARI JACUÍ,26229,pos_2022,REN_1000
2023,2,certel,certel_energia,Certel Energia,COOPERATIVA DE DISTRIBUIÇÃO DE ENERGIA TEUTÔNIA,Certel Energia,COOPERATIVA DE DISTRIBUIÇÃO DE ENERGIA TEUTÔNIA,Certel Energia — COOPERATIVA DE DISTRIBUIÇÃO DE ENERGIA TEUTÔNIA,73100,pos_2022,REN_1000
2023,2,certhil,certhil,Certhil,COOPERATIVA DE DISTRIBUIÇÃO DE ENERGIA ENTRE RIOS LTDA,Certhil,COOPERATIVA DE DISTRIBUIÇÃO DE ENERGIA ENTRE RIOS LTDA,Certhil — COOPERATIVA DE DISTRIBUIÇÃO DE ENERGIA ENTRE RIOS LTDA,8595,pos_2022,REN_1000
2023,2,certrel,certrel,Certrel,COOPERATIVA DE ENERGIA TREVISO,Certrel,COOPERATIVA DE ENERGIA TREVISO,Certrel — COOPERATIVA DE ENERGIA TREVISO,4647,pos_2022,REN_1000
2023,2,cervam,cervam,Cervam,COOPERATIVA DE ENERGIZAÇÃO E DE DESENVOLVIMENTO DO VALE DO MOGI,Cervam,COOPERATIVA DE ENERGIZAÇÃO E DE DESENVOLVIMENTO DO VALE DO MOGI,Cervam — COOPERATIVA DE ENERGIZAÇÃO E DE DESENVOLVIMENTO DO VALE DO MOGI,4497,pos_2022,REN_1000
2023,2,cetril,cetril,Cetril,COOPERATIVA DE ELETRIFICAÇÃO DE IBIÚNA E REGIÃO,Cetril,COOPERATIVA DE ELETRIFICAÇÃO DE IBIÚNA E REGIÃO,Cetril — COOPERATIVA DE ELETRIFICAÇÃO DE IBIÚNA E REGIÃO,31788,pos_2022,REN_1000
2023,2,chesp,chesp,Chesp,COMPANHIA HIDROELÉTRICA SÃO PATRÍCIO,Chesp,COMPANHIA HIDROELÉTRICA SÃO PATRÍCIO,Chesp — COMPANHIA HIDROELÉTRICA SÃO PATRÍCIO,22035,pos_2022,REN_1000
2023,2,cocel,cocel,Cocel,COMPANHIA CAMPOLARGUENSE DE ENERGIA,Cocel,COMPANHIA CAMPOLARGUENSE DE ENERGIA,Cocel — COMPANHIA CAMPOLARGUENSE DE ENERGIA,58433,pos_2022,REN_1000
2023,2,codesam,codesam,Codesam,COOPERATIVA DE DISTRIBUIÇÃO DE ENERGIA ELÉTRICA DE SANTA MARIA,Codesam,COOPERATIVA DE DISTRIBUIÇÃO DE ENERGIA ELÉTRICA DE SANTA MARIA,Codesam — COOPERATIVA DE DISTRIBUIÇÃO DE ENERGIA ELÉTRICA DE SANTA MARIA,640,pos_2022,REN_1000
2023,2,coopera,coopera,Coopera,COOPERATIVA PIONEIRA DE ELETRIFICAÇÃO,Coopera,COOPERATIVA PIONEIRA DE ELETRIFICAÇÃO,Coopera — COOPERATIVA PIONEIRA DE ELETRIFICAÇÃO,26936,pos_2022,REN_1000
2023,2,cooperalianca,cooperalianca,Cooperaliança,COOPERATIVA ALIANÇA,Cooperaliança,COOPERATIVA ALIANÇA,Cooperaliança — COOPERATIVA ALIANÇA,43614,pos_2022,REN_1000
2023,2,coopercocal,coopercocal,Coopercocal,COOPERATIVA ENERGÉTICA COCAL,Coopercocal,COOPERATIVA ENERGÉTICA COCAL,Coopercocal — COOPERATIVA ENERGÉTICA COCAL,11694,pos_2022,REN_1000
2023,2,cooperluz,cooperluz,Cooperluz,COOPERATIVA DISTRIBUIDORA DE ENERGIA FRONTEIRA NOROESTE,Cooperluz,COOPERATIVA DISTRIBUIDORA DE ENERGIA FRONTEIRA NOROESTE,Cooperluz — COOPERATIVA DISTRIBUIDORA DE ENERGIA FRONTEIRA NOROESTE,16921,pos_2022,REN_1000
2023,2,coopermila,coopermila,Coopermila,COOPERATIVA DE ELETRIFICAÇÃO LAURO MÜLLER,Coopermila,COOPERATIVA DE ELETRIFICAÇÃO LAURO MÜLLER,Coopermila — COOPERATIVA DE ELETRIFICAÇÃO LAURO MÜLLER,1355,pos_2022,REN_1000
2023,2,coopernorte,coopernorte,Coopernorte,COOPERATIVA REGIONAL DE DISTRIBUIÇÃO DE ENERGIA DO LITORAL NORTE,Coopernorte,COOPERATIVA REGIONAL DE DISTRIBUIÇÃO DE ENERGIA DO LITORAL NORTE,Coopernorte — COOPERATIVA REGIONAL DE DISTRIBUIÇÃO DE ENERGIA DO LITORAL NORTE,6956,pos_2022,REN_1000
2023,2,cooperzem,cooperzem,Cooperzem,COOPERZEM COOPERATIVA DE DISTRIBUIÇÃO DE ENERGIA ELÉTRICA,Cooperzem,COOPERZEM COOPERATIVA DE DISTRIBUIÇÃO DE ENERGIA ELÉTRICA,Cooperzem — COOPERZEM COOPERATIVA DE DISTRIBUIÇÃO DE ENERGIA ELÉTRICA,8674,pos_2022,REN_1000
2023,2,coorsel,coorsel,Coorsel,COOPERATIVA REGIONAL SUL DE ELETRIFICAÇÃO RURAL,Coorsel,COOPERATIVA REGIONAL SUL DE ELETRIFICAÇÃO RURAL,Coorsel — COOPERATIVA REGIONAL SUL DE ELETRIFICAÇÃO RURAL,9279,pos_2022,REN_1000
2023,2,copel,copel_dis,Copel-Dis,COPEL DISTRIBUIÇÃO S.A.,Copel-Dis,COPEL DISTRIBUIÇÃO S.A.,Copel-Dis — COPEL DISTRIBUIÇÃO S.A.,5136989,pos_2022,REN_1000
2023,2,coprel,coprel,Coprel,COPREL COOPERATIVA DE ENERGIA,Coprel,COPREL COOPERATIVA DE ENERGIA,Coprel — COPREL COOPERATIVA DE ENERGIA,12136,pos_2022,REN_1000
2023,2,cpfl,cpfl_paulista,CPFL Paulista,COMPANHIA PAULISTA DE FORÇA E LUZ,CPFL Paulista,COMPANHIA PAULISTA DE FORÇA E LUZ,CPFL Paulista — COMPANHIA PAULISTA DE FORÇA E LUZ,4879133,pos_2022,REN_1000
2023,2,cpfl,cpfl_piratininga,CPFL Piratininga,COMPANHIA PIRATININGA DE FORÇA E LUZ,CPFL Piratininga,COMPANHIA PIRATININGA DE FORÇA E LUZ,CPFL Piratininga — COMPANHIA PIRATININGA DE FORÇA E LUZ,1910287,pos_2022,REN_1000
2023,2,cpfl,cpfl_santa_cruz,CPFL Santa Cruz,COMPANHIA JAGUARI DE ENERGIA - CPFL SANTA CRUZ,CPFL Santa Cruz,COMPANHIA JAGUARI DE ENERGIA - CPFL SANTA CRUZ,CPFL Santa Cruz — COMPANHIA JAGUARI DE ENERGIA - CPFL SANTA CRUZ,497757,pos_2022,REN_1000
2023,2,creluz_d,creluz_d,Creluz-D,COOPERATIVA DE DISTRIBUIÇÃO DE ENERGIA,Creluz-D,COOPERATIVA DE DISTRIBUIÇÃO DE ENERGIA,Creluz-D — COOPERATIVA DE DISTRIBUIÇÃO DE ENERGIA,25205,pos_2022,REN_1000
2023,2,creral,creral,Creral,COOPERATIVA REGIONAL DE ELETRIFICAÇÃO RURAL DO ALTO URUGUAI,Creral,COOPERATIVA REGIONAL DE ELETRIFICAÇÃO RURAL DO ALTO URUGUAI,Creral — COOPERATIVA REGIONAL DE ELETRIFICAÇÃO RURAL DO ALTO URUGUAI,7975,pos_2022,REN_1000
2023,2,demei,demei,Demei,DEPARTAMENTO MUNICIPAL DE ENERGIA DE IJUÍ,Demei,DEPARTAMENTO MUNICIPAL DE ENERGIA DE IJUÍ,Demei — DEPARTAMENTO MUNICIPAL DE ENERGIA DE IJUÍ,36088,pos_2022,REN_1000
2023,2,dmed,dmed,Dmed,DME DISTRIBUIÇÃO S.A.,Dmed,DME DISTRIBUIÇÃO S.A.,Dmed — DME DISTRIBUIÇÃO S.A.,85907,pos_2022,REN_1000
2023,2,edp,edp_es,EDP ES,EDP ESPÍRITO SANTO DISTRIBUIÇÃO DE ENERGIA S.A.,EDP ES,EDP ESPÍRITO SANTO DISTRIBUIÇÃO DE ENERGIA S.A.,EDP ES — EDP ESPÍRITO SANTO DISTRIBUIÇÃO DE ENERGIA S.A.,1769611,pos_2022,REN_1000
2023,2,edp,edp_sp,EDP SP,EDP SÃO PAULO DISTRIBUIÇÃO DE ENERGIA S.A.,EDP SP,EDP SÃO PAULO DISTRIBUIÇÃO DE ENERGIA S.A.,EDP SP — EDP SÃO PAULO DISTRIBUIÇÃO DE ENERGIA S.A.,2216474,pos_2022,REN_1000
2023,2,eflul,eflul,Eflul,EMPRESA FORÇA E LUZ DE URUSSANGA LTDA.,Eflul,EMPRESA FORÇA E LUZ DE URUSSANGA LTDA.,Eflul — EMPRESA FORÇA E LUZ DE URUSSANGA LTDA.,7432,pos_2022,REN_1000
2023,2,eletrocar,eletrocar,Eletrocar,CENTRAIS ELÉTRICAS DE CARAZINHO S.A.,Eletrocar,CENTRAIS ELÉTRICAS DE CARAZINHO S.A.,Eletrocar — CENTRAIS ELÉTRICAS DE CARAZINHO S.A.,39755,pos_2022,REN_1000
2023,2,enel,enel_ce,Enel CE,COMPANHIA ENERGÉTICA DO CEARÁ,Enel CE,COMPANHIA ENERGÉTICA DO CEARÁ,Enel CE — COMPANHIA ENERGÉTICA DO CEARÁ,4199476,pos_2022,REN_1000
2023,2,enel,enel_go,Enel GO,CELG DISTRIBUIÇÃO S.A.,Enel GO,CELG DISTRIBUIÇÃO S.A.,Enel GO — CELG DISTRIBUIÇÃO S.A.,3382258,pos_2022,REN_1000
2023,2,enel,enel_rj,Enel RJ,AMPLA ENERGIA E SERVIÇOS S.A.,Enel RJ,AMPLA ENERGIA E SERVIÇOS S.A.,Enel RJ — AMPLA ENERGIA E SERVIÇOS S.A.,3141568,pos_2022,REN_1000
2023,2,enel,enel_sp,Enel SP,ELETROPAULO METROPOLITANA ELETRICIDADE DE SÃO PAULO S.A.,Enel SP,ELETROPAULO METROPOLITANA ELETRICIDADE DE SÃO PAULO S.A.,Enel SP — ELETROPAULO METROPOLITANA ELETRICIDADE DE SÃO PAULO S.A.,8230813,pos_2022,REN_1000
2023,2,energisa,energisa_ac,Energisa AC,ENERGISA ACRE - DISTRIBUIDORA DE ENERGIA S.A.,Energisa AC,ENERGISA ACRE - DISTRIBUIDORA DE ENERGIA S.A.,Energisa AC — ENERGISA ACRE - DISTRIBUIDORA DE ENERGIA S.A.,287034,pos_2022,REN_1000
2023,2,energisa,energisa_minas_rio,Energisa Minas Rio,ENERGISA MINAS RIO - DISTRIBUIDORA DE ENERGIA S.A.,Energisa Minas Rio,ENERGISA MINAS RIO - DISTRIBUIDORA DE ENERGIA S.A.,Energisa Minas Rio — ENERGISA MINAS RIO - DISTRIBUIDORA DE ENERGIA S.A.,592912,pos_2022,REN_1000
2023,2,energisa,energisa_ms,Energisa MS,ENERGISA MATO GROSSO DO SUL DISTRIBUIDORA DE ENERGIA S.A.,Energisa MS,ENERGISA MATO GROSSO DO SUL DISTRIBUIDORA DE ENERGIA S.A.,Energisa MS — ENERGISA MATO GROSSO DO SUL DISTRIBUIDORA DE ENERGIA S.A.,1102068,pos_2022,REN_1000
2023,2,energisa,energisa_mt,Energisa MT,ENERGISA MATO GROSSO DISTRIBUIDORA DE ENERGIA S.A.,Energisa MT,ENERGISA MATO GROSSO DISTRIBUIDORA DE ENERGIA S.A.,Energisa MT — ENERGISA MATO GROSSO DISTRIBUIDORA DE ENERGIA S.A.,1589205,pos_2022,REN_1000
2023,2,energisa,energisa_pb,Energisa PB,ENERGISA PARAÍBA DISTRIBUIDORA DE ENERGIA S.A.,Energisa PB,ENERGISA PARAÍBA DISTRIBUIDORA DE ENERGIA S.A.,Energisa PB — ENERGISA PARAÍBA DISTRIBUIDORA DE ENERGIA S.A.,1776225,pos_2022,REN_1000
2023,2,energisa,energisa_ro,Energisa RO,ENERGISA RONDÔNIA DISTRIBUIDORA DE ENERGIA S.A.,Energisa RO,ENERGISA RONDÔNIA DISTRIBUIDORA DE ENERGIA S.A.,Energisa RO — ENERGISA RONDÔNIA DISTRIBUIDORA DE ENERGIA S.A.,685229,pos_2022,REN_1000
2023,2,energisa,energisa_se,Energisa SE,ENERGISA SERGIPE DISTRIBUIDORA DE ENERGIA S.A.,Energisa SE,ENERGISA SERGIPE DISTRIBUIDORA DE ENERGIA S.A.,Energisa SE — ENERGISA SERGIPE DISTRIBUIDORA DE ENERGIA S.A.,846457,pos_2022,REN_1000
2023,2,energisa,energisa_sul_sudeste,Energisa Sul-Sudeste,ENERGISA SUL-SUDESTE DISTRIBUIDORA DE ENERGIA S.A.,Energisa Sul-Sudeste,ENERGISA SUL-SUDESTE DISTRIBUIDORA DE ENERGIA S.A.,Energisa Sul-Sudeste — ENERGISA SUL-SUDESTE DISTRIBUIDORA DE ENERGIA S.A.,853059,pos_2022,REN_1000
2023,2,energisa,energisa_to,Energisa TO,ENERGISA TOCANTINS DISTRIBUIDORA DE ENERGIA S.A.,Energisa TO,ENERGISA TOCANTINS DISTRIBUIDORA DE ENERGIA S.A.,Energisa TO — ENERGISA TOCANTINS DISTRIBUIDORA DE ENERGIA S.A.,647474,pos_2022,REN_1000
2023,2,equatorial,cea_equatorial,CEA Equatorial,COMPANHIA DE ELETRICIDADE DO AMAPA,CEA Equatorial,COMPANHIA DE ELETRICIDADE DO AMAPA,CEA Equatorial — COMPANHIA DE ELETRICIDADE DO AMAPA,219556,pos_2022,REN_1000
2023,2,equatorial,ceee_equatorial,CEEE Equatorial,COMPANHIA ESTADUAL DE DISTRIBUIÇÃO DE ENERGIA ELÉTRICA,CEEE Equatorial,COMPANHIA ESTADUAL DE DISTRIBUIÇÃO DE ENERGIA ELÉTRICA,CEEE Equatorial — COMPANHIA ESTADUAL DE DISTRIBUIÇÃO DE ENERGIA ELÉTRICA,1879080,pos_2022,REN_1000
2023,2,equatorial,equatorial_al,Equatorial AL,EQUATORIAL ALAGOAS DISTRIBUIDORA DE ENERGIA S.A.,Equatorial AL,EQUATORIAL ALAGOAS DISTRIBUIDORA DE ENERGIA S.A.,Equatorial AL — EQUATORIAL ALAGOAS DISTRIBUIDORA DE ENERGIA S.A.,1324755,pos_2022,REN_1000
2023,2,equatorial,equatorial_ma,Equatorial MA,EQUATORIAL MARANHÃO DISTRIBUIDORA DE ENERGIA S.A.,Equatorial MA,EQUATORIAL MARANHÃO DISTRIBUIDORA DE ENERGIA S.A.,Equatorial MA — EQUATORIAL MARANHÃO DISTRIBUIDORA DE ENERGIA S.A.,2712566,pos_2022,REN_1000
2023,2,equatorial,equatorial_pa,Equatorial PA,EQUATORIAL PARÁ DISTRIBUIDORA DE ENERGIA S.A.,Equatorial PA,EQUATORIAL PARÁ DISTRIBUIDORA DE ENERGIA S.A.,Equatorial PA — EQUATORIAL PARÁ DISTRIBUIDORA DE ENERGIA S.A.,2949887,pos_2022,REN_1000
2023,2,equatorial,equatorial_pi,Equatorial PI,EQUATORIAL PIAUÍ DISTRIBUIDORA DE ENERGIA S.A.,Equatorial PI,EQUATORIAL PIAUÍ DISTRIBUIDORA DE ENERGIA S.A.,Equatorial PI — EQUATORIAL PIAUÍ DISTRIBUIDORA DE ENERGIA S.A.,1467889,pos_2022,REN_1000
2023,2,forcel,forcel,Forcel,FORÇA E LUZ CORONEL VIVIDA LTDA,Forcel,FORÇA E LUZ CORONEL VIVIDA LTDA,Forcel — FORÇA E LUZ CORONEL VIVIDA LTDA,8550,pos_2022,REN_1000
2023,2,hidropan,hidropan,Hidropan,HIDROPAN DISTRIBUIÇÃO DE ENERGIA S.A.,Hidropan,HIDROPAN DISTRIBUIÇÃO DE ENERGIA S.A.,Hidropan — HIDROPAN DISTRIBUIÇÃO DE ENERGIA S.A.,19865,pos_2022,REN_1000
2023,2,joao,joao_cesa,João Cesa,EMPRESA FORÇA E LUZ JOÃO CESA LTDA.,João Cesa,EMPRESA FORÇA E LUZ JOÃO CESA LTDA.,João Cesa — EMPRESA FORÇA E LUZ JOÃO CESA LTDA.,4600,pos_2022,REN_1000
2023,2,light,light,Light,LIGHT SERVIÇOS DE ELETRICIDADE S.A.,Light,LIGHT SERVIÇOS DE ELETRICIDADE S.A.,Light — LIGHT SERVIÇOS DE ELETRICIDADE S.A.,4617800,pos_2022,REN_1000
2023,2,mux,mux_energia,Mux Energia,"MUXFELDT, MARIN & CIA LTDA",Mux Energia,"MUXFELDT, MARIN & CIA LTDA","Mux Energia — MUXFELDT, MARIN & CIA LTDA",12647,pos_2022,REN_1000
2023,2,neoenergia,neoenergia_brasilia,Neoenergia Brasília,NEOENERGIA DISTRIBUIÇÃO BRASÍLIA S.A.,Neoenergia Brasília,NEOENERGIA DISTRIBUIÇÃO BRASÍLIA S.A.,Neoenergia Brasília — NEOENERGIA DISTRIBUIÇÃO BRASÍLIA S.A.,1161729,pos_2022,REN_1000
2023,2,neoenergia,neoenergia_coelba,Neoenergia Coelba,COMPANHIA DE ELETRICIDADE DO ESTADO DA BAHIA,Neoenergia Coelba,COMPANHIA DE ELETRICIDADE DO ESTADO DA BAHIA,Neoenergia Coelba — COMPANHIA DE ELETRICIDADE DO ESTADO DA BAHIA,6557077,pos_2022,REN_1000
2023,2,neoenergia,neoenergia_cosern,Neoenergia Cosern,COMPANHIA ENERGÉTICA DO RIO GRANDE DO NORTE,Neoenergia Cosern,COMPANHIA ENERGÉTICA DO RIO GRANDE DO NORTE,Neoenergia Cosern — COMPANHIA ENERGÉTICA DO RIO GRANDE DO NORTE,1566539,pos_2022,REN_1000
2023,2,neoenergia,neoenergia_elektro,Neoenergia Elektro,ELEKTRO REDES S.A.,Neoenergia Elektro,ELEKTRO REDES S.A.,Neoenergia Elektro — ELEKTRO REDES S.A.,2932441,pos_2022,REN_1000
2023,2,neoenergia,neoenergia_pernambuco,Neoenergia Pernambuco,COMPANHIA ENERGÉTICA DE PERNAMBUCO,Neoenergia Pernambuco,COMPANHIA ENERGÉTICA DE PERNAMBUCO,Neoenergia Pernambuco — COMPANHIA ENERGÉTICA DE PERNAMBUCO,3982218,pos_2022,REN_1000
2023,2,nova,nova_palma,Nova Palma,NOVA PALMA ENERGIA LTDA.,Nova Palma,NOVA PALMA ENERGIA LTDA.,Nova Palma — NOVA PALMA ENERGIA LTDA.,17160,pos_2022,REN_1000
2023,2,rge,rge,RGE,RGE SUL DISTRIBUIDORA DE ENERGIA S.A.,RGE,RGE SUL DISTRIBUIDORA DE ENERGIA S.A.,RGE — RGE SUL DISTRIBUIDORA DE ENERGIA S.A.,3075414,pos_2022,REN_1000
2023,2,roraima,roraima_energia,Roraima Energia,RORAIMA ENERGIA S.A.,Roraima Energia,RORAIMA ENERGIA S.A.,Roraima Energia — RORAIMA ENERGIA S.A.,207532,pos_2022,REN_1000
2023,2,santa,santa_maria,Santa Maria,EMPRESA LUZ E FORÇA SANTA MARIA S.A.,Santa Maria,EMPRESA LUZ E FORÇA SANTA MARIA S.A.,Santa Maria — EMPRESA LUZ E FORÇA SANTA MARIA S.A.,136618,pos_2022,REN_1000
2023,2,sulgipe,sulgipe,Sulgipe,COMPANHIA SUL SERGIPANA DE ELETRICIDADE,Sulgipe,COMPANHIA SUL SERGIPANA DE ELETRICIDADE,Sulgipe — COMPANHIA SUL SERGIPANA DE ELETRICIDADE,166704,pos_2022,REN_1000
2023,3,amazonas,amazonas_energia,Amazonas Energia,AMAZONAS ENERGIA S.A.,Amazonas Energia,AMAZONAS ENERGIA S.A.,Amazonas Energia — AMAZONAS ENERGIA S.A.,1140482,pos_2022,REN_1000
2023,3,castro_dis,castro_dis,Castro-Dis,COOPERATIVA DE DISTRIBUIÇÃO DE ENERGIA ELÉTRICA DE CASTRO,Castro-Dis,COOPERATIVA DE DISTRIBUIÇÃO DE ENERGIA ELÉTRICA DE CASTRO,Castro-Dis — COOPERATIVA DE DISTRIBUIÇÃO DE ENERGIA ELÉTRICA DE CASTRO,2311,pos_2022,REN_1000
2023,3,cedrap,cedrap,Cedrap,COOPERATIVA DE ELETRIFICAÇÃO DA REGIÃO DO ALTO DA PARAÍBA,Cedrap,COOPERATIVA DE ELETRIFICAÇÃO DA REGIÃO DO ALTO DA PARAÍBA,Cedrap — COOPERATIVA DE ELETRIFICAÇÃO DA REGIÃO DO ALTO DA PARAÍBA,7541,pos_2022,REN_1000
2023,3,cedri,cedri,Cedri,COOPERATIVA DE ELETRIFICAÇÃO E DISTRIBUIÇÃO DA REGIÃO DE ITARIRI,Cedri,COOPERATIVA DE ELETRIFICAÇÃO E DISTRIBUIÇÃO DA REGIÃO DE ITARIRI,Cedri — COOPERATIVA DE ELETRIFICAÇÃO E DISTRIBUIÇÃO DA REGIÃO DE ITARIRI,3033,pos_2022,REN_1000
2023,3,cegero,cegero,Cegero,COOPERATIVA DE ELETRICIDADE DE SÃO LUDGERO,Cegero,COOPERATIVA DE ELETRICIDADE DE SÃO LUDGERO,Cegero — COOPERATIVA DE ELETRICIDADE DE SÃO LUDGERO,6829,pos_2022,REN_1000
2023,3,cejama,cejama,Cejama,COOPERATIVA DE ELETRICIDADE JACINTO MACHADO,Cejama,COOPERATIVA DE ELETRICIDADE JACINTO MACHADO,Cejama — COOPERATIVA DE ELETRICIDADE JACINTO MACHADO,5531,pos_2022,REN_1000
2023,3,celetro,celetro,Celetro,COOPERATIVA DE ELETRIFICAÇÃO CENTRO JACUÍ LTDA.,Celetro,COOPERATIVA DE ELETRIFICAÇÃO CENTRO JACUÍ LTDA.,Celetro — COOPERATIVA DE ELETRIFICAÇÃO CENTRO JACUÍ LTDA.,23924,pos_2022,REN_1000
2023,3,cemig,cemig_d,Cemig-D,CEMIG DISTRIBUIÇÃO S.A.,Cemig-D,CEMIG DISTRIBUIÇÃO S.A.,Cemig-D — CEMIG DISTRIBUIÇÃO S.A.,10300607,pos_2022,REN_1000
2023,3,cemirim,cemirim,Cemirim,COOPERATIVA DE ELETRIFICAÇÃO E DESENVOLVIMENTO DA REGIÃO DE MOGI MIRIM,Cemirim,COOPERATIVA DE ELETRIFICAÇÃO E DESENVOLVIMENTO DA REGIÃO DE MOGI MIRIM,Cemirim — COOPERATIVA DE ELETRIFICAÇÃO E DESENVOLVIMENTO DA REGIÃO DE MOGI MIRIM,16515,pos_2022,REN_1000
2023,3,ceprag,ceprag,Ceprag,COOPERATIVA DE ELETRICIDADE PRAIA GRANDE,Ceprag,COOPERATIVA DE ELETRICIDADE PRAIA GRANDE,Ceprag — COOPERATIVA DE ELETRICIDADE PRAIA GRANDE,20294,pos_2022,REN_1000
2023,3,ceraca,ceraca,Ceraçá,COOPERATIVA DISTRIBUIDORA DE ENERGIA VALE DO ARAÇÁ,Ceraçá,COOPERATIVA DISTRIBUIDORA DE ENERGIA VALE DO ARAÇÁ,Ceraçá — COOPERATIVA DISTRIBUIDORA DE ENERGIA VALE DO ARAÇÁ,12666,pos_2022,REN_1000
2023,3,ceral,ceral_anitapolis,Ceral Anitápolis,COOPERATIVA DE DISTRIBUIÇÃO DE ENERGIA ELÉTRICA DE ANITÁPOLIS,Ceral Anitápolis,COOPERATIVA DE DISTRIBUIÇÃO DE ENERGIA ELÉTRICA DE ANITÁPOLIS,Ceral Anitápolis — COOPERATIVA DE DISTRIBUIÇÃO DE ENERGIA ELÉTRICA DE ANITÁPOLIS,3830,pos_2022,REN_1000
2023,3,ceral,ceral_araruama,Ceral Araruama,COOPERATIVA DE ELETRIFICAÇÃO RURAL DE ARARUAMA,Ceral Araruama,COOPERATIVA DE ELETRIFICAÇÃO RURAL DE ARARUAMA,Ceral Araruama — COOPERATIVA DE ELETRIFICAÇÃO RURAL DE ARARUAMA,7289,pos_2022,REN_1000
2023,3,cerbranorte,cerbranorte,Cerbranorte,COOPERATIVA DE ELETRIFICAÇÃO DE BRAÇO DO NORTE,Cerbranorte,COOPERATIVA DE ELETRIFICAÇÃO DE BRAÇO DO NORTE,Cerbranorte — COOPERATIVA DE ELETRIFICAÇÃO DE BRAÇO DO NORTE,17879,pos_2022,REN_1000
2023,3,cerci,cerci,Cerci,COOPERATIVA DE ELETRIFICAÇÃO RURAL CACHOEIRAS- ITABORAÍ LTDA,Cerci,COOPERATIVA DE ELETRIFICAÇÃO RURAL CACHOEIRAS- ITABORAÍ LTDA,Cerci — COOPERATIVA DE ELETRIFICAÇÃO RURAL CACHOEIRAS- ITABORAÍ LTDA,18060,pos_2022,REN_1000
2023,3,cercos,cercos,Cercos,COOPERATIVA DE ELETRIFICAÇÃO E DESENVOLVIMENTO RURAL CENTRO SUL DE SERGIPE LTDA,Cercos,COOPERATIVA DE ELETRIFICAÇÃO E DESENVOLVIMENTO RURAL CENTRO SUL DE SERGIPE LTDA,Cercos — COOPERATIVA DE ELETRIFICAÇÃO E DESENVOLVIMENTO RURAL CENTRO SUL DE SERGIPE LTDA,7533,pos_2022,REN_1000
2023,3,cerej,cerej,Cerej,COOPERATIVA DE PRESTAÇÃO DE SERVIÇOS PÚBLICOS DE DISTRIBUIÇÃO DE ENERGIA ELÉTRICA SENADOR ESTEVES JÚNIOR,Cerej,COOPERATIVA DE PRESTAÇÃO DE SERVIÇOS PÚBLICOS DE DISTRIBUIÇÃO DE ENERGIA ELÉTRICA SENADOR ESTEVES JÚNIOR,Cerej — COOPERATIVA DE PRESTAÇÃO DE SERVIÇOS PÚBLICOS DE DISTRIBUIÇÃO DE ENERGIA ELÉTRICA SENADOR ESTEVES JÚNIOR,15361,pos_2022,REN_1000
2023,3,ceres,ceres,Ceres,COOPERATIVA DE ELETRIFICAÇÃO RURAL DE RESENDE LTDA.,Ceres,COOPERATIVA DE ELETRIFICAÇÃO RURAL DE RESENDE LTDA.,Ceres — COOPERATIVA DE ELETRIFICAÇÃO RURAL DE RESENDE LTDA.,5776,pos_2022,REN_1000
2023,3,cerfox,cerfox,Cerfox,COOPERATIVA DE DISTRIBUIÇÃO DE ENERGIA FONTOURA XAVIER,Cerfox,COOPERATIVA DE DISTRIBUIÇÃO DE ENERGIA FONTOURA XAVIER,Cerfox — COOPERATIVA DE DISTRIBUIÇÃO DE ENERGIA FONTOURA XAVIER,16154,pos_2022,REN_1000
2023,3,cergal,cergal,Cergal,COOPERATIVA DE ELETRIFICAÇÃO RURAL ANITA GARIBALDI LTDA,Cergal,COOPERATIVA DE ELETRIFICAÇÃO RURAL ANITA GARIBALDI LTDA,Cergal — COOPERATIVA DE ELETRIFICAÇÃO RURAL ANITA GARIBALDI LTDA,20228,pos_2022,REN_1000
2023,3,cergapa,cergapa,Cergapa,COOPERATIVA DE ELETRICIDADE DE GRÃO PARÁ,Cergapa,COOPERATIVA DE ELETRICIDADE DE GRÃO PARÁ,Cergapa — COOPERATIVA DE ELETRICIDADE DE GRÃO PARÁ,3961,pos_2022,REN_1000
2023,3,cergral,cergral,Cergral,COOPERATIVA DE ELETRICIDADE DE GRAVATAL,Cergral,COOPERATIVA DE ELETRICIDADE DE GRAVATAL,Cergral — COOPERATIVA DE ELETRICIDADE DE GRAVATAL,6827,pos_2022,REN_1000
2023,3,ceriluz,ceriluz,Ceriluz,COOPERATIVA REGIONAL DE ENERGIA E DESENVOLVIMENTO IJUÍ LTDA,Ceriluz,COOPERATIVA REGIONAL DE ENERGIA E DESENVOLVIMENTO IJUÍ LTDA,Ceriluz — COOPERATIVA REGIONAL DE ENERGIA E DESENVOLVIMENTO IJUÍ LTDA,14903,pos_2022,REN_1000
2023,3,cerim,cerim,Cerim,COOPERATIVA DE ELETRIFICAÇÃO E DESENVOLVIMENTO DA REGIÃO DE ITU-MAIRINQUE,Cerim,COOPERATIVA DE ELETRIFICAÇÃO E DESENVOLVIMENTO DA REGIÃO DE ITU-MAIRINQUE,Cerim — COOPERATIVA DE ELETRIFICAÇÃO E DESENVOLVIMENTO DA REGIÃO DE ITU-MAIRINQUE,15381,pos_2022,REN_1000
2023,3,ceripa,ceripa,Ceripa,COOPERATIVA DE ELETRIFICAÇÃO RURAL DE ITAÍ-PARANAPANEMA-AVARÉ,Ceripa,COOPERATIVA DE ELETRIFICAÇÃO RURAL DE ITAÍ-PARANAPANEMA-AVARÉ,Ceripa — COOPERATIVA DE ELETRIFICAÇÃO RURAL DE ITAÍ-PARANAPANEMA-AVARÉ,7364,pos_2022,REN_1000
2023,3,ceris,ceris,Ceris,COOPERATIVA DE ELETRIFICAÇÃO RURAL DA REGIÃO DE ITAPECERICA DA SERRA,Ceris,COOPERATIVA DE ELETRIFICAÇÃO RURAL DA REGIÃO DE ITAPECERICA DA SERRA,Ceris — COOPERATIVA DE ELETRIFICAÇÃO RURAL DA REGIÃO DE ITAPECERICA DA SERRA,6967,pos_2022,REN_1000
2023,3,cermc,cermc,Cermc,COOPERATIVA DE ELETRIFICAÇÃO E DESENVOLVIMENTO DA REGIÃO DE MOGI DAS CRUZES,Cermc,COOPERATIVA DE ELETRIFICAÇÃO E DESENVOLVIMENTO DA REGIÃO DE MOGI DAS CRUZES,Cermc — COOPERATIVA DE ELETRIFICAÇÃO E DESENVOLVIMENTO DA REGIÃO DE MOGI DAS CRUZES,3355,pos_2022,REN_1000
2023,3,cermissoes,cermissoes,Cermissões,COOPERATIVA DE DISTRIBUIÇÃO E GERAÇÃO DE ENERGIA DAS MISSÕES,Cermissões,COOPERATIVA DE DISTRIBUIÇÃO E GERAÇÃO DE ENERGIA DAS MISSÕES,Cermissões — COOPERATIVA DE DISTRIBUIÇÃO E GERAÇÃO DE ENERGIA DAS MISSÕES,28363,pos_2022,REN_1000
2023,3,cermoful,cermoful,Cermoful,COOPERATIVA FUMACENSE DE ELETRICIDADE,Cermoful,COOPERATIVA FUMACENSE DE ELETRICIDADE,Cermoful — COOPERATIVA FUMACENSE DE ELETRICIDADE,16059,pos_2022,REN_1000
2023,3,cernhe,cernhe,Cernhe,COOPERATIVA DE ELETRIFICAÇÃO E DESENVOLVIMENTO RURAL DA REGIÃO DE NOVO HORIZONTE,Cernhe,COOPERATIVA DE ELETRIFICAÇÃO E DESENVOLVIMENTO RURAL DA REGIÃO DE NOVO HORIZONTE,Cernhe — COOPERATIVA DE ELETRIFICAÇÃO E DESENVOLVIMENTO RURAL DA REGIÃO DE NOVO HORIZONTE,4640,pos_2022,REN_1000
2023,3,cerpalo,cerpalo,Cerpalo,COOPERATIVA DE ELETRIFICAÇÃO DE PAULO LOPES,Cerpalo,COOPERATIVA DE ELETRIFICAÇÃO DE PAULO LOPES,Cerpalo — COOPERATIVA DE ELETRIFICAÇÃO DE PAULO LOPES,16432,pos_2022,REN_1000
2023,3,cerpro,cerpro,Cerpro,COOPERATIVA DE ELETRIFICAÇÃO RURAL DA REGIÃO DE PROMISSÃO,Cerpro,COOPERATIVA DE ELETRIFICAÇÃO RURAL DA REGIÃO DE PROMISSÃO,Cerpro — COOPERATIVA DE ELETRIFICAÇÃO RURAL DA REGIÃO DE PROMISSÃO,2029,pos_2022,REN_1000
2023,3,cerrp,cerrp,Cerrp,COOPERATIVA DE ELETRIFICAÇÃO E DESENVOLVIMENTO DA REGIÃO DE SÃO JOSÉ DO RIO PRETO,Cerrp,COOPERATIVA DE ELETRIFICAÇÃO E DESENVOLVIMENTO DA REGIÃO DE SÃO JOSÉ DO RIO PRETO,Cerrp — COOPERATIVA DE ELETRIFICAÇÃO E DESENVOLVIMENTO DA REGIÃO DE SÃO JOSÉ DO RIO PRETO,3425,pos_2022,REN_1000
2023,3,cersad,cersad,Cersad,COOPERATIVA DE DISTRIBUIÇÃO DE ENERGIA ELÉTRICA SALTO DONNER,Cersad,COOPERATIVA DE DISTRIBUIÇÃO DE ENERGIA ELÉTRICA SALTO DONNER,Cersad — COOPERATIVA DE DISTRIBUIÇÃO DE ENERGIA ELÉTRICA SALTO DONNER,1368,pos_2022,REN_1000
2023,3,cersul,cersul,Cersul,COOPERATIVA DE DISTRIBUIÇÃOI DE ENERGIA,Cersul,COOPERATIVA DE DISTRIBUIÇÃOI DE ENERGIA,Cersul — COOPERATIVA DE DISTRIBUIÇÃOI DE ENERGIA,18469,pos_2022,REN_1000
2023,3,certaja,certaja_energia,Certaja Energia,COOPERATIVA REGIONAL DE ENERGIA TAQUARI JACUÍ,Certaja Energia,COOPERATIVA REGIONAL DE ENERGIA TAQUARI JACUÍ,Certaja Energia — COOPERATIVA REGIONAL DE ENERGIA TAQUARI JACUÍ,26249,pos_2022,REN_1000
2023,3,certel,certel_energia,Certel Energia,COOPERATIVA DE DISTRIBUIÇÃO DE ENERGIA TEUTÔNIA,Certel Energia,COOPERATIVA DE DISTRIBUIÇÃO DE ENERGIA TEUTÔNIA,Certel Energia — COOPERATIVA DE DISTRIBUIÇÃO DE ENERGIA TEUTÔNIA,73259,pos_2022,REN_1000
2023,3,certhil,certhil,Certhil,COOPERATIVA DE DISTRIBUIÇÃO DE ENERGIA ENTRE RIOS LTDA,Certhil,COOPERATIVA DE DISTRIBUIÇÃO DE ENERGIA ENTRE RIOS LTDA,Certhil — COOPERATIVA DE DISTRIBUIÇÃO DE ENERGIA ENTRE RIOS LTDA,8610,pos_2022,REN_1000
2023,3,certrel,certrel,Certrel,COOPERATIVA DE ENERGIA TREVISO,Certrel,COOPERATIVA DE ENERGIA TREVISO,Certrel — COOPERATIVA DE ENERGIA TREVISO,4647,pos_2022,REN_1000
2023,3,cervam,cervam,Cervam,COOPERATIVA DE ENERGIZAÇÃO E DE DESENVOLVIMENTO DO VALE DO MOGI,Cervam,COOPERATIVA DE ENERGIZAÇÃO E DE DESENVOLVIMENTO DO VALE DO MOGI,Cervam — COOPERATIVA DE ENERGIZAÇÃO E DE DESENVOLVIMENTO DO VALE DO MOGI,4498,pos_2022,REN_1000
2023,3,cetril,cetril,Cetril,COOPERATIVA DE ELETRIFICAÇÃO DE IBIÚNA E REGIÃO,Cetril,COOPERATIVA DE ELETRIFICAÇÃO DE IBIÚNA E REGIÃO,Cetril — COOPERATIVA DE ELETRIFICAÇÃO DE IBIÚNA E REGIÃO,31835,pos_2022,REN_1000
2023,3,chesp,chesp,Chesp,COMPANHIA HIDROELÉTRICA SÃO PATRÍCIO,Chesp,COMPANHIA HIDROELÉTRICA SÃO PATRÍCIO,Chesp — COMPANHIA HIDROELÉTRICA SÃO PATRÍCIO,22050,pos_2022,REN_1000
2023,3,cocel,cocel,Cocel,COMPANHIA CAMPOLARGUENSE DE ENERGIA,Cocel,COMPANHIA CAMPOLARGUENSE DE ENERGIA,Cocel — COMPANHIA CAMPOLARGUENSE DE ENERGIA,58550,pos_2022,REN_1000
2023,3,codesam,codesam,Codesam,COOPERATIVA DE DISTRIBUIÇÃO DE ENERGIA ELÉTRICA DE SANTA MARIA,Codesam,COOPERATIVA DE DISTRIBUIÇÃO DE ENERGIA ELÉTRICA DE SANTA MARIA,Codesam — COOPERATIVA DE DISTRIBUIÇÃO DE ENERGIA ELÉTRICA DE SANTA MARIA,643,pos_2022,REN_1000
2023,3,coopera,coopera,Coopera,COOPERATIVA PIONEIRA DE ELETRIFICAÇÃO,Coopera,COOPERATIVA PIONEIRA DE ELETRIFICAÇÃO,Coopera — COOPERATIVA PIONEIRA DE ELETRIFICAÇÃO,26946,pos_2022,REN_1000
2023,3,cooperalianca,cooperalianca,Cooperaliança,COOPERATIVA ALIANÇA,Cooperaliança,COOPERATIVA ALIANÇA,Cooperaliança — COOPERATIVA ALIANÇA,43715,pos_2022,REN_1000
2023,3,coopercocal,coopercocal,Coopercocal,COOPERATIVA ENERGÉTICA COCAL,Coopercocal,COOPERATIVA ENERGÉTICA COCAL,Coopercocal — COOPERATIVA ENERGÉTICA COCAL,11690,pos_2022,REN_1000
2023,3,cooperluz,cooperluz,Cooperluz,COOPERATIVA DISTRIBUIDORA DE ENERGIA FRONTEIRA NOROESTE,Cooperluz,COOPERATIVA DISTRIBUIDORA DE ENERGIA FRONTEIRA NOROESTE,Cooperluz — COOPERATIVA DISTRIBUIDORA DE ENERGIA FRONTEIRA NOROESTE,16939,pos_2022,REN_1000
2023,3,coopermila,coopermila,Coopermila,COOPERATIVA DE ELETRIFICAÇÃO LAURO MÜLLER,Coopermila,COOPERATIVA DE ELETRIFICAÇÃO LAURO MÜLLER,Coopermila — COOPERATIVA DE ELETRIFICAÇÃO LAURO MÜLLER,1358,pos_2022,REN_1000
2023,3,coopernorte,coopernorte,Coopernorte,COOPERATIVA REGIONAL DE DISTRIBUIÇÃO DE ENERGIA DO LITORAL NORTE,Coopernorte,COOPERATIVA REGIONAL DE DISTRIBUIÇÃO DE ENERGIA DO LITORAL NORTE,Coopernorte — COOPERATIVA REGIONAL DE DISTRIBUIÇÃO DE ENERGIA DO LITORAL NORTE,6953,pos_2022,REN_1000
2023,3,cooperzem,cooperzem,Cooperzem,COOPERZEM COOPERATIVA DE DISTRIBUIÇÃO DE ENERGIA ELÉTRICA,Cooperzem,COOPERZEM COOPERATIVA DE DISTRIBUIÇÃO DE ENERGIA ELÉTRICA,Cooperzem — COOPERZEM COOPERATIVA DE DISTRIBUIÇÃO DE ENERGIA ELÉTRICA,8678,pos_2022,REN_1000
2023,3,coorsel,coorsel,Coorsel,COOPERATIVA REGIONAL SUL DE ELETRIFICAÇÃO RURAL,Coorsel,COOPERATIVA REGIONAL SUL DE ELETRIFICAÇÃO RURAL,Coorsel — COOPERATIVA REGIONAL SUL DE ELETRIFICAÇÃO RURAL,9290,pos_2022,REN_1000
2023,3,copel,copel_dis,Copel-Dis,COPEL DISTRIBUIÇÃO S.A.,Copel-Dis,COPEL DISTRIBUIÇÃO S.A.,Copel-Dis — COPEL DISTRIBUIÇÃO S.A.,5146063,pos_2022,REN_1000
2023,3,coprel,coprel,Coprel,COPREL COOPERATIVA DE ENERGIA,Coprel,COPREL COOPERATIVA DE ENERGIA,Coprel — COPREL COOPERATIVA DE ENERGIA,12183,pos_2022,REN_1000
2023,3,cpfl,cpfl_paulista,CPFL Paulista,COMPANHIA PAULISTA DE FORÇA E LUZ,CPFL Paulista,COMPANHIA PAULISTA DE FORÇA E LUZ,CPFL Paulista — COMPANHIA PAULISTA DE FORÇA E LUZ,4887312,pos_2022,REN_1000
2023,3,cpfl,cpfl_piratininga,CPFL Piratininga,COMPANHIA PIRATININGA DE FORÇA E LUZ,CPFL Piratininga,COMPANHIA PIRATININGA DE FORÇA E LUZ,CPFL Piratininga — COMPANHIA PIRATININGA DE FORÇA E LUZ,1913374,pos_2022,REN_1000
2023,3,cpfl,cpfl_santa_cruz,CPFL Santa Cruz,COMPANHIA JAGUARI DE ENERGIA - CPFL SANTA CRUZ,CPFL Santa Cruz,COMPANHIA JAGUARI DE ENERGIA - CPFL SANTA CRUZ,CPFL Santa Cruz — COMPANHIA JAGUARI DE ENERGIA - CPFL SANTA CRUZ,498341,pos_2022,REN_1000
2023,3,creluz_d,creluz_d,Creluz-D,COOPERATIVA DE DISTRIBUIÇÃO DE ENERGIA,Creluz-D,COOPERATIVA DE DISTRIBUIÇÃO DE ENERGIA,Creluz-D — COOPERATIVA DE DISTRIBUIÇÃO DE ENERGIA,25222,pos_2022,REN_1000
2023,3,creral,creral,Creral,COOPERATIVA REGIONAL DE ELETRIFICAÇÃO RURAL DO ALTO URUGUAI,Creral,COOPERATIVA REGIONAL DE ELETRIFICAÇÃO RURAL DO ALTO URUGUAI,Creral — COOPERATIVA REGIONAL DE ELETRIFICAÇÃO RURAL DO ALTO URUGUAI,7959,pos_2022,REN_1000
2023,3,dcelt,dcelt,Dcelt,DISTRIBUIDORA CATARINENSE DE ENERGIA ELÉTRICA S/A.,Dcelt,DISTRIBUIDORA CATARINENSE DE ENERGIA ELÉTRICA S/A.,Dcelt — DISTRIBUIDORA CATARINENSE DE ENERGIA ELÉTRICA S/A.,40249,pos_2022,REN_1000
2023,3,demei,demei,Demei,DEPARTAMENTO MUNICIPAL DE ENERGIA DE IJUÍ,Demei,DEPARTAMENTO MUNICIPAL DE ENERGIA DE IJUÍ,Demei — DEPARTAMENTO MUNICIPAL DE ENERGIA DE IJUÍ,36133,pos_2022,REN_1000
2023,3,dmed,dmed,Dmed,DME DISTRIBUIÇÃO S.A.,Dmed,DME DISTRIBUIÇÃO S.A.,Dmed — DME DISTRIBUIÇÃO S.A.,86185,pos_2022,REN_1000
2023,3,edp,edp_es,EDP ES,EDP ESPÍRITO SANTO DISTRIBUIÇÃO DE ENERGIA S.A.,EDP ES,EDP ESPÍRITO SANTO DISTRIBUIÇÃO DE ENERGIA S.A.,EDP ES — EDP ESPÍRITO SANTO DISTRIBUIÇÃO DE ENERGIA S.A.,1772416,pos_2022,REN_1000
2023,3,edp,edp_sp,EDP SP,EDP SÃO PAULO DISTRIBUIÇÃO DE ENERGIA S.A.,EDP SP,EDP SÃO PAULO DISTRIBUIÇÃO DE ENERGIA S.A.,EDP SP — EDP SÃO PAULO DISTRIBUIÇÃO DE ENERGIA S.A.,2220137,pos_2022,REN_1000
2023,3,eflul,eflul,Eflul,EMPRESA FORÇA E LUZ DE URUSSANGA LTDA.,Eflul,EMPRESA FORÇA E LUZ DE URUSSANGA LTDA.,Eflul — EMPRESA FORÇA E LUZ DE URUSSANGA LTDA.,7437,pos_2022,REN_1000
2023,3,eletrocar,eletrocar,Eletrocar,CENTRAIS ELÉTRICAS DE CARAZINHO S.A.,Eletrocar,CENTRAIS ELÉTRICAS DE CARAZINHO S.A.,Eletrocar — CENTRAIS ELÉTRICAS DE CARAZINHO S.A.,39831,pos_2022,REN_1000
2023,3,enel,enel_ce,Enel CE,COMPANHIA ENERGÉTICA DO CEARÁ,Enel CE,COMPANHIA ENERGÉTICA DO CEARÁ,Enel CE — COMPANHIA ENERGÉTICA DO CEARÁ,4211949,pos_2022,REN_1000
2023,3,enel,enel_go,Enel GO,CELG DISTRIBUIÇÃO S.A.,Enel GO,CELG DISTRIBUIÇÃO S.A.,Enel GO — CELG DISTRIBUIÇÃO S.A.,3389698,pos_2022,REN_1000
2023,3,enel,enel_rj,Enel RJ,AMPLA ENERGIA E SERVIÇOS S.A.,Enel RJ,AMPLA ENERGIA E SERVIÇOS S.A.,Enel RJ — AMPLA ENERGIA E SERVIÇOS S.A.,3148837,pos_2022,REN_1000
2023,3,enel,enel_sp,Enel SP,ELETROPAULO METROPOLITANA ELETRICIDADE DE SÃO PAULO S.A.,Enel SP,ELETROPAULO METROPOLITANA ELETRICIDADE DE SÃO PAULO S.A.,Enel SP — ELETROPAULO METROPOLITANA ELETRICIDADE DE SÃO PAULO S.A.,8250660,pos_2022,REN_1000
2023,3,energisa,energisa_ac,Energisa AC,ENERGISA ACRE - DISTRIBUIDORA DE ENERGIA S.A.,Energisa AC,ENERGISA ACRE - DISTRIBUIDORA DE ENERGIA S.A.,Energisa AC — ENERGISA ACRE - DISTRIBUIDORA DE ENERGIA S.A.,287143,pos_2022,REN_1000
2023,3,energisa,energisa_minas_rio,Energisa Minas Rio,ENERGISA MINAS RIO - DISTRIBUIDORA DE ENERGIA S.A.,Energisa Minas Rio,ENERGISA MINAS RIO - DISTRIBUIDORA DE ENERGIA S.A.,Energisa Minas Rio — ENERGISA MINAS RIO - DISTRIBUIDORA DE ENERGIA S.A.,593494,pos_2022,REN_1000
2023,3,energisa,energisa_ms,Energisa MS,ENERGISA MATO GROSSO DO SUL DISTRIBUIDORA DE ENERGIA S.A.,Energisa MS,ENERGISA MATO GROSSO DO SUL DISTRIBUIDORA DE ENERGIA S.A.,Energisa MS — ENERGISA MATO GROSSO DO SUL DISTRIBUIDORA DE ENERGIA S.A.,1104322,pos_2022,REN_1000
2023,3,energisa,energisa_mt,Energisa MT,ENERGISA MATO GROSSO DISTRIBUIDORA DE ENERGIA S.A.,Energisa MT,ENERGISA MATO GROSSO DISTRIBUIDORA DE ENERGIA S.A.,Energisa MT — ENERGISA MATO GROSSO DISTRIBUIDORA DE ENERGIA S.A.,1593254,pos_2022,REN_1000
2023,3,energisa,energisa_pb,Energisa PB,ENERGISA PARAÍBA DISTRIBUIDORA DE ENERGIA S.A.,Energisa PB,ENERGISA PARAÍBA DISTRIBUIDORA DE ENERGIA S.A.,Energisa PB — ENERGISA PARAÍBA DISTRIBUIDORA DE ENERGIA S.A.,1779052,pos_2022,REN_1000
2023,3,energisa,energisa_ro,Energisa RO,ENERGISA RONDÔNIA DISTRIBUIDORA DE ENERGIA S.A.,Energisa RO,ENERGISA RONDÔNIA DISTRIBUIDORA DE ENERGIA S.A.,Energisa RO — ENERGISA RONDÔNIA DISTRIBUIDORA DE ENERGIA S.A.,686354,pos_2022,REN_1000
2023,3,energisa,energisa_se,Energisa SE,ENERGISA SERGIPE DISTRIBUIDORA DE ENERGIA S.A.,Energisa SE,ENERGISA SERGIPE DISTRIBUIDORA DE ENERGIA S.A.,Energisa SE — ENERGISA SERGIPE DISTRIBUIDORA DE ENERGIA S.A.,848738,pos_2022,REN_1000
2023,3,energisa,energisa_sul_sudeste,Energisa Sul-Sudeste,ENERGISA SUL-SUDESTE DISTRIBUIDORA DE ENERGIA S.A.,Energisa Sul-Sudeste,ENERGISA SUL-SUDESTE DISTRIBUIDORA DE ENERGIA S.A.,Energisa Sul-Sudeste — ENERGISA SUL-SUDESTE DISTRIBUIDORA DE ENERGIA S.A.,854800,pos_2022,REN_1000
2023,3,energisa,energisa_to,Energisa TO,ENERGISA TOCANTINS DISTRIBUIDORA DE ENERGIA S.A.,Energisa TO,ENERGISA TOCANTINS DISTRIBUIDORA DE ENERGIA S.A.,Energisa TO — ENERGISA TOCANTINS DISTRIBUIDORA DE ENERGIA S.A.,649516,pos_2022,REN_1000
2023,3,equatorial,cea_equatorial,CEA Equatorial,COMPANHIA DE ELETRICIDADE DO AMAPA,CEA Equatorial,COMPANHIA DE ELETRICIDADE DO AMAPA,CEA Equatorial — COMPANHIA DE ELETRICIDADE DO AMAPA,221867,pos_2022,REN_1000
2023,3,equatorial,ceee_equatorial,CEEE Equatorial,COMPANHIA ESTADUAL DE DISTRIBUIÇÃO DE ENERGIA ELÉTRICA,CEEE Equatorial,COMPANHIA ESTADUAL DE DISTRIBUIÇÃO DE ENERGIA ELÉTRICA,CEEE Equatorial — COMPANHIA ESTADUAL DE DISTRIBUIÇÃO DE ENERGIA ELÉTRICA,1886109,pos_2022,REN_1000
2023,3,equatorial,equatorial_al,Equatorial AL,EQUATORIAL ALAGOAS DISTRIBUIDORA DE ENERGIA S.A.,Equatorial AL,EQUATORIAL ALAGOAS DISTRIBUIDORA DE ENERGIA S.A.,Equatorial AL — EQUATORIAL ALAGOAS DISTRIBUIDORA DE ENERGIA S.A.,1329848,pos_2022,REN_1000
2023,3,equatorial,equatorial_ma,Equatorial MA,EQUATORIAL MARANHÃO DISTRIBUIDORA DE ENERGIA S.A.,Equatorial MA,EQUATORIAL MARANHÃO DISTRIBUIDORA DE ENERGIA S.A.,Equatorial MA — EQUATORIAL MARANHÃO DISTRIBUIDORA DE ENERGIA S.A.,2718643,pos_2022,REN_1000
2023,3,equatorial,equatorial_pa,Equatorial PA,EQUATORIAL PARÁ DISTRIBUIDORA DE ENERGIA S.A.,Equatorial PA,EQUATORIAL PARÁ DISTRIBUIDORA DE ENERGIA S.A.,Equatorial PA — EQUATORIAL PARÁ DISTRIBUIDORA DE ENERGIA S.A.,2958040,pos_2022,REN_1000
2023,3,equatorial,equatorial_pi,Equatorial PI,EQUATORIAL PIAUÍ DISTRIBUIDORA DE ENERGIA S.A.,Equatorial PI,EQUATORIAL PIAUÍ DISTRIBUIDORA DE ENERGIA S.A.,Equatorial PI — EQUATORIAL PIAUÍ DISTRIBUIDORA DE ENERGIA S.A.,1472557,pos_2022,REN_1000
2023,3,forcel,forcel,Forcel,FORÇA E LUZ CORONEL VIVIDA LTDA,Forcel,FORÇA E LUZ CORONEL VIVIDA LTDA,Forcel — FORÇA E LUZ CORONEL VIVIDA LTDA,8576,pos_2022,REN_1000
2023,3,hidropan,hidropan,Hidropan,HIDROPAN DISTRIBUIÇÃO DE ENERGIA S.A.,Hidropan,HIDROPAN DISTRIBUIÇÃO DE ENERGIA S.A.,Hidropan — HIDROPAN DISTRIBUIÇÃO DE ENERGIA S.A.,19898,pos_2022,REN_1000
2023,3,joao,joao_cesa,João Cesa,EMPRESA FORÇA E LUZ JOÃO CESA LTDA.,João Cesa,EMPRESA FORÇA E LUZ JOÃO CESA LTDA.,João Cesa — EMPRESA FORÇA E LUZ JOÃO CESA LTDA.,4589,pos_2022,REN_1000
2023,3,light,light,Light,LIGHT SERVIÇOS DE ELETRICIDADE S.A.,Light,LIGHT SERVIÇOS DE ELETRICIDADE S.A.,Light — LIGHT SERVIÇOS DE ELETRICIDADE S.A.,4623456,pos_2022,REN_1000
2023,3,mux,mux_energia,Mux Energia,"MUXFELDT, MARIN & CIA LTDA",Mux Energia,"MUXFELDT, MARIN & CIA LTDA","Mux Energia — MUXFELDT, MARIN & CIA LTDA",12676,pos_2022,REN_1000
2023,3,neoenergia,neoenergia_brasilia,Neoenergia Brasília,NEOENERGIA DISTRIBUIÇÃO BRASÍLIA S.A.,Neoenergia Brasília,NEOENERGIA DISTRIBUIÇÃO BRASÍLIA S.A.,Neoenergia Brasília — NEOENERGIA DISTRIBUIÇÃO BRASÍLIA S.A.,1163664,pos_2022,REN_1000
2023,3,neoenergia,neoenergia_coelba,Neoenergia Coelba,COMPANHIA DE ELETRICIDADE DO ESTADO DA BAHIA,Neoenergia Coelba,COMPANHIA DE ELETRICIDADE DO ESTADO DA BAHIA,Neoenergia Coelba — COMPANHIA DE ELETRICIDADE DO ESTADO DA BAHIA,6575775,pos_2022,REN_1000
2023,3,neoenergia,neoenergia_cosern,Neoenergia Cosern,COMPANHIA ENERGÉTICA DO RIO GRANDE DO NORTE,Neoenergia Cosern,COMPANHIA ENERGÉTICA DO RIO GRANDE DO NORTE,Neoenergia Cosern — COMPANHIA ENERGÉTICA DO RIO GRANDE DO NORTE,1569548,pos_2022,REN_1000
2023,3,neoenergia,neoenergia_elektro,Neoenergia Elektro,ELEKTRO REDES S.A.,Neoenergia Elektro,ELEKTRO REDES S.A.,Neoenergia Elektro — ELEKTRO REDES S.A.,2938222,pos_2022,REN_1000
2023,3,neoenergia,neoenergia_pernambuco,Neoenergia Pernambuco,COMPANHIA ENERGÉTICA DE PERNAMBUCO,Neoenergia Pernambuco,COMPANHIA ENERGÉTICA DE PERNAMBUCO,Neoenergia Pernambuco — COMPANHIA ENERGÉTICA DE PERNAMBUCO,3990745,pos_2022,REN_1000
2023,3,nova,nova_palma,Nova Palma,NOVA PALMA ENERGIA LTDA.,Nova Palma,NOVA PALMA ENERGIA LTDA.,Nova Palma — NOVA PALMA ENERGIA LTDA.,17223,pos_2022,REN_1000
2023,3,rge,rge,RGE,RGE SUL DISTRIBUIDORA DE ENERGIA S.A.,RGE,RGE SUL DISTRIBUIDORA DE ENERGIA S.A.,RGE — RGE SUL DISTRIBUIDORA DE ENERGIA S.A.,3078396,pos_2022,REN_1000
2023,3,roraima,roraima_energia,Roraima Energia,RORAIMA ENERGIA S.A.,Roraima Energia,RORAIMA ENERGIA S.A.,Roraima Energia — RORAIMA ENERGIA S.A.,208596,pos_2022,REN_1000
2023,3,santa,santa_maria,Santa Maria,EMPRESA LUZ E FORÇA SANTA MARIA S.A.,Santa Maria,EMPRESA LUZ E FORÇA SANTA MARIA S.A.,Santa Maria — EMPRESA LUZ E FORÇA SANTA MARIA S.A.,136823,pos_2022,REN_1000
2023,3,sulgipe,sulgipe,Sulgipe,COMPANHIA SUL SERGIPANA DE ELETRICIDADE,Sulgipe,COMPANHIA SUL SERGIPANA DE ELETRICIDADE,Sulgipe — COMPANHIA SUL SERGIPANA DE ELETRICIDADE,167052,pos_2022,REN_1000
2023,4,amazonas,amazonas_energia,Amazonas Energia,AMAZONAS ENERGIA S.A.,Amazonas Energia,AMAZONAS ENERGIA S.A.,Amazonas Energia — AMAZONAS ENERGIA S.A.,1141939,pos_2022,REN_1000
2023,4,castro_dis,castro_dis,Castro-Dis,COOPERATIVA DE DISTRIBUIÇÃO DE ENERGIA ELÉTRICA DE CASTRO,Castro-Dis,COOPERATIVA DE DISTRIBUIÇÃO DE ENERGIA ELÉTRICA DE CASTRO,Castro-Dis — COOPERATIVA DE DISTRIBUIÇÃO DE ENERGIA ELÉTRICA DE CASTRO,2318,pos_2022,REN_1000
2023,4,cedrap,cedrap,Cedrap,COOPERATIVA DE ELETRIFICAÇÃO DA REGIÃO DO ALTO DA PARAÍBA,Cedrap,COOPERATIVA DE ELETRIFICAÇÃO DA REGIÃO DO ALTO DA PARAÍBA,Cedrap — COOPERATIVA DE ELETRIFICAÇÃO DA REGIÃO DO ALTO DA PARAÍBA,7573,pos_2022,REN_1000
2023,4,cedri,cedri,Cedri,COOPERATIVA DE ELETRIFICAÇÃO E DISTRIBUIÇÃO DA REGIÃO DE ITARIRI,Cedri,COOPERATIVA DE ELETRIFICAÇÃO E DISTRIBUIÇÃO DA REGIÃO DE ITARIRI,Cedri — COOPERATIVA DE ELETRIFICAÇÃO E DISTRIBUIÇÃO DA REGIÃO DE ITARIRI,3013,pos_2022,REN_1000
2023,4,cegero,cegero,Cegero,COOPERATIVA DE ELETRICIDADE DE SÃO LUDGERO,Cegero,COOPERATIVA DE ELETRICIDADE DE SÃO LUDGERO,Cegero — COOPERATIVA DE ELETRICIDADE DE SÃO LUDGERO,6847,pos_2022,REN_1000
2023,4,cejama,cejama,Cejama,COOPERATIVA DE ELETRICIDADE JACINTO MACHADO,Cejama,COOPERATIVA DE ELETRICIDADE JACINTO MACHADO,Cejama — COOPERATIVA DE ELETRICIDADE JACINTO MACHADO,5504,pos_2022,REN_1000
2023,4,celetro,celetro,Celetro,COOPERATIVA DE ELETRIFICAÇÃO CENTRO JACUÍ LTDA.,Celetro,COOPERATIVA DE ELETRIFICAÇÃO CENTRO JACUÍ LTDA.,Celetro — COOPERATIVA DE ELETRIFICAÇÃO CENTRO JACUÍ LTDA.,23935,pos_2022,REN_1000
2023,4,cemig,cemig_d,Cemig-D,CEMIG DISTRIBUIÇÃO S.A.,Cemig-D,CEMIG DISTRIBUIÇÃO S.A.,Cemig-D — CEMIG DISTRIBUIÇÃO S.A.,10303803,pos_2022,REN_1000
2023,4,cemirim,cemirim,Cemirim,COOPERATIVA DE ELETRIFICAÇÃO E DESENVOLVIMENTO DA REGIÃO DE MOGI MIRIM,Cemirim,COOPERATIVA DE ELETRIFICAÇÃO E DESENVOLVIMENTO DA REGIÃO DE MOGI MIRIM,Cemirim — COOPERATIVA DE ELETRIFICAÇÃO E DESENVOLVIMENTO DA REGIÃO DE MOGI MIRIM,16536,pos_2022,REN_1000
2023,4,ceprag,ceprag,Ceprag,COOPERATIVA DE ELETRICIDADE PRAIA GRANDE,Ceprag,COOPERATIVA DE ELETRICIDADE PRAIA GRANDE,Ceprag — COOPERATIVA DE ELETRICIDADE PRAIA GRANDE,20191,pos_2022,REN_1000
2023,4,ceraca,ceraca,Ceraçá,COOPERATIVA DISTRIBUIDORA DE ENERGIA VALE DO ARAÇÁ,Ceraçá,COOPERATIVA DISTRIBUIDORA DE ENERGIA VALE DO ARAÇÁ,Ceraçá — COOPERATIVA DISTRIBUIDORA DE ENERGIA VALE DO ARAÇÁ,12682,pos_2022,REN_1000
2023,4,ceral,ceral_anitapolis,Ceral Anitápolis,COOPERATIVA DE DISTRIBUIÇÃO DE ENERGIA ELÉTRICA DE ANITÁPOLIS,Ceral Anitápolis,COOPERATIVA DE DISTRIBUIÇÃO DE ENERGIA ELÉTRICA DE ANITÁPOLIS,Ceral Anitápolis — COOPERATIVA DE DISTRIBUIÇÃO DE ENERGIA ELÉTRICA DE ANITÁPOLIS,3839,pos_2022,REN_1000
2023,4,ceral,ceral_araruama,Ceral Araruama,COOPERATIVA DE ELETRIFICAÇÃO RURAL DE ARARUAMA,Ceral Araruama,COOPERATIVA DE ELETRIFICAÇÃO RURAL DE ARARUAMA,Ceral Araruama — COOPERATIVA DE ELETRIFICAÇÃO RURAL DE ARARUAMA,7611,pos_2022,REN_1000
2023,4,cerbranorte,cerbranorte,Cerbranorte,COOPERATIVA DE ELETRIFICAÇÃO DE BRAÇO DO NORTE,Cerbranorte,COOPERATIVA DE ELETRIFICAÇÃO DE BRAÇO DO NORTE,Cerbranorte — COOPERATIVA DE ELETRIFICAÇÃO DE BRAÇO DO NORTE,17900,pos_2022,REN_1000
2023,4,cerci,cerci,Cerci,COOPERATIVA DE ELETRIFICAÇÃO RURAL CACHOEIRAS- ITABORAÍ LTDA,Cerci,COOPERATIVA DE ELETRIFICAÇÃO RURAL CACHOEIRAS- ITABORAÍ LTDA,Cerci — COOPERATIVA DE ELETRIFICAÇÃO RURAL CACHOEIRAS- ITABORAÍ LTDA,18054,pos_2022,REN_1000
2023,4,cercos,cercos,Cercos,COOPERATIVA DE ELETRIFICAÇÃO E DESENVOLVIMENTO RURAL CENTRO SUL DE SERGIPE LTDA,Cercos,COOPERATIVA DE ELETRIFICAÇÃO E DESENVOLVIMENTO RURAL CENTRO SUL DE SERGIPE LTDA,Cercos — COOPERATIVA DE ELETRIFICAÇÃO E DESENVOLVIMENTO RURAL CENTRO SUL DE SERGIPE LTDA,7533,pos_2022,REN_1000
2023,4,cerej,cerej,Cerej,COOPERATIVA DE PRESTAÇÃO DE SERVIÇOS PÚBLICOS DE DISTRIBUIÇÃO DE ENERGIA ELÉTRICA SENADOR ESTEVES JÚNIOR,Cerej,COOPERATIVA DE PRESTAÇÃO DE SERVIÇOS PÚBLICOS DE DISTRIBUIÇÃO DE ENERGIA ELÉTRICA SENADOR ESTEVES JÚNIOR,Cerej — COOPERATIVA DE PRESTAÇÃO DE SERVIÇOS PÚBLICOS DE DISTRIBUIÇÃO DE ENERGIA ELÉTRICA SENADOR ESTEVES JÚNIOR,15384,pos_2022,REN_1000
2023,4,ceres,ceres,Ceres,COOPERATIVA DE ELETRIFICAÇÃO RURAL DE RESENDE LTDA.,Ceres,COOPERATIVA DE ELETRIFICAÇÃO RURAL DE RESENDE LTDA.,Ceres — COOPERATIVA DE ELETRIFICAÇÃO RURAL DE RESENDE LTDA.,5803,pos_2022,REN_1000
2023,4,cerfox,cerfox,Cerfox,COOPERATIVA DE DISTRIBUIÇÃO DE ENERGIA FONTOURA XAVIER,Cerfox,COOPERATIVA DE DISTRIBUIÇÃO DE ENERGIA FONTOURA XAVIER,Cerfox — COOPERATIVA DE DISTRIBUIÇÃO DE ENERGIA FONTOURA XAVIER,16127,pos_2022,REN_1000
2023,4,cergal,cergal,Cergal,COOPERATIVA DE ELETRIFICAÇÃO RURAL ANITA GARIBALDI LTDA,Cergal,COOPERATIVA DE ELETRIFICAÇÃO RURAL ANITA GARIBALDI LTDA,Cergal — COOPERATIVA DE ELETRIFICAÇÃO RURAL ANITA GARIBALDI LTDA,20253,pos_2022,REN_1000
2023,4,cergapa,cergapa,Cergapa,COOPERATIVA DE ELETRICIDADE DE GRÃO PARÁ,Cergapa,COOPERATIVA DE ELETRICIDADE DE GRÃO PARÁ,Cergapa — COOPERATIVA DE ELETRICIDADE DE GRÃO PARÁ,3961,pos_2022,REN_1000
2023,4,cergral,cergral,Cergral,COOPERATIVA DE ELETRICIDADE DE GRAVATAL,Cergral,COOPERATIVA DE ELETRICIDADE DE GRAVATAL,Cergral — COOPERATIVA DE ELETRICIDADE DE GRAVATAL,6830,pos_2022,REN_1000
2023,4,ceriluz,ceriluz,Ceriluz,COOPERATIVA REGIONAL DE ENERGIA E DESENVOLVIMENTO IJUÍ LTDA,Ceriluz,COOPERATIVA REGIONAL DE ENERGIA E DESENVOLVIMENTO IJUÍ LTDA,Ceriluz — COOPERATIVA REGIONAL DE ENERGIA E DESENVOLVIMENTO IJUÍ LTDA,14937,pos_2022,REN_1000
2023,4,cerim,cerim,Cerim,COOPERATIVA DE ELETRIFICAÇÃO E DESENVOLVIMENTO DA REGIÃO DE ITU-MAIRINQUE,Cerim,COOPERATIVA DE ELETRIFICAÇÃO E DESENVOLVIMENTO DA REGIÃO DE ITU-MAIRINQUE,Cerim — COOPERATIVA DE ELETRIFICAÇÃO E DESENVOLVIMENTO DA REGIÃO DE ITU-MAIRINQUE,15453,pos_2022,REN_1000
2023,4,ceripa,ceripa,Ceripa,COOPERATIVA DE ELETRIFICAÇÃO RURAL DE ITAÍ-PARANAPANEMA-AVARÉ,Ceripa,COOPERATIVA DE ELETRIFICAÇÃO RURAL DE ITAÍ-PARANAPANEMA-AVARÉ,Ceripa — COOPERATIVA DE ELETRIFICAÇÃO RURAL DE ITAÍ-PARANAPANEMA-AVARÉ,7403,pos_2022,REN_1000
2023,4,ceris,ceris,Ceris,COOPERATIVA DE ELETRIFICAÇÃO RURAL DA REGIÃO DE ITAPECERICA DA SERRA,Ceris,COOPERATIVA DE ELETRIFICAÇÃO RURAL DA REGIÃO DE ITAPECERICA DA SERRA,Ceris — COOPERATIVA DE ELETRIFICAÇÃO RURAL DA REGIÃO DE ITAPECERICA DA SERRA,6983,pos_2022,REN_1000
2023,4,cermc,cermc,Cermc,COOPERATIVA DE ELETRIFICAÇÃO E DESENVOLVIMENTO DA REGIÃO DE MOGI DAS CRUZES,Cermc,COOPERATIVA DE ELETRIFICAÇÃO E DESENVOLVIMENTO DA REGIÃO DE MOGI DAS CRUZES,Cermc — COOPERATIVA DE ELETRIFICAÇÃO E DESENVOLVIMENTO DA REGIÃO DE MOGI DAS CRUZES,3365,pos_2022,REN_1000
2023,4,cermissoes,cermissoes,Cermissões,COOPERATIVA DE DISTRIBUIÇÃO E GERAÇÃO DE ENERGIA DAS MISSÕES,Cermissões,COOPERATIVA DE DISTRIBUIÇÃO E GERAÇÃO DE ENERGIA DAS MISSÕES,Cermissões — COOPERATIVA DE DISTRIBUIÇÃO E GERAÇÃO DE ENERGIA DAS MISSÕES,28362,pos_2022,REN_1000
2023,4,cermoful,cermoful,Cermoful,COOPERATIVA FUMACENSE DE ELETRICIDADE,Cermoful,COOPERATIVA FUMACENSE DE ELETRICIDADE,Cermoful — COOPERATIVA FUMACENSE DE ELETRICIDADE,16035,pos_2022,REN_1000
2023,4,cernhe,cernhe,Cernhe,COOPERATIVA DE ELETRIFICAÇÃO E DESENVOLVIMENTO RURAL DA REGIÃO DE NOVO HORIZONTE,Cernhe,COOPERATIVA DE ELETRIFICAÇÃO E DESENVOLVIMENTO RURAL DA REGIÃO DE NOVO HORIZONTE,Cernhe — COOPERATIVA DE ELETRIFICAÇÃO E DESENVOLVIMENTO RURAL DA REGIÃO DE NOVO HORIZONTE,4642,pos_2022,REN_1000
2023,4,cerpalo,cerpalo,Cerpalo,COOPERATIVA DE ELETRIFICAÇÃO DE PAULO LOPES,Cerpalo,COOPERATIVA DE ELETRIFICAÇÃO DE PAULO LOPES,Cerpalo — COOPERATIVA DE ELETRIFICAÇÃO DE PAULO LOPES,16486,pos_2022,REN_1000
2023,4,cerpro,cerpro,Cerpro,COOPERATIVA DE ELETRIFICAÇÃO RURAL DA REGIÃO DE PROMISSÃO,Cerpro,COOPERATIVA DE ELETRIFICAÇÃO RURAL DA REGIÃO DE PROMISSÃO,Cerpro — COOPERATIVA DE ELETRIFICAÇÃO RURAL DA REGIÃO DE PROMISSÃO,2023,pos_2022,REN_1000
2023,4,cerrp,cerrp,Cerrp,COOPERATIVA DE ELETRIFICAÇÃO E DESENVOLVIMENTO DA REGIÃO DE SÃO JOSÉ DO RIO PRETO,Cerrp,COOPERATIVA DE ELETRIFICAÇÃO E DESENVOLVIMENTO DA REGIÃO DE SÃO JOSÉ DO RIO PRETO,Cerrp — COOPERATIVA DE ELETRIFICAÇÃO E DESENVOLVIMENTO DA REGIÃO DE SÃO JOSÉ DO RIO PRETO,3436,pos_2022,REN_1000
2023,4,cersad,cersad,Cersad,COOPERATIVA DE DISTRIBUIÇÃO DE ENERGIA ELÉTRICA SALTO DONNER,Cersad,COOPERATIVA DE DISTRIBUIÇÃO DE ENERGIA ELÉTRICA SALTO DONNER,Cersad — COOPERATIVA DE DISTRIBUIÇÃO DE ENERGIA ELÉTRICA SALTO DONNER,1369,pos_2022,REN_1000
2023,4,cersul,cersul,Cersul,COOPERATIVA DE DISTRIBUIÇÃOI DE ENERGIA,Cersul,COOPERATIVA DE DISTRIBUIÇÃOI DE ENERGIA,Cersul — COOPERATIVA DE DISTRIBUIÇÃOI DE ENERGIA,18487,pos_2022,REN_1000
2023,4,certaja,certaja_energia,Certaja Energia,COOPERATIVA REGIONAL DE ENERGIA TAQUARI JACUÍ,Certaja Energia,COOPERATIVA REGIONAL DE ENERGIA TAQUARI JACUÍ,Certaja Energia — COOPERATIVA REGIONAL DE ENERGIA TAQUARI JACUÍ,26274,pos_2022,REN_1000
2023,4,certel,certel_energia,Certel Energia,COOPERATIVA DE DISTRIBUIÇÃO DE ENERGIA TEUTÔNIA,Certel Energia,COOPERATIVA DE DISTRIBUIÇÃO DE ENERGIA TEUTÔNIA,Certel Energia — COOPERATIVA DE DISTRIBUIÇÃO DE ENERGIA TEUTÔNIA,73371,pos_2022,REN_1000
2023,4,certhil,certhil,Certhil,COOPERATIVA DE DISTRIBUIÇÃO DE ENERGIA ENTRE RIOS LTDA,Certhil,COOPERATIVA DE DISTRIBUIÇÃO DE ENERGIA ENTRE RIOS LTDA,Certhil — COOPERATIVA DE DISTRIBUIÇÃO DE ENERGIA ENTRE RIOS LTDA,8624,pos_2022,REN_1000
2023,4,certrel,certrel,Certrel,COOPERATIVA DE ENERGIA TREVISO,Certrel,COOPERATIVA DE ENERGIA TREVISO,Certrel — COOPERATIVA DE ENERGIA TREVISO,4643,pos_2022,REN_1000
2023,4,cervam,cervam,Cervam,COOPERATIVA DE ENERGIZAÇÃO E DE DESENVOLVIMENTO DO VALE DO MOGI,Cervam,COOPERATIVA DE ENERGIZAÇÃO E DE DESENVOLVIMENTO DO VALE DO MOGI,Cervam — COOPERATIVA DE ENERGIZAÇÃO E DE DESENVOLVIMENTO DO VALE DO MOGI,4501,pos_2022,REN_1000
2023,4,cetril,cetril,Cetril,COOPERATIVA DE ELETRIFICAÇÃO DE IBIÚNA E REGIÃO,Cetril,COOPERATIVA DE ELETRIFICAÇÃO DE IBIÚNA E REGIÃO,Cetril — COOPERATIVA DE ELETRIFICAÇÃO DE IBIÚNA E REGIÃO,31898,pos_2022,REN_1000
2023,4,chesp,chesp,Chesp,COMPANHIA HIDROELÉTRICA SÃO PATRÍCIO,Chesp,COMPANHIA HIDROELÉTRICA SÃO PATRÍCIO,Chesp — COMPANHIA HIDROELÉTRICA SÃO PATRÍCIO,22080,pos_2022,REN_1000
2023,4,cocel,cocel,Cocel,COMPANHIA CAMPOLARGUENSE DE ENERGIA,Cocel,COMPANHIA CAMPOLARGUENSE DE ENERGIA,Cocel — COMPANHIA CAMPOLARGUENSE DE ENERGIA,58731,pos_2022,REN_1000
2023,4,codesam,codesam,Codesam,COOPERATIVA DE DISTRIBUIÇÃO DE ENERGIA ELÉTRICA DE SANTA MARIA,Codesam,COOPERATIVA DE DISTRIBUIÇÃO DE ENERGIA ELÉTRICA DE SANTA MARIA,Codesam — COOPERATIVA DE DISTRIBUIÇÃO DE ENERGIA ELÉTRICA DE SANTA MARIA,640,pos_2022,REN_1000
2023,4,coopera,coopera,Coopera,COOPERATIVA PIONEIRA DE ELETRIFICAÇÃO,Coopera,COOPERATIVA PIONEIRA DE ELETRIFICAÇÃO,Coopera — COOPERATIVA PIONEIRA DE ELETRIFICAÇÃO,26971,pos_2022,REN_1000
2023,4,cooperalianca,cooperalianca,Cooperaliança,COOPERATIVA ALIANÇA,Cooperaliança,COOPERATIVA ALIANÇA,Cooperaliança — COOPERATIVA ALIANÇA,43787,pos_2022,REN_1000
2023,4,coopercocal,coopercocal,Coopercocal,COOPERATIVA ENERGÉTICA COCAL,Coopercocal,COOPERATIVA ENERGÉTICA COCAL,Coopercocal — COOPERATIVA ENERGÉTICA COCAL,11699,pos_2022,REN_1000
2023,4,cooperluz,cooperluz,Cooperluz,COOPERATIVA DISTRIBUIDORA DE ENERGIA FRONTEIRA NOROESTE,Cooperluz,COOPERATIVA DISTRIBUIDORA DE ENERGIA FRONTEIRA NOROESTE,Cooperluz — COOPERATIVA DISTRIBUIDORA DE ENERGIA FRONTEIRA NOROESTE,16961,pos_2022,REN_1000
2023,4,coopermila,coopermila,Coopermila,COOPERATIVA DE ELETRIFICAÇÃO LAURO MÜLLER,Coopermila,COOPERATIVA DE ELETRIFICAÇÃO LAURO MÜLLER,Coopermila — COOPERATIVA DE ELETRIFICAÇÃO LAURO MÜLLER,1361,pos_2022,REN_1000
2023,4,coopernorte,coopernorte,Coopernorte,COOPERATIVA REGIONAL DE DISTRIBUIÇÃO DE ENERGIA DO LITORAL NORTE,Coopernorte,COOPERATIVA REGIONAL DE DISTRIBUIÇÃO DE ENERGIA DO LITORAL NORTE,Coopernorte — COOPERATIVA REGIONAL DE DISTRIBUIÇÃO DE ENERGIA DO LITORAL NORTE,6958,pos_2022,REN_1000
2023,4,cooperzem,cooperzem,Cooperzem,COOPERZEM COOPERATIVA DE DISTRIBUIÇÃO DE ENERGIA ELÉTRICA,Cooperzem,COOPERZEM COOPERATIVA DE DISTRIBUIÇÃO DE ENERGIA ELÉTRICA,Cooperzem — COOPERZEM COOPERATIVA DE DISTRIBUIÇÃO DE ENERGIA ELÉTRICA,8680,pos_2022,REN_1000
2023,4,coorsel,coorsel,Coorsel,COOPERATIVA REGIONAL SUL DE ELETRIFICAÇÃO RURAL,Coorsel,COOPERATIVA REGIONAL SUL DE ELETRIFICAÇÃO RURAL,Coorsel — COOPERATIVA REGIONAL SUL DE ELETRIFICAÇÃO RURAL,9303,pos_2022,REN_1000
2023,4,copel,copel_dis,Copel-Dis,COPEL DISTRIBUIÇÃO S.A.,Copel-Dis,COPEL DISTRIBUIÇÃO S.A.,Copel-Dis — COPEL DISTRIBUIÇÃO S.A.,5150718,pos_2022,REN_1000
2023,4,coprel,coprel,Coprel,COPREL COOPERATIVA DE ENERGIA,Coprel,COPREL COOPERATIVA DE ENERGIA,Coprel — COPREL COOPERATIVA DE ENERGIA,57617,pos_2022,REN_1000
2023,4,cpfl,cpfl_paulista,CPFL Paulista,COMPANHIA PAULISTA DE FORÇA E LUZ,CPFL Paulista,COMPANHIA PAULISTA DE FORÇA E LUZ,CPFL Paulista — COMPANHIA PAULISTA DE FORÇA E LUZ,4894321,pos_2022,REN_1000
2023,4,cpfl,cpfl_piratininga,CPFL Piratininga,COMPANHIA PIRATININGA DE FORÇA E LUZ,CPFL Piratininga,COMPANHIA PIRATININGA DE FORÇA E LUZ,CPFL Piratininga — COMPANHIA PIRATININGA DE FORÇA E LUZ,1916037,pos_2022,REN_1000
2023,4,cpfl,cpfl_santa_cruz,CPFL Santa Cruz,COMPANHIA JAGUARI DE ENERGIA - CPFL SANTA CRUZ,CPFL Santa Cruz,COMPANHIA JAGUARI DE ENERGIA - CPFL SANTA CRUZ,CPFL Santa Cruz — COMPANHIA JAGUARI DE ENERGIA - CPFL SANTA CRUZ,499078,pos_2022,REN_1000
2023,4,creluz_d,creluz_d,Creluz-D,COOPERATIVA DE DISTRIBUIÇÃO DE ENERGIA,Creluz-D,COOPERATIVA DE DISTRIBUIÇÃO DE ENERGIA,Creluz-D — COOPERATIVA DE DISTRIBUIÇÃO DE ENERGIA,25243,pos_2022,REN_1000
2023,4,creral,creral,Creral,COOPERATIVA REGIONAL DE ELETRIFICAÇÃO RURAL DO ALTO URUGUAI,Creral,COOPERATIVA REGIONAL DE ELETRIFICAÇÃO RURAL DO ALTO URUGUAI,Creral — COOPERATIVA REGIONAL DE ELETRIFICAÇÃO RURAL DO ALTO URUGUAI,7964,pos_2022,REN_1000
2023,4,dcelt,dcelt,Dcelt,DISTRIBUIDORA CATARINENSE DE ENERGIA ELÉTRICA S/A.,Dcelt,DISTRIBUIDORA CATARINENSE DE ENERGIA ELÉTRICA S/A.,Dcelt — DISTRIBUIDORA CATARINENSE DE ENERGIA ELÉTRICA S/A.,40330,pos_2022,REN_1000
2023,4,demei,demei,Demei,DEPARTAMENTO MUNICIPAL DE ENERGIA DE IJUÍ,Demei,DEPARTAMENTO MUNICIPAL DE ENERGIA DE IJUÍ,Demei — DEPARTAMENTO MUNICIPAL DE ENERGIA DE IJUÍ,36154,pos_2022,REN_1000
2023,4,dmed,dmed,Dmed,DME DISTRIBUIÇÃO S.A.,Dmed,DME DISTRIBUIÇÃO S.A.,Dmed — DME DISTRIBUIÇÃO S.A.,86348,pos_2022,REN_1000
2023,4,edp,edp_es,EDP ES,EDP ESPÍRITO SANTO DISTRIBUIÇÃO DE ENERGIA S.A.,EDP ES,EDP ESPÍRITO SANTO DISTRIBUIÇÃO DE ENERGIA S.A.,EDP ES — EDP ESPÍRITO SANTO DISTRIBUIÇÃO DE ENERGIA S.A.,1773932,pos_2022,REN_1000
2023,4,edp,edp_sp,EDP SP,EDP SÃO PAULO DISTRIBUIÇÃO DE ENERGIA S.A.,EDP SP,EDP SÃO PAULO DISTRIBUIÇÃO DE ENERGIA S.A.,EDP SP — EDP SÃO PAULO DISTRIBUIÇÃO DE ENERGIA S.A.,2224191,pos_2022,REN_1000
2023,4,eflul,eflul,Eflul,EMPRESA FORÇA E LUZ DE URUSSANGA LTDA.,Eflul,EMPRESA FORÇA E LUZ DE URUSSANGA LTDA.,Eflul — EMPRESA FORÇA E LUZ DE URUSSANGA LTDA.,7451,pos_2022,REN_1000
2023,4,eletrocar,eletrocar,Eletrocar,CENTRAIS ELÉTRICAS DE CARAZINHO S.A.,Eletrocar,CENTRAIS ELÉTRICAS DE CARAZINHO S.A.,Eletrocar — CENTRAIS ELÉTRICAS DE CARAZINHO S.A.,39851,pos_2022,REN_1000
2023,4,enel,enel_ce,Enel CE,COMPANHIA ENERGÉTICA DO CEARÁ,Enel CE,COMPANHIA ENERGÉTICA DO CEARÁ,Enel CE — COMPANHIA ENERGÉTICA DO CEARÁ,4289185,pos_2022,REN_1000
2023,4,enel,enel_go,Enel GO,CELG DISTRIBUIÇÃO S.A.,Enel GO,CELG DISTRIBUIÇÃO S.A.,Enel GO — CELG DISTRIBUIÇÃO S.A.,3396880,pos_2022,REN_1000
2023,4,enel,enel_rj,Enel RJ,AMPLA ENERGIA E SERVIÇOS S.A.,Enel RJ,AMPLA ENERGIA E SERVIÇOS S.A.,Enel RJ — AMPLA ENERGIA E SERVIÇOS S.A.,3206969,pos_2022,REN_1000
2023,4,enel,enel_sp,Enel SP,ELETROPAULO METROPOLITANA ELETRICIDADE DE SÃO PAULO S.A.,Enel SP,ELETROPAULO METROPOLITANA ELETRICIDADE DE SÃO PAULO S.A.,Enel SP — ELETROPAULO METROPOLITANA ELETRICIDADE DE SÃO PAULO S.A.,8265868,pos_2022,REN_1000
2023,4,energisa,energisa_ac,Energisa AC,ENERGISA ACRE - DISTRIBUIDORA DE ENERGIA S.A.,Energisa AC,ENERGISA ACRE - DISTRIBUIDORA DE ENERGIA S.A.,Energisa AC — ENERGISA ACRE - DISTRIBUIDORA DE ENERGIA S.A.,287915,pos_2022,REN_1000
2023,4,energisa,energisa_minas_rio,Energisa Minas Rio,ENERGISA MINAS RIO - DISTRIBUIDORA DE ENERGIA S.A.,Energisa Minas Rio,ENERGISA MINAS RIO - DISTRIBUIDORA DE ENERGIA S.A.,Energisa Minas Rio — ENERGISA MINAS RIO - DISTRIBUIDORA DE ENERGIA S.A.,594495,pos_2022,REN_1000
2023,4,energisa,energisa_ms,Energisa MS,ENERGISA MATO GROSSO DO SUL DISTRIBUIDORA DE ENERGIA S.A.,Energisa MS,ENERGISA MATO GROSSO DO SUL DISTRIBUIDORA DE ENERGIA S.A.,Energisa MS — ENERGISA MATO GROSSO DO SUL DISTRIBUIDORA DE ENERGIA S.A.,1107488,pos_2022,REN_1000
2023,4,energisa,energisa_mt,Energisa MT,ENERGISA MATO GROSSO DISTRIBUIDORA DE ENERGIA S.A.,Energisa MT,ENERGISA MATO GROSSO DISTRIBUIDORA DE ENERGIA S.A.,Energisa MT — ENERGISA MATO GROSSO DISTRIBUIDORA DE ENERGIA S.A.,1598050,pos_2022,REN_1000
2023,4,energisa,energisa_pb,Energisa PB,ENERGISA PARAÍBA DISTRIBUIDORA DE ENERGIA S.A.,Energisa PB,ENERGISA PARAÍBA DISTRIBUIDORA DE ENERGIA S.A.,Energisa PB — ENERGISA PARAÍBA DISTRIBUIDORA DE ENERGIA S.A.,1783161,pos_2022,REN_1000
2023,4,energisa,energisa_ro,Energisa RO,ENERGISA RONDÔNIA DISTRIBUIDORA DE ENERGIA S.A.,Energisa RO,ENERGISA RONDÔNIA DISTRIBUIDORA DE ENERGIA S.A.,Energisa RO — ENERGISA RONDÔNIA DISTRIBUIDORA DE ENERGIA S.A.,687953,pos_2022,REN_1000
2023,4,energisa,energisa_se,Energisa SE,ENERGISA SERGIPE DISTRIBUIDORA DE ENERGIA S.A.,Energisa SE,ENERGISA SERGIPE DISTRIBUIDORA DE ENERGIA S.A.,Energisa SE — ENERGISA SERGIPE DISTRIBUIDORA DE ENERGIA S.A.,850487,pos_2022,REN_1000
2023,4,energisa,energisa_sul_sudeste,Energisa Sul-Sudeste,ENERGISA SUL-SUDESTE DISTRIBUIDORA DE ENERGIA S.A.,Energisa Sul-Sudeste,ENERGISA SUL-SUDESTE DISTRIBUIDORA DE ENERGIA S.A.,Energisa Sul-Sudeste — ENERGISA SUL-SUDESTE DISTRIBUIDORA DE ENERGIA S.A.,855586,pos_2022,REN_1000
2023,4,energisa,energisa_to,Energisa TO,ENERGISA TOCANTINS DISTRIBUIDORA DE ENERGIA S.A.,Energisa TO,ENERGISA TOCANTINS DISTRIBUIDORA DE ENERGIA S.A.,Energisa TO — ENERGISA TOCANTINS DISTRIBUIDORA DE ENERGIA S.A.,651667,pos_2022,REN_1000
2023,4,equatorial,cea_equatorial,CEA Equatorial,COMPANHIA DE ELETRICIDADE DO AMAPA,CEA Equatorial,COMPANHIA DE ELETRICIDADE DO AMAPA,CEA Equatorial — COMPANHIA DE ELETRICIDADE DO AMAPA,222848,pos_2022,REN_1000
2023,4,equatorial,ceee_equatorial,CEEE Equatorial,COMPANHIA ESTADUAL DE DISTRIBUIÇÃO DE ENERGIA ELÉTRICA,CEEE Equatorial,COMPANHIA ESTADUAL DE DISTRIBUIÇÃO DE ENERGIA ELÉTRICA,CEEE Equatorial — COMPANHIA ESTADUAL DE DISTRIBUIÇÃO DE ENERGIA ELÉTRICA,1890049,pos_2022,REN_1000
2023,4,equatorial,equatorial_al,Equatorial AL,EQUATORIAL ALAGOAS DISTRIBUIDORA DE ENERGIA S.A.,Equatorial AL,EQUATORIAL ALAGOAS DISTRIBUIDORA DE ENERGIA S.A.,Equatorial AL — EQUATORIAL ALAGOAS DISTRIBUIDORA DE ENERGIA S.A.,1332342,pos_2022,REN_1000
2023,4,equatorial,equatorial_ma,Equatorial MA,EQUATORIAL MARANHÃO DISTRIBUIDORA DE ENERGIA S.A.,Equatorial MA,EQUATORIAL MARANHÃO DISTRIBUIDORA DE ENERGIA S.A.,Equatorial MA — EQUATORIAL MARANHÃO DISTRIBUIDORA DE ENERGIA S.A.,2721949,pos_2022,REN_1000
2023,4,equatorial,equatorial_pa,Equatorial PA,EQUATORIAL PARÁ DISTRIBUIDORA DE ENERGIA S.A.,Equatorial PA,EQUATORIAL PARÁ DISTRIBUIDORA DE ENERGIA S.A.,Equatorial PA — EQUATORIAL PARÁ DISTRIBUIDORA DE ENERGIA S.A.,2961977,pos_2022,REN_1000
2023,4,equatorial,equatorial_pi,Equatorial PI,EQUATORIAL PIAUÍ DISTRIBUIDORA DE ENERGIA S.A.,Equatorial PI,EQUATORIAL PIAUÍ DISTRIBUIDORA DE ENERGIA S.A.,Equatorial PI — EQUATORIAL PIAUÍ DISTRIBUIDORA DE ENERGIA S.A.,1474421,pos_2022,REN_1000
2023,4,forcel,forcel,Forcel,FORÇA E LUZ CORONEL VIVIDA LTDA,Forcel,FORÇA E LUZ CORONEL VIVIDA LTDA,Forcel — FORÇA E LUZ CORONEL VIVIDA LTDA,8671,pos_2022,REN_1000
2023,4,hidropan,hidropan,Hidropan,HIDROPAN DISTRIBUIÇÃO DE ENERGIA S.A.,Hidropan,HIDROPAN DISTRIBUIÇÃO DE ENERGIA S.A.,Hidropan — HIDROPAN DISTRIBUIÇÃO DE ENERGIA S.A.,19934,pos_2022,REN_1000
2023,4,joao,joao_cesa,João Cesa,EMPRESA FORÇA E LUZ JOÃO CESA LTDA.,João Cesa,EMPRESA FORÇA E LUZ JOÃO CESA LTDA.,João Cesa — EMPRESA FORÇA E LUZ JOÃO CESA LTDA.,4590,pos_2022,REN_1000
2023,4,light,light,Light,LIGHT SERVIÇOS DE ELETRICIDADE S.A.,Light,LIGHT SERVIÇOS DE ELETRICIDADE S.A.,Light — LIGHT SERVIÇOS DE ELETRICIDADE S.A.,4622626,pos_2022,REN_1000
2023,4,mux,mux_energia,Mux Energia,"MUXFELDT, MARIN & CIA LTDA",Mux Energia,"MUXFELDT, MARIN & CIA LTDA","Mux Energia — MUXFELDT, MARIN & CIA LTDA",12674,pos_2022,REN_1000
2023,4,neoenergia,neoenergia_brasilia,Neoenergia Brasília,NEOENERGIA DISTRIBUIÇÃO BRASÍLIA S.A.,Neoenergia Brasília,NEOENERGIA DISTRIBUIÇÃO BRASÍLIA S.A.,Neoenergia Brasília — NEOENERGIA DISTRIBUIÇÃO BRASÍLIA S.A.,1165453,pos_2022,REN_1000
2023,4,neoenergia,neoenergia_coelba,Neoenergia Coelba,COMPANHIA DE ELETRICIDADE DO ESTADO DA BAHIA,Neoenergia Coelba,COMPANHIA DE ELETRICIDADE DO ESTADO DA BAHIA,Neoenergia Coelba — COMPANHIA DE ELETRICIDADE DO ESTADO DA BAHIA,6584233,pos_2022,REN_1000
2023,4,neoenergia,neoenergia_cosern,Neoenergia Cosern,COMPANHIA ENERGÉTICA DO RIO GRANDE DO NORTE,Neoenergia Cosern,COMPANHIA ENERGÉTICA DO RIO GRANDE DO NORTE,Neoenergia Cosern — COMPANHIA ENERGÉTICA DO RIO GRANDE DO NORTE,1570375,pos_2022,REN_1000
2023,4,neoenergia,neoenergia_elektro,Neoenergia Elektro,ELEKTRO REDES S.A.,Neoenergia Elektro,ELEKTRO REDES S.A.,Neoenergia Elektro — ELEKTRO REDES S.A.,2941098,pos_2022,REN_1000
2023,4,neoenergia,neoenergia_pernambuco,Neoenergia Pernambuco,COMPANHIA ENERGÉTICA DE PERNAMBUCO,Neoenergia Pernambuco,COMPANHIA ENERGÉTICA DE PERNAMBUCO,Neoenergia Pernambuco — COMPANHIA ENERGÉTICA DE PERNAMBUCO,3996792,pos_2022,REN_1000
2023,4,nova,nova_palma,Nova Palma,NOVA PALMA ENERGIA LTDA.,Nova Palma,NOVA PALMA ENERGIA LTDA.,Nova Palma — NOVA PALMA ENERGIA LTDA.,17194,pos_2022,REN_1000
2023,4,rge,rge,RGE,RGE SUL DISTRIBUIDORA DE ENERGIA S.A.,RGE,RGE SUL DISTRIBUIDORA DE ENERGIA S.A.,RGE — RGE SUL DISTRIBUIDORA DE ENERGIA S.A.,3080689,pos_2022,REN_1000
2023,4,roraima,roraima_energia,Roraima Energia,RORAIMA ENERGIA S.A.,Roraima Energia,RORAIMA ENERGIA S.A.,Roraima Energia — RORAIMA ENERGIA S.A.,209658,pos_2022,REN_1000
2023,4,santa,santa_maria,Santa Maria,EMPRESA LUZ E FORÇA SANTA MARIA S.A.,Santa Maria,EMPRESA LUZ E FORÇA SANTA MARIA S.A.,Santa Maria — EMPRESA LUZ E FORÇA SANTA MARIA S.A.,137052,pos_2022,REN_1000
2023,4,sulgipe,sulgipe,Sulgipe,COMPANHIA SUL SERGIPANA DE ELETRICIDADE,Sulgipe,COMPANHIA SUL SERGIPANA DE ELETRICIDADE,Sulgipe — COMPANHIA SUL SERGIPANA DE ELETRICIDADE,167421,pos_2022,REN_1000
2023,5,amazonas,amazonas_energia,Amazonas Energia,AMAZONAS ENERGIA S.A.,Amazonas Energia,AMAZONAS ENERGIA S.A.,Amazonas Energia — AMAZONAS ENERGIA S.A.,1146919,pos_2022,REN_1000
2023,5,castro_dis,castro_dis,Castro-Dis,COOPERATIVA DE DISTRIBUIÇÃO DE ENERGIA ELÉTRICA DE CASTRO,Castro-Dis,COOPERATIVA DE DISTRIBUIÇÃO DE ENERGIA ELÉTRICA DE CASTRO,Castro-Dis — COOPERATIVA DE DISTRIBUIÇÃO DE ENERGIA ELÉTRICA DE CASTRO,2322,pos_2022,REN_1000
2023,5,cedrap,cedrap,Cedrap,COOPERATIVA DE ELETRIFICAÇÃO DA REGIÃO DO ALTO DA PARAÍBA,Cedrap,COOPERATIVA DE ELETRIFICAÇÃO DA REGIÃO DO ALTO DA PARAÍBA,Cedrap — COOPERATIVA DE ELETRIFICAÇÃO DA REGIÃO DO ALTO DA PARAÍBA,7609,pos_2022,REN_1000
2023,5,cedri,cedri,Cedri,COOPERATIVA DE ELETRIFICAÇÃO E DISTRIBUIÇÃO DA REGIÃO DE ITARIRI,Cedri,COOPERATIVA DE ELETRIFICAÇÃO E DISTRIBUIÇÃO DA REGIÃO DE ITARIRI,Cedri — COOPERATIVA DE ELETRIFICAÇÃO E DISTRIBUIÇÃO DA REGIÃO DE ITARIRI,3002,pos_2022,REN_1000
2023,5,cegero,cegero,Cegero,COOPERATIVA DE ELETRICIDADE DE SÃO LUDGERO,Cegero,COOPERATIVA DE ELETRICIDADE DE SÃO LUDGERO,Cegero — COOPERATIVA DE ELETRICIDADE DE SÃO LUDGERO,6869,pos_2022,REN_1000
2023,5,cejama,cejama,Cejama,COOPERATIVA DE ELETRICIDADE JACINTO MACHADO,Cejama,COOPERATIVA DE ELETRICIDADE JACINTO MACHADO,Cejama — COOPERATIVA DE ELETRICIDADE JACINTO MACHADO,5522,pos_2022,REN_1000
2023,5,celetro,celetro,Celetro,COOPERATIVA DE ELETRIFICAÇÃO CENTRO JACUÍ LTDA.,Celetro,COOPERATIVA DE ELETRIFICAÇÃO CENTRO JACUÍ LTDA.,Celetro — COOPERATIVA DE ELETRIFICAÇÃO CENTRO JACUÍ LTDA.,23960,pos_2022,REN_1000
2023,5,cemig,cemig_d,Cemig-D,CEMIG DISTRIBUIÇÃO S.A.,Cemig-D,CEMIG DISTRIBUIÇÃO S.A.,Cemig-D — CEMIG DISTRIBUIÇÃO S.A.,10327927,pos_2022,REN_1000
2023,5,cemirim,cemirim,Cemirim,COOPERATIVA DE ELETRIFICAÇÃO E DESENVOLVIMENTO DA REGIÃO DE MOGI MIRIM,Cemirim,COOPERATIVA DE ELETRIFICAÇÃO E DESENVOLVIMENTO DA REGIÃO DE MOGI MIRIM,Cemirim — COOPERATIVA DE ELETRIFICAÇÃO E DESENVOLVIMENTO DA REGIÃO DE MOGI MIRIM,16585,pos_2022,REN_1000
2023,5,ceprag,ceprag,Ceprag,COOPERATIVA DE ELETRICIDADE PRAIA GRANDE,Ceprag,COOPERATIVA DE ELETRICIDADE PRAIA GRANDE,Ceprag — COOPERATIVA DE ELETRICIDADE PRAIA GRANDE,20238,pos_2022,REN_1000
2023,5,ceraca,ceraca,Ceraçá,COOPERATIVA DISTRIBUIDORA DE ENERGIA VALE DO ARAÇÁ,Ceraçá,COOPERATIVA DISTRIBUIDORA DE ENERGIA VALE DO ARAÇÁ,Ceraçá — COOPERATIVA DISTRIBUIDORA DE ENERGIA VALE DO ARAÇÁ,12703,pos_2022,REN_1000
2023,5,ceral,ceral_anitapolis,Ceral Anitápolis,COOPERATIVA DE DISTRIBUIÇÃO DE ENERGIA ELÉTRICA DE ANITÁPOLIS,Ceral Anitápolis,COOPERATIVA DE DISTRIBUIÇÃO DE ENERGIA ELÉTRICA DE ANITÁPOLIS,Ceral Anitápolis — COOPERATIVA DE DISTRIBUIÇÃO DE ENERGIA ELÉTRICA DE ANITÁPOLIS,3848,pos_2022,REN_1000
2023,5,ceral,ceral_araruama,Ceral Araruama,COOPERATIVA DE ELETRIFICAÇÃO RURAL DE ARARUAMA,Ceral Araruama,COOPERATIVA DE ELETRIFICAÇÃO RURAL DE ARARUAMA,Ceral Araruama — COOPERATIVA DE ELETRIFICAÇÃO RURAL DE ARARUAMA,7635,pos_2022,REN_1000
2023,5,cerbranorte,cerbranorte,Cerbranorte,COOPERATIVA DE ELETRIFICAÇÃO DE BRAÇO DO NORTE,Cerbranorte,COOPERATIVA DE ELETRIFICAÇÃO DE BRAÇO DO NORTE,Cerbranorte — COOPERATIVA DE ELETRIFICAÇÃO DE BRAÇO DO NORTE,17930,pos_2022,REN_1000
2023,5,cerci,cerci,Cerci,COOPERATIVA DE ELETRIFICAÇÃO RURAL CACHOEIRAS- ITABORAÍ LTDA,Cerci,COOPERATIVA DE ELETRIFICAÇÃO RURAL CACHOEIRAS- ITABORAÍ LTDA,Cerci — COOPERATIVA DE ELETRIFICAÇÃO RURAL CACHOEIRAS- ITABORAÍ LTDA,18009,pos_2022,REN_1000
2023,5,cercos,cercos,Cercos,COOPERATIVA DE ELETRIFICAÇÃO E DESENVOLVIMENTO RURAL CENTRO SUL DE SERGIPE LTDA,Cercos,COOPERATIVA DE ELETRIFICAÇÃO E DESENVOLVIMENTO RURAL CENTRO SUL DE SERGIPE LTDA,Cercos — COOPERATIVA DE ELETRIFICAÇÃO E DESENVOLVIMENTO RURAL CENTRO SUL DE SERGIPE LTDA,7533,pos_2022,REN_1000
2023,5,cerej,cerej,Cerej,COOPERATIVA DE PRESTAÇÃO DE SERVIÇOS PÚBLICOS DE DISTRIBUIÇÃO DE ENERGIA ELÉTRICA SENADOR ESTEVES JÚNIOR,Cerej,COOPERATIVA DE PRESTAÇÃO DE SERVIÇOS PÚBLICOS DE DISTRIBUIÇÃO DE ENERGIA ELÉTRICA SENADOR ESTEVES JÚNIOR,Cerej — COOPERATIVA DE PRESTAÇÃO DE SERVIÇOS PÚBLICOS DE DISTRIBUIÇÃO DE ENERGIA ELÉTRICA SENADOR ESTEVES JÚNIOR,15422,pos_2022,REN_1000
2023,5,ceres,ceres,Ceres,COOPERATIVA DE ELETRIFICAÇÃO RURAL DE RESENDE LTDA.,Ceres,COOPERATIVA DE ELETRIFICAÇÃO RURAL DE RESENDE LTDA.,Ceres — COOPERATIVA DE ELETRIFICAÇÃO RURAL DE RESENDE LTDA.,5815,pos_2022,REN_1000
2023,5,cerfox,cerfox,Cerfox,COOPERATIVA DE DISTRIBUIÇÃO DE ENERGIA FONTOURA XAVIER,Cerfox,COOPERATIVA DE DISTRIBUIÇÃO DE ENERGIA FONTOURA XAVIER,Cerfox — COOPERATIVA DE DISTRIBUIÇÃO DE ENERGIA FONTOURA XAVIER,16115,pos_2022,REN_1000
2023,5,cergal,cergal,Cergal,COOPERATIVA DE ELETRIFICAÇÃO RURAL ANITA GARIBALDI LTDA,Cergal,COOPERATIVA DE ELETRIFICAÇÃO RURAL ANITA GARIBALDI LTDA,Cergal — COOPERATIVA DE ELETRIFICAÇÃO RURAL ANITA GARIBALDI LTDA,20291,pos_2022,REN_1000
2023,5,cergapa,cergapa,Cergapa,COOPERATIVA DE ELETRICIDADE DE GRÃO PARÁ,Cergapa,COOPERATIVA DE ELETRICIDADE DE GRÃO PARÁ,Cergapa — COOPERATIVA DE ELETRICIDADE DE GRÃO PARÁ,3963,pos_2022,REN_1000
2023,5,cergral,cergral,Cergral,COOPERATIVA DE ELETRICIDADE DE GRAVATAL,Cergral,COOPERATIVA DE ELETRICIDADE DE GRAVATAL,Cergral — COOPERATIVA DE ELETRICIDADE DE GRAVATAL,6838,pos_2022,REN_1000
2023,5,ceriluz,ceriluz,Ceriluz,COOPERATIVA REGIONAL DE ENERGIA E DESENVOLVIMENTO IJUÍ LTDA,Ceriluz,COOPERATIVA REGIONAL DE ENERGIA E DESENVOLVIMENTO IJUÍ LTDA,Ceriluz — COOPERATIVA REGIONAL DE ENERGIA E DESENVOLVIMENTO IJUÍ LTDA,14957,pos_2022,REN_1000
2023,5,cerim,cerim,Cerim,COOPERATIVA DE ELETRIFICAÇÃO E DESENVOLVIMENTO DA REGIÃO DE ITU-MAIRINQUE,Cerim,COOPERATIVA DE ELETRIFICAÇÃO E DESENVOLVIMENTO DA REGIÃO DE ITU-MAIRINQUE,Cerim — COOPERATIVA DE ELETRIFICAÇÃO E DESENVOLVIMENTO DA REGIÃO DE ITU-MAIRINQUE,15464,pos_2022,REN_1000
2023,5,ceripa,ceripa,Ceripa,COOPERATIVA DE ELETRIFICAÇÃO RURAL DE ITAÍ-PARANAPANEMA-AVARÉ,Ceripa,COOPERATIVA DE ELETRIFICAÇÃO RURAL DE ITAÍ-PARANAPANEMA-AVARÉ,Ceripa — COOPERATIVA DE ELETRIFICAÇÃO RURAL DE ITAÍ-PARANAPANEMA-AVARÉ,7426,pos_2022,REN_1000
2023,5,ceris,ceris,Ceris,COOPERATIVA DE ELETRIFICAÇÃO RURAL DA REGIÃO DE ITAPECERICA DA SERRA,Ceris,COOPERATIVA DE ELETRIFICAÇÃO RURAL DA REGIÃO DE ITAPECERICA DA SERRA,Ceris — COOPERATIVA DE ELETRIFICAÇÃO RURAL DA REGIÃO DE ITAPECERICA DA SERRA,6992,pos_2022,REN_1000
2023,5,cermc,cermc,Cermc,COOPERATIVA DE ELETRIFICAÇÃO E DESENVOLVIMENTO DA REGIÃO DE MOGI DAS CRUZES,Cermc,COOPERATIVA DE ELETRIFICAÇÃO E DESENVOLVIMENTO DA REGIÃO DE MOGI DAS CRUZES,Cermc — COOPERATIVA DE ELETRIFICAÇÃO E DESENVOLVIMENTO DA REGIÃO DE MOGI DAS CRUZES,3397,pos_2022,REN_1000
2023,5,cermissoes,cermissoes,Cermissões,COOPERATIVA DE DISTRIBUIÇÃO E GERAÇÃO DE ENERGIA DAS MISSÕES,Cermissões,COOPERATIVA DE DISTRIBUIÇÃO E GERAÇÃO DE ENERGIA DAS MISSÕES,Cermissões — COOPERATIVA DE DISTRIBUIÇÃO E GERAÇÃO DE ENERGIA DAS MISSÕES,28376,pos_2022,REN_1000
2023,5,cermoful,cermoful,Cermoful,COOPERATIVA FUMACENSE DE ELETRICIDADE,Cermoful,COOPERATIVA FUMACENSE DE ELETRICIDADE,Cermoful — COOPERATIVA FUMACENSE DE ELETRICIDADE,16064,pos_2022,REN_1000
2023,5,cernhe,cernhe,Cernhe,COOPERATIVA DE ELETRIFICAÇÃO E DESENVOLVIMENTO RURAL DA REGIÃO DE NOVO HORIZONTE,Cernhe,COOPERATIVA DE ELETRIFICAÇÃO E DESENVOLVIMENTO RURAL DA REGIÃO DE NOVO HORIZONTE,Cernhe — COOPERATIVA DE ELETRIFICAÇÃO E DESENVOLVIMENTO RURAL DA REGIÃO DE NOVO HORIZONTE,4651,pos_2022,REN_1000
2023,5,cerpalo,cerpalo,Cerpalo,COOPERATIVA DE ELETRIFICAÇÃO DE PAULO LOPES,Cerpalo,COOPERATIVA DE ELETRIFICAÇÃO DE PAULO LOPES,Cerpalo — COOPERATIVA DE ELETRIFICAÇÃO DE PAULO LOPES,16529,pos_2022,REN_1000
2023,5,cerpro,cerpro,Cerpro,COOPERATIVA DE ELETRIFICAÇÃO RURAL DA REGIÃO DE PROMISSÃO,Cerpro,COOPERATIVA DE ELETRIFICAÇÃO RURAL DA REGIÃO DE PROMISSÃO,Cerpro — COOPERATIVA DE ELETRIFICAÇÃO RURAL DA REGIÃO DE PROMISSÃO,2029,pos_2022,REN_1000
2023,5,cerrp,cerrp,Cerrp,COOPERATIVA DE ELETRIFICAÇÃO E DESENVOLVIMENTO DA REGIÃO DE SÃO JOSÉ DO RIO PRETO,Cerrp,COOPERATIVA DE ELETRIFICAÇÃO E DESENVOLVIMENTO DA REGIÃO DE SÃO JOSÉ DO RIO PRETO,Cerrp — COOPERATIVA DE ELETRIFICAÇÃO E DESENVOLVIMENTO DA REGIÃO DE SÃO JOSÉ DO RIO PRETO,3434,pos_2022,REN_1000
2023,5,cersad,cersad,Cersad,COOPERATIVA DE DISTRIBUIÇÃO DE ENERGIA ELÉTRICA SALTO DONNER,Cersad,COOPERATIVA DE DISTRIBUIÇÃO DE ENERGIA ELÉTRICA SALTO DONNER,Cersad — COOPERATIVA DE DISTRIBUIÇÃO DE ENERGIA ELÉTRICA SALTO DONNER,1372,pos_2022,REN_1000
2023,5,cersul,cersul,Cersul,COOPERATIVA DE DISTRIBUIÇÃOI DE ENERGIA,Cersul,COOPERATIVA DE DISTRIBUIÇÃOI DE ENERGIA,Cersul — COOPERATIVA DE DISTRIBUIÇÃOI DE ENERGIA,18509,pos_2022,REN_1000
2023,5,certaja,certaja_energia,Certaja Energia,COOPERATIVA REGIONAL DE ENERGIA TAQUARI JACUÍ,Certaja Energia,COOPERATIVA REGIONAL DE ENERGIA TAQUARI JACUÍ,Certaja Energia — COOPERATIVA REGIONAL DE ENERGIA TAQUARI JACUÍ,26309,pos_2022,REN_1000
2023,5,certel,certel_energia,Certel Energia,COOPERATIVA DE DISTRIBUIÇÃO DE ENERGIA TEUTÔNIA,Certel Energia,COOPERATIVA DE DISTRIBUIÇÃO DE ENERGIA TEUTÔNIA,Certel Energia — COOPERATIVA DE DISTRIBUIÇÃO DE ENERGIA TEUTÔNIA,73483,pos_2022,REN_1000
2023,5,certhil,certhil,Certhil,COOPERATIVA DE DISTRIBUIÇÃO DE ENERGIA ENTRE RIOS LTDA,Certhil,COOPERATIVA DE DISTRIBUIÇÃO DE ENERGIA ENTRE RIOS LTDA,Certhil — COOPERATIVA DE DISTRIBUIÇÃO DE ENERGIA ENTRE RIOS LTDA,8640,pos_2022,REN_1000
2023,5,certrel,certrel,Certrel,COOPERATIVA DE ENERGIA TREVISO,Certrel,COOPERATIVA DE ENERGIA TREVISO,Certrel — COOPERATIVA DE ENERGIA TREVISO,4642,pos_2022,REN_1000
2023,5,cervam,cervam,Cervam,COOPERATIVA DE ENERGIZAÇÃO E DE DESENVOLVIMENTO DO VALE DO MOGI,Cervam,COOPERATIVA DE ENERGIZAÇÃO E DE DESENVOLVIMENTO DO VALE DO MOGI,Cervam — COOPERATIVA DE ENERGIZAÇÃO E DE DESENVOLVIMENTO DO VALE DO MOGI,4515,pos_2022,REN_1000
2023,5,cetril,cetril,Cetril,COOPERATIVA DE ELETRIFICAÇÃO DE IBIÚNA E REGIÃO,Cetril,COOPERATIVA DE ELETRIFICAÇÃO DE IBIÚNA E REGIÃO,Cetril — COOPERATIVA DE ELETRIFICAÇÃO DE IBIÚNA E REGIÃO,31949,pos_2022,REN_1000
2023,5,chesp,chesp,Chesp,COMPANHIA HIDROELÉTRICA SÃO PATRÍCIO,Chesp,COMPANHIA HIDROELÉTRICA SÃO PATRÍCIO,Chesp — COMPANHIA HIDROELÉTRICA SÃO PATRÍCIO,22104,pos_2022,REN_1000
2023,5,cocel,cocel,Cocel,COMPANHIA CAMPOLARGUENSE DE ENERGIA,Cocel,COMPANHIA CAMPOLARGUENSE DE ENERGIA,Cocel — COMPANHIA CAMPOLARGUENSE DE ENERGIA,58831,pos_2022,REN_1000
2023,5,codesam,codesam,Codesam,COOPERATIVA DE DISTRIBUIÇÃO DE ENERGIA ELÉTRICA DE SANTA MARIA,Codesam,COOPERATIVA DE DISTRIBUIÇÃO DE ENERGIA ELÉTRICA DE SANTA MARIA,Codesam — COOPERATIVA DE DISTRIBUIÇÃO DE ENERGIA ELÉTRICA DE SANTA MARIA,637,pos_2022,REN_1000
2023,5,coopera,coopera,Coopera,COOPERATIVA PIONEIRA DE ELETRIFICAÇÃO,Coopera,COOPERATIVA PIONEIRA DE ELETRIFICAÇÃO,Coopera — COOPERATIVA PIONEIRA DE ELETRIFICAÇÃO,26997,pos_2022,REN_1000
2023,5,cooperalianca,cooperalianca,Cooperaliança,COOPERATIVA ALIANÇA,Cooperaliança,COOPERATIVA ALIANÇA,Cooperaliança — COOPERATIVA ALIANÇA,43832,pos_2022,REN_1000
2023,5,coopercocal,coopercocal,Coopercocal,COOPERATIVA ENERGÉTICA COCAL,Coopercocal,COOPERATIVA ENERGÉTICA COCAL,Coopercocal — COOPERATIVA ENERGÉTICA COCAL,11727,pos_2022,REN_1000
2023,5,cooperluz,cooperluz,Cooperluz,COOPERATIVA DISTRIBUIDORA DE ENERGIA FRONTEIRA NOROESTE,Cooperluz,COOPERATIVA DISTRIBUIDORA DE ENERGIA FRONTEIRA NOROESTE,Cooperluz — COOPERATIVA DISTRIBUIDORA DE ENERGIA FRONTEIRA NOROESTE,16980,pos_2022,REN_1000
2023,5,coopermila,coopermila,Coopermila,COOPERATIVA DE ELETRIFICAÇÃO LAURO MÜLLER,Coopermila,COOPERATIVA DE ELETRIFICAÇÃO LAURO MÜLLER,Coopermila — COOPERATIVA DE ELETRIFICAÇÃO LAURO MÜLLER,1366,pos_2022,REN_1000
2023,5,coopernorte,coopernorte,Coopernorte,COOPERATIVA REGIONAL DE DISTRIBUIÇÃO DE ENERGIA DO LITORAL NORTE,Coopernorte,COOPERATIVA REGIONAL DE DISTRIBUIÇÃO DE ENERGIA DO LITORAL NORTE,Coopernorte — COOPERATIVA REGIONAL DE DISTRIBUIÇÃO DE ENERGIA DO LITORAL NORTE,6972,pos_2022,REN_1000
2023,5,cooperzem,cooperzem,Cooperzem,COOPERZEM COOPERATIVA DE DISTRIBUIÇÃO DE ENERGIA ELÉTRICA,Cooperzem,COOPERZEM COOPERATIVA DE DISTRIBUIÇÃO DE ENERGIA ELÉTRICA,Cooperzem — COOPERZEM COOPERATIVA DE DISTRIBUIÇÃO DE ENERGIA ELÉTRICA,8692,pos_2022,REN_1000
2023,5,coorsel,coorsel,Coorsel,COOPERATIVA REGIONAL SUL DE ELETRIFICAÇÃO RURAL,Coorsel,COOPERATIVA REGIONAL SUL DE ELETRIFICAÇÃO RURAL,Coorsel — COOPERATIVA REGIONAL SUL DE ELETRIFICAÇÃO RURAL,9311,pos_2022,REN_1000
2023,5,copel,copel_dis,Copel-Dis,COPEL DISTRIBUIÇÃO S.A.,Copel-Dis,COPEL DISTRIBUIÇÃO S.A.,Copel-Dis — COPEL DISTRIBUIÇÃO S.A.,5157254,pos_2022,REN_1000
2023,5,cpfl,cpfl_paulista,CPFL Paulista,COMPANHIA PAULISTA DE FORÇA E LUZ,CPFL Paulista,COMPANHIA PAULISTA DE FORÇA E LUZ,CPFL Paulista — COMPANHIA PAULISTA DE FORÇA E LUZ,4900957,pos_2022,REN_1000
2023,5,cpfl,cpfl_piratininga,CPFL Piratininga,COMPANHIA PIRATININGA DE FORÇA E LUZ,CPFL Piratininga,COMPANHIA PIRATININGA DE FORÇA E LUZ,CPFL Piratininga — COMPANHIA PIRATININGA DE FORÇA E LUZ,1919108,pos_2022,REN_1000
2023,5,cpfl,cpfl_santa_cruz,CPFL Santa Cruz,COMPANHIA JAGUARI DE ENERGIA - CPFL SANTA CRUZ,CPFL Santa Cruz,COMPANHIA JAGUARI DE ENERGIA - CPFL SANTA CRUZ,CPFL Santa Cruz — COMPANHIA JAGUARI DE ENERGIA - CPFL SANTA CRUZ,499716,pos_2022,REN_1000
2023,5,creluz_d,creluz_d,Creluz-D,COOPERATIVA DE DISTRIBUIÇÃO DE ENERGIA,Creluz-D,COOPERATIVA DE DISTRIBUIÇÃO DE ENERGIA,Creluz-D — COOPERATIVA DE DISTRIBUIÇÃO DE ENERGIA,25256,pos_2022,REN_1000
2023,5,creral,creral,Creral,COOPERATIVA REGIONAL DE ELETRIFICAÇÃO RURAL DO ALTO URUGUAI,Creral,COOPERATIVA REGIONAL DE ELETRIFICAÇÃO RURAL DO ALTO URUGUAI,Creral — COOPERATIVA REGIONAL DE ELETRIFICAÇÃO RURAL DO ALTO URUGUAI,7969,pos_2022,REN_1000
2023,5,dcelt,dcelt,Dcelt,DISTRIBUIDORA CATARINENSE DE ENERGIA ELÉTRICA S/A.,Dcelt,DISTRIBUIDORA CATARINENSE DE ENERGIA ELÉTRICA S/A.,Dcelt — DISTRIBUIDORA CATARINENSE DE ENERGIA ELÉTRICA S/A.,40417,pos_2022,REN_1000
2023,5,demei,demei,Demei,DEPARTAMENTO MUNICIPAL DE ENERGIA DE IJUÍ,Demei,DEPARTAMENTO MUNICIPAL DE ENERGIA DE IJUÍ,Demei — DEPARTAMENTO MUNICIPAL DE ENERGIA DE IJUÍ,36159,pos_2022,REN_1000
2023,5,dmed,dmed,Dmed,DME DISTRIBUIÇÃO S.A.,Dmed,DME DISTRIBUIÇÃO S.A.,Dmed — DME DISTRIBUIÇÃO S.A.,86518,pos_2022,REN_1000
2023,5,edp,edp_es,EDP ES,EDP ESPÍRITO SANTO DISTRIBUIÇÃO DE ENERGIA S.A.,EDP ES,EDP ESPÍRITO SANTO DISTRIBUIÇÃO DE ENERGIA S.A.,EDP ES — EDP ESPÍRITO SANTO DISTRIBUIÇÃO DE ENERGIA S.A.,1775360,pos_2022,REN_1000
2023,5,edp,edp_sp,EDP SP,EDP SÃO PAULO DISTRIBUIÇÃO DE ENERGIA S.A.,EDP SP,EDP SÃO PAULO DISTRIBUIÇÃO DE ENERGIA S.A.,EDP SP — EDP SÃO PAULO DISTRIBUIÇÃO DE ENERGIA S.A.,2228642,pos_2022,REN_1000
2023,5,eflul,eflul,Eflul,EMPRESA FORÇA E LUZ DE URUSSANGA LTDA.,Eflul,EMPRESA FORÇA E LUZ DE URUSSANGA LTDA.,Eflul — EMPRESA FORÇA E LUZ DE URUSSANGA LTDA.,7469,pos_2022,REN_1000
2023,5,eletrocar,eletrocar,Eletrocar,CENTRAIS ELÉTRICAS DE CARAZINHO S.A.,Eletrocar,CENTRAIS ELÉTRICAS DE CARAZINHO S.A.,Eletrocar — CENTRAIS ELÉTRICAS DE CARAZINHO S.A.,39831,pos_2022,REN_1000
2023,5,enel,enel_ce,Enel CE,COMPANHIA ENERGÉTICA DO CEARÁ,Enel CE,COMPANHIA ENERGÉTICA DO CEARÁ,Enel CE — COMPANHIA ENERGÉTICA DO CEARÁ,4316355,pos_2022,REN_1000
2023,5,enel,enel_go,Enel GO,CELG DISTRIBUIÇÃO S.A.,Enel GO,CELG DISTRIBUIÇÃO S.A.,Enel GO — CELG DISTRIBUIÇÃO S.A.,3404435,pos_2022,REN_1000
2023,5,enel,enel_rj,Enel RJ,AMPLA ENERGIA E SERVIÇOS S.A.,Enel RJ,AMPLA ENERGIA E SERVIÇOS S.A.,Enel RJ — AMPLA ENERGIA E SERVIÇOS S.A.,3185955,pos_2022,REN_1000
2023,5,enel,enel_sp,Enel SP,ELETROPAULO METROPOLITANA ELETRICIDADE DE SÃO PAULO S.A.,Enel SP,ELETROPAULO METROPOLITANA ELETRICIDADE DE SÃO PAULO S.A.,Enel SP — ELETROPAULO METROPOLITANA ELETRICIDADE DE SÃO PAULO S.A.,8283894,pos_2022,REN_1000
2023,5,energisa,energisa_ac,Energisa AC,ENERGISA ACRE - DISTRIBUIDORA DE ENERGIA S.A.,Energisa AC,ENERGISA ACRE - DISTRIBUIDORA DE ENERGIA S.A.,Energisa AC — ENERGISA ACRE - DISTRIBUIDORA DE ENERGIA S.A.,288683,pos_2022,REN_1000
2023,5,energisa,energisa_minas_rio,Energisa Minas Rio,ENERGISA MINAS RIO - DISTRIBUIDORA DE ENERGIA S.A.,Energisa Minas Rio,ENERGISA MINAS RIO - DISTRIBUIDORA DE ENERGIA S.A.,Energisa Minas Rio — ENERGISA MINAS RIO - DISTRIBUIDORA DE ENERGIA S.A.,595145,pos_2022,REN_1000
2023,5,energisa,energisa_ms,Energisa MS,ENERGISA MATO GROSSO DO SUL DISTRIBUIDORA DE ENERGIA S.A.,Energisa MS,ENERGISA MATO GROSSO DO SUL DISTRIBUIDORA DE ENERGIA S.A.,Energisa MS — ENERGISA MATO GROSSO DO SUL DISTRIBUIDORA DE ENERGIA S.A.,1108063,pos_2022,REN_1000
2023,5,energisa,energisa_mt,Energisa MT,ENERGISA MATO GROSSO DISTRIBUIDORA DE ENERGIA S.A.,Energisa MT,ENERGISA MATO GROSSO DISTRIBUIDORA DE ENERGIA S.A.,Energisa MT — ENERGISA MATO GROSSO DISTRIBUIDORA DE ENERGIA S.A.,1600123,pos_2022,REN_1000
2023,5,energisa,energisa_pb,Energisa PB,ENERGISA PARAÍBA DISTRIBUIDORA DE ENERGIA S.A.,Energisa PB,ENERGISA PARAÍBA DISTRIBUIDORA DE ENERGIA S.A.,Energisa PB — ENERGISA PARAÍBA DISTRIBUIDORA DE ENERGIA S.A.,1787415,pos_2022,REN_1000
2023,5,energisa,energisa_ro,Energisa RO,ENERGISA RONDÔNIA DISTRIBUIDORA DE ENERGIA S.A.,Energisa RO,ENERGISA RONDÔNIA DISTRIBUIDORA DE ENERGIA S.A.,Energisa RO — ENERGISA RONDÔNIA DISTRIBUIDORA DE ENERGIA S.A.,688684,pos_2022,REN_1000
2023,5,energisa,energisa_se,Energisa SE,ENERGISA SERGIPE DISTRIBUIDORA DE ENERGIA S.A.,Energisa SE,ENERGISA SERGIPE DISTRIBUIDORA DE ENERGIA S.A.,Energisa SE — ENERGISA SERGIPE DISTRIBUIDORA DE ENERGIA S.A.,851631,pos_2022,REN_1000
2023,5,energisa,energisa_sul_sudeste,Energisa Sul-Sudeste,ENERGISA SUL-SUDESTE DISTRIBUIDORA DE ENERGIA S.A.,Energisa Sul-Sudeste,ENERGISA SUL-SUDESTE DISTRIBUIDORA DE ENERGIA S.A.,Energisa Sul-Sudeste — ENERGISA SUL-SUDESTE DISTRIBUIDORA DE ENERGIA S.A.,857193,pos_2022,REN_1000
2023,5,energisa,energisa_to,Energisa TO,ENERGISA TOCANTINS DISTRIBUIDORA DE ENERGIA S.A.,Energisa TO,ENERGISA TOCANTINS DISTRIBUIDORA DE ENERGIA S.A.,Energisa TO — ENERGISA TOCANTINS DISTRIBUIDORA DE ENERGIA S.A.,652627,pos_2022,REN_1000
2023,5,equatorial,cea_equatorial,CEA Equatorial,COMPANHIA DE ELETRICIDADE DO AMAPA,CEA Equatorial,COMPANHIA DE ELETRICIDADE DO AMAPA,CEA Equatorial — COMPANHIA DE ELETRICIDADE DO AMAPA,224827,pos_2022,REN_1000
2023,5,equatorial,ceee_equatorial,CEEE Equatorial,COMPANHIA ESTADUAL DE DISTRIBUIÇÃO DE ENERGIA ELÉTRICA,CEEE Equatorial,COMPANHIA ESTADUAL DE DISTRIBUIÇÃO DE ENERGIA ELÉTRICA,CEEE Equatorial — COMPANHIA ESTADUAL DE DISTRIBUIÇÃO DE ENERGIA ELÉTRICA,1756897,pos_2022,REN_1000
2023,5,equatorial,equatorial_al,Equatorial AL,EQUATORIAL ALAGOAS DISTRIBUIDORA DE ENERGIA S.A.,Equatorial AL,EQUATORIAL ALAGOAS DISTRIBUIDORA DE ENERGIA S.A.,Equatorial AL — EQUATORIAL ALAGOAS DISTRIBUIDORA DE ENERGIA S.A.,1335315,pos_2022,REN_1000
2023,5,equatorial,equatorial_ma,Equatorial MA,EQUATORIAL MARANHÃO DISTRIBUIDORA DE ENERGIA S.A.,Equatorial MA,EQUATORIAL MARANHÃO DISTRIBUIDORA DE ENERGIA S.A.,Equatorial MA — EQUATORIAL MARANHÃO DISTRIBUIDORA DE ENERGIA S.A.,2727512,pos_2022,REN_1000
2023,5,equatorial,equatorial_pa,Equatorial PA,EQUATORIAL PARÁ DISTRIBUIDORA DE ENERGIA S.A.,Equatorial PA,EQUATORIAL PARÁ DISTRIBUIDORA DE ENERGIA S.A.,Equatorial PA — EQUATORIAL PARÁ DISTRIBUIDORA DE ENERGIA S.A.,2968121,pos_2022,REN_1000
2023,5,equatorial,equatorial_pi,Equatorial PI,EQUATORIAL PIAUÍ DISTRIBUIDORA DE ENERGIA S.A.,Equatorial PI,EQUATORIAL PIAUÍ DISTRIBUIDORA DE ENERGIA S.A.,Equatorial PI — EQUATORIAL PIAUÍ DISTRIBUIDORA DE ENERGIA S.A.,1478394,pos_2022,REN_1000
2023,5,forcel,forcel,Forcel,FORÇA E LUZ CORONEL VIVIDA LTDA,Forcel,FORÇA E LUZ CORONEL VIVIDA LTDA,Forcel — FORÇA E LUZ CORONEL VIVIDA LTDA,8583,pos_2022,REN_1000
2023,5,hidropan,hidropan,Hidropan,HIDROPAN DISTRIBUIÇÃO DE ENERGIA S.A.,Hidropan,HIDROPAN DISTRIBUIÇÃO DE ENERGIA S.A.,Hidropan — HIDROPAN DISTRIBUIÇÃO DE ENERGIA S.A.,19973,pos_2022,REN_1000
2023,5,joao,joao_cesa,João Cesa,EMPRESA FORÇA E LUZ JOÃO CESA LTDA.,João Cesa,EMPRESA FORÇA E LUZ JOÃO CESA LTDA.,João Cesa — EMPRESA FORÇA E LUZ JOÃO CESA LTDA.,3916,pos_2022,REN_1000
2023,5,light,light,Light,LIGHT SERVIÇOS DE ELETRICIDADE S.A.,Light,LIGHT SERVIÇOS DE ELETRICIDADE S.A.,Light — LIGHT SERVIÇOS DE ELETRICIDADE S.A.,4625336,pos_2022,REN_1000
2023,5,mux,mux_energia,Mux Energia,"MUXFELDT, MARIN & CIA LTDA",Mux Energia,"MUXFELDT, MARIN & CIA LTDA","Mux Energia — MUXFELDT, MARIN & CIA LTDA",12703,pos_2022,REN_1000
2023,5,neoenergia,neoenergia_brasilia,Neoenergia Brasília,NEOENERGIA DISTRIBUIÇÃO BRASÍLIA S.A.,Neoenergia Brasília,NEOENERGIA DISTRIBUIÇÃO BRASÍLIA S.A.,Neoenergia Brasília — NEOENERGIA DISTRIBUIÇÃO BRASÍLIA S.A.,1167085,pos_2022,REN_1000
2023,5,neoenergia,neoenergia_coelba,Neoenergia Coelba,COMPANHIA DE ELETRICIDADE DO ESTADO DA BAHIA,Neoenergia Coelba,COMPANHIA DE ELETRICIDADE DO ESTADO DA BAHIA,Neoenergia Coelba — COMPANHIA DE ELETRICIDADE DO ESTADO DA BAHIA,6602292,pos_2022,REN_1000
2023,5,neoenergia,neoenergia_cosern,Neoenergia Cosern,COMPANHIA ENERGÉTICA DO RIO GRANDE DO NORTE,Neoenergia Cosern,COMPANHIA ENERGÉTICA DO RIO GRANDE DO NORTE,Neoenergia Cosern — COMPANHIA ENERGÉTICA DO RIO GRANDE DO NORTE,1573144,pos_2022,REN_1000
2023,5,neoenergia,neoenergia_elektro,Neoenergia Elektro,ELEKTRO REDES S.A.,Neoenergia Elektro,ELEKTRO REDES S.A.,Neoenergia Elektro — ELEKTRO REDES S.A.,2946681,pos_2022,REN_1000
2023,5,neoenergia,neoenergia_pernambuco,Neoenergia Pernambuco,COMPANHIA ENERGÉTICA DE PERNAMBUCO,Neoenergia Pernambuco,COMPANHIA ENERGÉTICA DE PERNAMBUCO,Neoenergia Pernambuco — COMPANHIA ENERGÉTICA DE PERNAMBUCO,4006952,pos_2022,REN_1000
2023,5,nova,nova_palma,Nova Palma,NOVA PALMA ENERGIA LTDA.,Nova Palma,NOVA PALMA ENERGIA LTDA.,Nova Palma — NOVA PALMA ENERGIA LTDA.,17198,pos_2022,REN_1000
2023,5,rge,rge,RGE,RGE SUL DISTRIBUIDORA DE ENERGIA S.A.,RGE,RGE SUL DISTRIBUIDORA DE ENERGIA S.A.,RGE — RGE SUL DISTRIBUIDORA DE ENERGIA S.A.,3081214,pos_2022,REN_1000
2023,5,roraima,roraima_energia,Roraima Energia,RORAIMA ENERGIA S.A.,Roraima Energia,RORAIMA ENERGIA S.A.,Roraima Energia — RORAIMA ENERGIA S.A.,210418,pos_2022,REN_1000
2023,5,santa,santa_maria,Santa Maria,EMPRESA LUZ E FORÇA SANTA MARIA S.A.,Santa Maria,EMPRESA LUZ E FORÇA SANTA MARIA S.A.,Santa Maria — EMPRESA LUZ E FORÇA SANTA MARIA S.A.,137162,pos_2022,REN_1000
2023,5,sulgipe,sulgipe,Sulgipe,COMPANHIA SUL SERGIPANA DE ELETRICIDADE,Sulgipe,COMPANHIA SUL SERGIPANA DE ELETRICIDADE,Sulgipe — COMPANHIA SUL SERGIPANA DE ELETRICIDADE,167664,pos_2022,REN_1000
2023,6,amazonas,amazonas_energia,Amazonas Energia,AMAZONAS ENERGIA S.A.,Amazonas Energia,AMAZONAS ENERGIA S.A.,Amazonas Energia — AMAZONAS ENERGIA S.A.,1150407,pos_2022,REN_1000
2023,6,castro_dis,castro_dis,Castro-Dis,COOPERATIVA DE DISTRIBUIÇÃO DE ENERGIA ELÉTRICA DE CASTRO,Castro-Dis,COOPERATIVA DE DISTRIBUIÇÃO DE ENERGIA ELÉTRICA DE CASTRO,Castro-Dis — COOPERATIVA DE DISTRIBUIÇÃO DE ENERGIA ELÉTRICA DE CASTRO,2323,pos_2022,REN_1000
2023,6,cedrap,cedrap,Cedrap,COOPERATIVA DE ELETRIFICAÇÃO DA REGIÃO DO ALTO DA PARAÍBA,Cedrap,COOPERATIVA DE ELETRIFICAÇÃO DA REGIÃO DO ALTO DA PARAÍBA,Cedrap — COOPERATIVA DE ELETRIFICAÇÃO DA REGIÃO DO ALTO DA PARAÍBA,7637,pos_2022,REN_1000
2023,6,cedri,cedri,Cedri,COOPERATIVA DE ELETRIFICAÇÃO E DISTRIBUIÇÃO DA REGIÃO DE ITARIRI,Cedri,COOPERATIVA DE ELETRIFICAÇÃO E DISTRIBUIÇÃO DA REGIÃO DE ITARIRI,Cedri — COOPERATIVA DE ELETRIFICAÇÃO E DISTRIBUIÇÃO DA REGIÃO DE ITARIRI,3013,pos_2022,REN_1000
2023,6,cegero,cegero,Cegero,COOPERATIVA DE ELETRICIDADE DE SÃO LUDGERO,Cegero,COOPERATIVA DE ELETRICIDADE DE SÃO LUDGERO,Cegero — COOPERATIVA DE ELETRICIDADE DE SÃO LUDGERO,6874,pos_2022,REN_1000
2023,6,cejama,cejama,Cejama,COOPERATIVA DE ELETRICIDADE JACINTO MACHADO,Cejama,COOPERATIVA DE ELETRICIDADE JACINTO MACHADO,Cejama — COOPERATIVA DE ELETRICIDADE JACINTO MACHADO,5531,pos_2022,REN_1000
2023,6,celetro,celetro,Celetro,COOPERATIVA DE ELETRIFICAÇÃO CENTRO JACUÍ LTDA.,Celetro,COOPERATIVA DE ELETRIFICAÇÃO CENTRO JACUÍ LTDA.,Celetro — COOPERATIVA DE ELETRIFICAÇÃO CENTRO JACUÍ LTDA.,23966,pos_2022,REN_1000
2023,6,cemig,cemig_d,Cemig-D,CEMIG DISTRIBUIÇÃO S.A.,Cemig-D,CEMIG DISTRIBUIÇÃO S.A.,Cemig-D — CEMIG DISTRIBUIÇÃO S.A.,10341156,pos_2022,REN_1000
2023,6,cemirim,cemirim,Cemirim,COOPERATIVA DE ELETRIFICAÇÃO E DESENVOLVIMENTO DA REGIÃO DE MOGI MIRIM,Cemirim,COOPERATIVA DE ELETRIFICAÇÃO E DESENVOLVIMENTO DA REGIÃO DE MOGI MIRIM,Cemirim — COOPERATIVA DE ELETRIFICAÇÃO E DESENVOLVIMENTO DA REGIÃO DE MOGI MIRIM,16618,pos_2022,REN_1000
2023,6,ceprag,ceprag,Ceprag,COOPERATIVA DE ELETRICIDADE PRAIA GRANDE,Ceprag,COOPERATIVA DE ELETRICIDADE PRAIA GRANDE,Ceprag — COOPERATIVA DE ELETRICIDADE PRAIA GRANDE,20321,pos_2022,REN_1000
2023,6,ceraca,ceraca,Ceraçá,COOPERATIVA DISTRIBUIDORA DE ENERGIA VALE DO ARAÇÁ,Ceraçá,COOPERATIVA DISTRIBUIDORA DE ENERGIA VALE DO ARAÇÁ,Ceraçá — COOPERATIVA DISTRIBUIDORA DE ENERGIA VALE DO ARAÇÁ,12718,pos_2022,REN_1000
2023,6,ceral,ceral_anitapolis,Ceral Anitápolis,COOPERATIVA DE DISTRIBUIÇÃO DE ENERGIA ELÉTRICA DE ANITÁPOLIS,Ceral Anitápolis,COOPERATIVA DE DISTRIBUIÇÃO DE ENERGIA ELÉTRICA DE ANITÁPOLIS,Ceral Anitápolis — COOPERATIVA DE DISTRIBUIÇÃO DE ENERGIA ELÉTRICA DE ANITÁPOLIS,3852,pos_2022,REN_1000
2023,6,ceral,ceral_araruama,Ceral Araruama,COOPERATIVA DE ELETRIFICAÇÃO RURAL DE ARARUAMA,Ceral Araruama,COOPERATIVA DE ELETRIFICAÇÃO RURAL DE ARARUAMA,Ceral Araruama — COOPERATIVA DE ELETRIFICAÇÃO RURAL DE ARARUAMA,7468,pos_2022,REN_1000
2023,6,cerbranorte,cerbranorte,Cerbranorte,COOPERATIVA DE ELETRIFICAÇÃO DE BRAÇO DO NORTE,Cerbranorte,COOPERATIVA DE ELETRIFICAÇÃO DE BRAÇO DO NORTE,Cerbranorte — COOPERATIVA DE ELETRIFICAÇÃO DE BRAÇO DO NORTE,17933,pos_2022,REN_1000
2023,6,cerci,cerci,Cerci,COOPERATIVA DE ELETRIFICAÇÃO RURAL CACHOEIRAS- ITABORAÍ LTDA,Cerci,COOPERATIVA DE ELETRIFICAÇÃO RURAL CACHOEIRAS- ITABORAÍ LTDA,Cerci — COOPERATIVA DE ELETRIFICAÇÃO RURAL CACHOEIRAS- ITABORAÍ LTDA,17685,pos_2022,REN_1000
2023,6,cercos,cercos,Cercos,COOPERATIVA DE ELETRIFICAÇÃO E DESENVOLVIMENTO RURAL CENTRO SUL DE SERGIPE LTDA,Cercos,COOPERATIVA DE ELETRIFICAÇÃO E DESENVOLVIMENTO RURAL CENTRO SUL DE SERGIPE LTDA,Cercos — COOPERATIVA DE ELETRIFICAÇÃO E DESENVOLVIMENTO RURAL CENTRO SUL DE SERGIPE LTDA,7550,pos_2022,REN_1000
2023,6,cerej,cerej,Cerej,COOPERATIVA DE PRESTAÇÃO DE SERVIÇOS PÚBLICOS DE DISTRIBUIÇÃO DE ENERGIA ELÉTRICA SENADOR ESTEVES JÚNIOR,Cerej,COOPERATIVA DE PRESTAÇÃO DE SERVIÇOS PÚBLICOS DE DISTRIBUIÇÃO DE ENERGIA ELÉTRICA SENADOR ESTEVES JÚNIOR,Cerej — COOPERATIVA DE PRESTAÇÃO DE SERVIÇOS PÚBLICOS DE DISTRIBUIÇÃO DE ENERGIA ELÉTRICA SENADOR ESTEVES JÚNIOR,15440,pos_2022,REN_1000
2023,6,ceres,ceres,Ceres,COOPERATIVA DE ELETRIFICAÇÃO RURAL DE RESENDE LTDA.,Ceres,COOPERATIVA DE ELETRIFICAÇÃO RURAL DE RESENDE LTDA.,Ceres — COOPERATIVA DE ELETRIFICAÇÃO RURAL DE RESENDE LTDA.,5820,pos_2022,REN_1000
2023,6,cerfox,cerfox,Cerfox,COOPERATIVA DE DISTRIBUIÇÃO DE ENERGIA FONTOURA XAVIER,Cerfox,COOPERATIVA DE DISTRIBUIÇÃO DE ENERGIA FONTOURA XAVIER,Cerfox — COOPERATIVA DE DISTRIBUIÇÃO DE ENERGIA FONTOURA XAVIER,16108,pos_2022,REN_1000
2023,6,cergal,cergal,Cergal,COOPERATIVA DE ELETRIFICAÇÃO RURAL ANITA GARIBALDI LTDA,Cergal,COOPERATIVA DE ELETRIFICAÇÃO RURAL ANITA GARIBALDI LTDA,Cergal — COOPERATIVA DE ELETRIFICAÇÃO RURAL ANITA GARIBALDI LTDA,20323,pos_2022,REN_1000
2023,6,cergapa,cergapa,Cergapa,COOPERATIVA DE ELETRICIDADE DE GRÃO PARÁ,Cergapa,COOPERATIVA DE ELETRICIDADE DE GRÃO PARÁ,Cergapa — COOPERATIVA DE ELETRICIDADE DE GRÃO PARÁ,3981,pos_2022,REN_1000
2023,6,cergral,cergral,Cergral,COOPERATIVA DE ELETRICIDADE DE GRAVATAL,Cergral,COOPERATIVA DE ELETRICIDADE DE GRAVATAL,Cergral — COOPERATIVA DE ELETRICIDADE DE GRAVATAL,6852,pos_2022,REN_1000
2023,6,ceriluz,ceriluz,Ceriluz,COOPERATIVA REGIONAL DE ENERGIA E DESENVOLVIMENTO IJUÍ LTDA,Ceriluz,COOPERATIVA REGIONAL DE ENERGIA E DESENVOLVIMENTO IJUÍ LTDA,Ceriluz — COOPERATIVA REGIONAL DE ENERGIA E DESENVOLVIMENTO IJUÍ LTDA,14936,pos_2022,REN_1000
2023,6,cerim,cerim,Cerim,COOPERATIVA DE ELETRIFICAÇÃO E DESENVOLVIMENTO DA REGIÃO DE ITU-MAIRINQUE,Cerim,COOPERATIVA DE ELETRIFICAÇÃO E DESENVOLVIMENTO DA REGIÃO DE ITU-MAIRINQUE,Cerim — COOPERATIVA DE ELETRIFICAÇÃO E DESENVOLVIMENTO DA REGIÃO DE ITU-MAIRINQUE,15478,pos_2022,REN_1000
2023,6,ceripa,ceripa,Ceripa,COOPERATIVA DE ELETRIFICAÇÃO RURAL DE ITAÍ-PARANAPANEMA-AVARÉ,Ceripa,COOPERATIVA DE ELETRIFICAÇÃO RURAL DE ITAÍ-PARANAPANEMA-AVARÉ,Ceripa — COOPERATIVA DE ELETRIFICAÇÃO RURAL DE ITAÍ-PARANAPANEMA-AVARÉ,7448,pos_2022,REN_1000
2023,6,ceris,ceris,Ceris,COOPERATIVA DE ELETRIFICAÇÃO RURAL DA REGIÃO DE ITAPECERICA DA SERRA,Ceris,COOPERATIVA DE ELETRIFICAÇÃO RURAL DA REGIÃO DE ITAPECERICA DA SERRA,Ceris — COOPERATIVA DE ELETRIFICAÇÃO RURAL DA REGIÃO DE ITAPECERICA DA SERRA,7006,pos_2022,REN_1000
2023,6,cermc,cermc,Cermc,COOPERATIVA DE ELETRIFICAÇÃO E DESENVOLVIMENTO DA REGIÃO DE MOGI DAS CRUZES,Cermc,COOPERATIVA DE ELETRIFICAÇÃO E DESENVOLVIMENTO DA REGIÃO DE MOGI DAS CRUZES,Cermc — COOPERATIVA DE ELETRIFICAÇÃO E DESENVOLVIMENTO DA REGIÃO DE MOGI DAS CRUZES,3391,pos_2022,REN_1000
2023,6,cermissoes,cermissoes,Cermissões,COOPERATIVA DE DISTRIBUIÇÃO E GERAÇÃO DE ENERGIA DAS MISSÕES,Cermissões,COOPERATIVA DE DISTRIBUIÇÃO E GERAÇÃO DE ENERGIA DAS MISSÕES,Cermissões — COOPERATIVA DE DISTRIBUIÇÃO E GERAÇÃO DE ENERGIA DAS MISSÕES,28366,pos_2022,REN_1000
2023,6,cermoful,cermoful,Cermoful,COOPERATIVA FUMACENSE DE ELETRICIDADE,Cermoful,COOPERATIVA FUMACENSE DE ELETRICIDADE,Cermoful — COOPERATIVA FUMACENSE DE ELETRICIDADE,16102,pos_2022,REN_1000
2023,6,cernhe,cernhe,Cernhe,COOPERATIVA DE ELETRIFICAÇÃO E DESENVOLVIMENTO RURAL DA REGIÃO DE NOVO HORIZONTE,Cernhe,COOPERATIVA DE ELETRIFICAÇÃO E DESENVOLVIMENTO RURAL DA REGIÃO DE NOVO HORIZONTE,Cernhe — COOPERATIVA DE ELETRIFICAÇÃO E DESENVOLVIMENTO RURAL DA REGIÃO DE NOVO HORIZONTE,4659,pos_2022,REN_1000
2023,6,cerpalo,cerpalo,Cerpalo,COOPERATIVA DE ELETRIFICAÇÃO DE PAULO LOPES,Cerpalo,COOPERATIVA DE ELETRIFICAÇÃO DE PAULO LOPES,Cerpalo — COOPERATIVA DE ELETRIFICAÇÃO DE PAULO LOPES,16590,pos_2022,REN_1000
2023,6,cerpro,cerpro,Cerpro,COOPERATIVA DE ELETRIFICAÇÃO RURAL DA REGIÃO DE PROMISSÃO,Cerpro,COOPERATIVA DE ELETRIFICAÇÃO RURAL DA REGIÃO DE PROMISSÃO,Cerpro — COOPERATIVA DE ELETRIFICAÇÃO RURAL DA REGIÃO DE PROMISSÃO,2030,pos_2022,REN_1000
2023,6,cerrp,cerrp,Cerrp,COOPERATIVA DE ELETRIFICAÇÃO E DESENVOLVIMENTO DA REGIÃO DE SÃO JOSÉ DO RIO PRETO,Cerrp,COOPERATIVA DE ELETRIFICAÇÃO E DESENVOLVIMENTO DA REGIÃO DE SÃO JOSÉ DO RIO PRETO,Cerrp — COOPERATIVA DE ELETRIFICAÇÃO E DESENVOLVIMENTO DA REGIÃO DE SÃO JOSÉ DO RIO PRETO,3433,pos_2022,REN_1000
2023,6,cersad,cersad,Cersad,COOPERATIVA DE DISTRIBUIÇÃO DE ENERGIA ELÉTRICA SALTO DONNER,Cersad,COOPERATIVA DE DISTRIBUIÇÃO DE ENERGIA ELÉTRICA SALTO DONNER,Cersad — COOPERATIVA DE DISTRIBUIÇÃO DE ENERGIA ELÉTRICA SALTO DONNER,1375,pos_2022,REN_1000
2023,6,cersul,cersul,Cersul,COOPERATIVA DE DISTRIBUIÇÃOI DE ENERGIA,Cersul,COOPERATIVA DE DISTRIBUIÇÃOI DE ENERGIA,Cersul — COOPERATIVA DE DISTRIBUIÇÃOI DE ENERGIA,18504,pos_2022,REN_1000
2023,6,certaja,certaja_energia,Certaja Energia,COOPERATIVA REGIONAL DE ENERGIA TAQUARI JACUÍ,Certaja Energia,COOPERATIVA REGIONAL DE ENERGIA TAQUARI JACUÍ,Certaja Energia — COOPERATIVA REGIONAL DE ENERGIA TAQUARI JACUÍ,26323,pos_2022,REN_1000
2023,6,certel,certel_energia,Certel Energia,COOPERATIVA DE DISTRIBUIÇÃO DE ENERGIA TEUTÔNIA,Certel Energia,COOPERATIVA DE DISTRIBUIÇÃO DE ENERGIA TEUTÔNIA,Certel Energia — COOPERATIVA DE DISTRIBUIÇÃO DE ENERGIA TEUTÔNIA,73564,pos_2022,REN_1000
2023,6,certhil,certhil,Certhil,COOPERATIVA DE DISTRIBUIÇÃO DE ENERGIA ENTRE RIOS LTDA,Certhil,COOPERATIVA DE DISTRIBUIÇÃO DE ENERGIA ENTRE RIOS LTDA,Certhil — COOPERATIVA DE DISTRIBUIÇÃO DE ENERGIA ENTRE RIOS LTDA,8634,pos_2022,REN_1000
2023,6,certrel,certrel,Certrel,COOPERATIVA DE ENERGIA TREVISO,Certrel,COOPERATIVA DE ENERGIA TREVISO,Certrel — COOPERATIVA DE ENERGIA TREVISO,4659,pos_2022,REN_1000
2023,6,cervam,cervam,Cervam,COOPERATIVA DE ENERGIZAÇÃO E DE DESENVOLVIMENTO DO VALE DO MOGI,Cervam,COOPERATIVA DE ENERGIZAÇÃO E DE DESENVOLVIMENTO DO VALE DO MOGI,Cervam — COOPERATIVA DE ENERGIZAÇÃO E DE DESENVOLVIMENTO DO VALE DO MOGI,4519,pos_2022,REN_1000
2023,6,cetril,cetril,Cetril,COOPERATIVA DE ELETRIFICAÇÃO DE IBIÚNA E REGIÃO,Cetril,COOPERATIVA DE ELETRIFICAÇÃO DE IBIÚNA E REGIÃO,Cetril — COOPERATIVA DE ELETRIFICAÇÃO DE IBIÚNA E REGIÃO,31985,pos_2022,REN_1000
2023,6,chesp,chesp,Chesp,COMPANHIA HIDROELÉTRICA SÃO PATRÍCIO,Chesp,COMPANHIA HIDROELÉTRICA SÃO PATRÍCIO,Chesp — COMPANHIA HIDROELÉTRICA SÃO PATRÍCIO,22130,pos_2022,REN_1000
2023,6,cocel,cocel,Cocel,COMPANHIA CAMPOLARGUENSE DE ENERGIA,Cocel,COMPANHIA CAMPOLARGUENSE DE ENERGIA,Cocel — COMPANHIA CAMPOLARGUENSE DE ENERGIA,59075,pos_2022,REN_1000
2023,6,codesam,codesam,Codesam,COOPERATIVA DE DISTRIBUIÇÃO DE ENERGIA ELÉTRICA DE SANTA MARIA,Codesam,COOPERATIVA DE DISTRIBUIÇÃO DE ENERGIA ELÉTRICA DE SANTA MARIA,Codesam — COOPERATIVA DE DISTRIBUIÇÃO DE ENERGIA ELÉTRICA DE SANTA MARIA,643,pos_2022,REN_1000
2023,6,coopera,coopera,Coopera,COOPERATIVA PIONEIRA DE ELETRIFICAÇÃO,Coopera,COOPERATIVA PIONEIRA DE ELETRIFICAÇÃO,Coopera — COOPERATIVA PIONEIRA DE ELETRIFICAÇÃO,27009,pos_2022,REN_1000
2023,6,cooperalianca,cooperalianca,Cooperaliança,COOPERATIVA ALIANÇA,Cooperaliança,COOPERATIVA ALIANÇA,Cooperaliança — COOPERATIVA ALIANÇA,43903,pos_2022,REN_1000
2023,6,coopercocal,coopercocal,Coopercocal,COOPERATIVA ENERGÉTICA COCAL,Coopercocal,COOPERATIVA ENERGÉTICA COCAL,Coopercocal — COOPERATIVA ENERGÉTICA COCAL,11738,pos_2022,REN_1000
2023,6,cooperluz,cooperluz,Cooperluz,COOPERATIVA DISTRIBUIDORA DE ENERGIA FRONTEIRA NOROESTE,Cooperluz,COOPERATIVA DISTRIBUIDORA DE ENERGIA FRONTEIRA NOROESTE,Cooperluz — COOPERATIVA DISTRIBUIDORA DE ENERGIA FRONTEIRA NOROESTE,17001,pos_2022,REN_1000
2023,6,coopermila,coopermila,Coopermila,COOPERATIVA DE ELETRIFICAÇÃO LAURO MÜLLER,Coopermila,COOPERATIVA DE ELETRIFICAÇÃO LAURO MÜLLER,Coopermila — COOPERATIVA DE ELETRIFICAÇÃO LAURO MÜLLER,1372,pos_2022,REN_1000
2023,6,coopernorte,coopernorte,Coopernorte,COOPERATIVA REGIONAL DE DISTRIBUIÇÃO DE ENERGIA DO LITORAL NORTE,Coopernorte,COOPERATIVA REGIONAL DE DISTRIBUIÇÃO DE ENERGIA DO LITORAL NORTE,Coopernorte — COOPERATIVA REGIONAL DE DISTRIBUIÇÃO DE ENERGIA DO LITORAL NORTE,6966,pos_2022,REN_1000
2023,6,coopersul,coopersul,Coopersul,COOPERATIVA REGIONAL DE ELETRIFICAÇÃO RURAL FRONTEIRA SUL LTDA,Coopersul,COOPERATIVA REGIONAL DE ELETRIFICAÇÃO RURAL FRONTEIRA SUL LTDA,Coopersul — COOPERATIVA REGIONAL DE ELETRIFICAÇÃO RURAL FRONTEIRA SUL LTDA,5739,pos_2022,REN_1000
2023,6,cooperzem,cooperzem,Cooperzem,COOPERZEM COOPERATIVA DE DISTRIBUIÇÃO DE ENERGIA ELÉTRICA,Cooperzem,COOPERZEM COOPERATIVA DE DISTRIBUIÇÃO DE ENERGIA ELÉTRICA,Cooperzem — COOPERZEM COOPERATIVA DE DISTRIBUIÇÃO DE ENERGIA ELÉTRICA,8723,pos_2022,REN_1000
2023,6,coorsel,coorsel,Coorsel,COOPERATIVA REGIONAL SUL DE ELETRIFICAÇÃO RURAL,Coorsel,COOPERATIVA REGIONAL SUL DE ELETRIFICAÇÃO RURAL,Coorsel — COOPERATIVA REGIONAL SUL DE ELETRIFICAÇÃO RURAL,9324,pos_2022,REN_1000
2023,6,copel,copel_dis,Copel-Dis,COPEL DISTRIBUIÇÃO S.A.,Copel-Dis,COPEL DISTRIBUIÇÃO S.A.,Copel-Dis — COPEL DISTRIBUIÇÃO S.A.,5164183,pos_2022,REN_1000
2023,6,cpfl,cpfl_paulista,CPFL Paulista,COMPANHIA PAULISTA DE FORÇA E LUZ,CPFL Paulista,COMPANHIA PAULISTA DE FORÇA E LUZ,CPFL Paulista — COMPANHIA PAULISTA DE FORÇA E LUZ,4907797,pos_2022,REN_1000
2023,6,cpfl,cpfl_piratininga,CPFL Piratininga,COMPANHIA PIRATININGA DE FORÇA E LUZ,CPFL Piratininga,COMPANHIA PIRATININGA DE FORÇA E LUZ,CPFL Piratininga — COMPANHIA PIRATININGA DE FORÇA E LUZ,1921747,pos_2022,REN_1000
2023,6,cpfl,cpfl_santa_cruz,CPFL Santa Cruz,COMPANHIA JAGUARI DE ENERGIA - CPFL SANTA CRUZ,CPFL Santa Cruz,COMPANHIA JAGUARI DE ENERGIA - CPFL SANTA CRUZ,CPFL Santa Cruz — COMPANHIA JAGUARI DE ENERGIA - CPFL SANTA CRUZ,500414,pos_2022,REN_1000
2023,6,creluz_d,creluz_d,Creluz-D,COOPERATIVA DE DISTRIBUIÇÃO DE ENERGIA,Creluz-D,COOPERATIVA DE DISTRIBUIÇÃO DE ENERGIA,Creluz-D — COOPERATIVA DE DISTRIBUIÇÃO DE ENERGIA,25299,pos_2022,REN_1000
2023,6,creral,creral,Creral,COOPERATIVA REGIONAL DE ELETRIFICAÇÃO RURAL DO ALTO URUGUAI,Creral,COOPERATIVA REGIONAL DE ELETRIFICAÇÃO RURAL DO ALTO URUGUAI,Creral — COOPERATIVA REGIONAL DE ELETRIFICAÇÃO RURAL DO ALTO URUGUAI,7970,pos_2022,REN_1000
2023,6,dcelt,dcelt,Dcelt,DISTRIBUIDORA CATARINENSE DE ENERGIA ELÉTRICA S/A.,Dcelt,DISTRIBUIDORA CATARINENSE DE ENERGIA ELÉTRICA S/A.,Dcelt — DISTRIBUIDORA CATARINENSE DE ENERGIA ELÉTRICA S/A.,40487,pos_2022,REN_1000
2023,6,demei,demei,Demei,DEPARTAMENTO MUNICIPAL DE ENERGIA DE IJUÍ,Demei,DEPARTAMENTO MUNICIPAL DE ENERGIA DE IJUÍ,Demei — DEPARTAMENTO MUNICIPAL DE ENERGIA DE IJUÍ,36058,pos_2022,REN_1000
2023,6,dmed,dmed,Dmed,DME DISTRIBUIÇÃO S.A.,Dmed,DME DISTRIBUIÇÃO S.A.,Dmed — DME DISTRIBUIÇÃO S.A.,86662,pos_2022,REN_1000
2023,6,edp,edp_es,EDP ES,EDP ESPÍRITO SANTO DISTRIBUIÇÃO DE ENERGIA S.A.,EDP ES,EDP ESPÍRITO SANTO DISTRIBUIÇÃO DE ENERGIA S.A.,EDP ES — EDP ESPÍRITO SANTO DISTRIBUIÇÃO DE ENERGIA S.A.,1778708,pos_2022,REN_1000
2023,6,edp,edp_sp,EDP SP,EDP SÃO PAULO DISTRIBUIÇÃO DE ENERGIA S.A.,EDP SP,EDP SÃO PAULO DISTRIBUIÇÃO DE ENERGIA S.A.,EDP SP — EDP SÃO PAULO DISTRIBUIÇÃO DE ENERGIA S.A.,2232823,pos_2022,REN_1000
2023,6,eflul,eflul,Eflul,EMPRESA FORÇA E LUZ DE URUSSANGA LTDA.,Eflul,EMPRESA FORÇA E LUZ DE URUSSANGA LTDA.,Eflul — EMPRESA FORÇA E LUZ DE URUSSANGA LTDA.,7462,pos_2022,REN_1000
2023,6,eletrocar,eletrocar,Eletrocar,CENTRAIS ELÉTRICAS DE CARAZINHO S.A.,Eletrocar,CENTRAIS ELÉTRICAS DE CARAZINHO S.A.,Eletrocar — CENTRAIS ELÉTRICAS DE CARAZINHO S.A.,39755,pos_2022,REN_1000
2023,6,enel,enel_ce,Enel CE,COMPANHIA ENERGÉTICA DO CEARÁ,Enel CE,COMPANHIA ENERGÉTICA DO CEARÁ,Enel CE — COMPANHIA ENERGÉTICA DO CEARÁ,4149393,pos_2022,REN_1000
2023,6,enel,enel_go,Enel GO,CELG DISTRIBUIÇÃO S.A.,Enel GO,CELG DISTRIBUIÇÃO S.A.,Enel GO — CELG DISTRIBUIÇÃO S.A.,3410825,pos_2022,REN_1000
2023,6,enel,enel_rj,Enel RJ,AMPLA ENERGIA E SERVIÇOS S.A.,Enel RJ,AMPLA ENERGIA E SERVIÇOS S.A.,Enel RJ — AMPLA ENERGIA E SERVIÇOS S.A.,3072530,pos_2022,REN_1000
2023,6,enel,enel_sp,Enel SP,ELETROPAULO METROPOLITANA ELETRICIDADE DE SÃO PAULO S.A.,Enel SP,ELETROPAULO METROPOLITANA ELETRICIDADE DE SÃO PAULO S.A.,Enel SP — ELETROPAULO METROPOLITANA ELETRICIDADE DE SÃO PAULO S.A.,8289126,pos_2022,REN_1000
2023,6,energisa,energisa_ac,Energisa AC,ENERGISA ACRE - DISTRIBUIDORA DE ENERGIA S.A.,Energisa AC,ENERGISA ACRE - DISTRIBUIDORA DE ENERGIA S.A.,Energisa AC — ENERGISA ACRE - DISTRIBUIDORA DE ENERGIA S.A.,289128,pos_2022,REN_1000
2023,6,energisa,energisa_minas_rio,Energisa Minas Rio,ENERGISA MINAS RIO - DISTRIBUIDORA DE ENERGIA S.A.,Energisa Minas Rio,ENERGISA MINAS RIO - DISTRIBUIDORA DE ENERGIA S.A.,Energisa Minas Rio — ENERGISA MINAS RIO - DISTRIBUIDORA DE ENERGIA S.A.,596115,pos_2022,REN_1000
2023,6,energisa,energisa_ms,Energisa MS,ENERGISA MATO GROSSO DO SUL DISTRIBUIDORA DE ENERGIA S.A.,Energisa MS,ENERGISA MATO GROSSO DO SUL DISTRIBUIDORA DE ENERGIA S.A.,Energisa MS — ENERGISA MATO GROSSO DO SUL DISTRIBUIDORA DE ENERGIA S.A.,1109956,pos_2022,REN_1000
2023,6,energisa,energisa_mt,Energisa MT,ENERGISA MATO GROSSO DISTRIBUIDORA DE ENERGIA S.A.,Energisa MT,ENERGISA MATO GROSSO DISTRIBUIDORA DE ENERGIA S.A.,Energisa MT — ENERGISA MATO GROSSO DISTRIBUIDORA DE ENERGIA S.A.,1603202,pos_2022,REN_1000
2023,6,energisa,energisa_pb,Energisa PB,ENERGISA PARAÍBA DISTRIBUIDORA DE ENERGIA S.A.,Energisa PB,ENERGISA PARAÍBA DISTRIBUIDORA DE ENERGIA S.A.,Energisa PB — ENERGISA PARAÍBA DISTRIBUIDORA DE ENERGIA S.A.,1790368,pos_2022,REN_1000
2023,6,energisa,energisa_ro,Energisa RO,ENERGISA RONDÔNIA DISTRIBUIDORA DE ENERGIA S.A.,Energisa RO,ENERGISA RONDÔNIA DISTRIBUIDORA DE ENERGIA S.A.,Energisa RO — ENERGISA RONDÔNIA DISTRIBUIDORA DE ENERGIA S.A.,689968,pos_2022,REN_1000
2023,6,energisa,energisa_se,Energisa SE,ENERGISA SERGIPE DISTRIBUIDORA DE ENERGIA S.A.,Energisa SE,ENERGISA SERGIPE DISTRIBUIDORA DE ENERGIA S.A.,Energisa SE — ENERGISA SERGIPE DISTRIBUIDORA DE ENERGIA S.A.,853222,pos_2022,REN_1000
2023,6,energisa,energisa_sul_sudeste,Energisa Sul-Sudeste,ENERGISA SUL-SUDESTE DISTRIBUIDORA DE ENERGIA S.A.,Energisa Sul-Sudeste,ENERGISA SUL-SUDESTE DISTRIBUIDORA DE ENERGIA S.A.,Energisa Sul-Sudeste — ENERGISA SUL-SUDESTE DISTRIBUIDORA DE ENERGIA S.A.,858396,pos_2022,REN_1000
2023,6,energisa,energisa_to,Energisa TO,ENERGISA TOCANTINS DISTRIBUIDORA DE ENERGIA S.A.,Energisa TO,ENERGISA TOCANTINS DISTRIBUIDORA DE ENERGIA S.A.,Energisa TO — ENERGISA TOCANTINS DISTRIBUIDORA DE ENERGIA S.A.,653446,pos_2022,REN_1000
2023,6,equatorial,cea_equatorial,CEA Equatorial,COMPANHIA DE ELETRICIDADE DO AMAPA,CEA Equatorial,COMPANHIA DE ELETRICIDADE DO AMAPA,CEA Equatorial — COMPANHIA DE ELETRICIDADE DO AMAPA,228208,pos_2022,REN_1000
2023,6,equatorial,ceee_equatorial,CEEE Equatorial,COMPANHIA ESTADUAL DE DISTRIBUIÇÃO DE ENERGIA ELÉTRICA,CEEE Equatorial,COMPANHIA ESTADUAL DE DISTRIBUIÇÃO DE ENERGIA ELÉTRICA,CEEE Equatorial — COMPANHIA ESTADUAL DE DISTRIBUIÇÃO DE ENERGIA ELÉTRICA,1770280,pos_2022,REN_1000
2023,6,equatorial,equatorial_al,Equatorial AL,EQUATORIAL ALAGOAS DISTRIBUIDORA DE ENERGIA S.A.,Equatorial AL,EQUATORIAL ALAGOAS DISTRIBUIDORA DE ENERGIA S.A.,Equatorial AL — EQUATORIAL ALAGOAS DISTRIBUIDORA DE ENERGIA S.A.,1335017,pos_2022,REN_1000
2023,6,equatorial,equatorial_ma,Equatorial MA,EQUATORIAL MARANHÃO DISTRIBUIDORA DE ENERGIA S.A.,Equatorial MA,EQUATORIAL MARANHÃO DISTRIBUIDORA DE ENERGIA S.A.,Equatorial MA — EQUATORIAL MARANHÃO DISTRIBUIDORA DE ENERGIA S.A.,2736289,pos_2022,REN_1000
2023,6,equatorial,equatorial_pa,Equatorial PA,EQUATORIAL PARÁ DISTRIBUIDORA DE ENERGIA S.A.,Equatorial PA,EQUATORIAL PARÁ DISTRIBUIDORA DE ENERGIA S.A.,Equatorial PA — EQUATORIAL PARÁ DISTRIBUIDORA DE ENERGIA S.A.,2976383,pos_2022,REN_1000
2023,6,equatorial,equatorial_pi,Equatorial PI,EQUATORIAL PIAUÍ DISTRIBUIDORA DE ENERGIA S.A.,Equatorial PI,EQUATORIAL PIAUÍ DISTRIBUIDORA DE ENERGIA S.A.,Equatorial PI — EQUATORIAL PIAUÍ DISTRIBUIDORA DE ENERGIA S.A.,1488590,pos_2022,REN_1000
2023,6,forcel,forcel,Forcel,FORÇA E LUZ CORONEL VIVIDA LTDA,Forcel,FORÇA E LUZ CORONEL VIVIDA LTDA,Forcel — FORÇA E LUZ CORONEL VIVIDA LTDA,8590,pos_2022,REN_1000
2023,6,hidropan,hidropan,Hidropan,HIDROPAN DISTRIBUIÇÃO DE ENERGIA S.A.,Hidropan,HIDROPAN DISTRIBUIÇÃO DE ENERGIA S.A.,Hidropan — HIDROPAN DISTRIBUIÇÃO DE ENERGIA S.A.,19995,pos_2022,REN_1000
2023,6,joao,joao_cesa,João Cesa,EMPRESA FORÇA E LUZ JOÃO CESA LTDA.,João Cesa,EMPRESA FORÇA E LUZ JOÃO CESA LTDA.,João Cesa — EMPRESA FORÇA E LUZ JOÃO CESA LTDA.,3942,pos_2022,REN_1000
2023,6,light,light,Light,LIGHT SERVIÇOS DE ELETRICIDADE S.A.,Light,LIGHT SERVIÇOS DE ELETRICIDADE S.A.,Light — LIGHT SERVIÇOS DE ELETRICIDADE S.A.,4624957,pos_2022,REN_1000
2023,6,mux,mux_energia,Mux Energia,"MUXFELDT, MARIN & CIA LTDA",Mux Energia,"MUXFELDT, MARIN & CIA LTDA","Mux Energia — MUXFELDT, MARIN & CIA LTDA",12710,pos_2022,REN_1000
2023,6,neoenergia,neoenergia_brasilia,Neoenergia Brasília,NEOENERGIA DISTRIBUIÇÃO BRASÍLIA S.A.,Neoenergia Brasília,NEOENERGIA DISTRIBUIÇÃO BRASÍLIA S.A.,Neoenergia Brasília — NEOENERGIA DISTRIBUIÇÃO BRASÍLIA S.A.,1169381,pos_2022,REN_1000
2023,6,neoenergia,neoenergia_coelba,Neoenergia Coelba,COMPANHIA DE ELETRICIDADE DO ESTADO DA BAHIA,Neoenergia Coelba,COMPANHIA DE ELETRICIDADE DO ESTADO DA BAHIA,Neoenergia Coelba — COMPANHIA DE ELETRICIDADE DO ESTADO DA BAHIA,6613067,pos_2022,REN_1000
2023,6,neoenergia,neoenergia_cosern,Neoenergia Cosern,COMPANHIA ENERGÉTICA DO RIO GRANDE DO NORTE,Neoenergia Cosern,COMPANHIA ENERGÉTICA DO RIO GRANDE DO NORTE,Neoenergia Cosern — COMPANHIA ENERGÉTICA DO RIO GRANDE DO NORTE,1575592,pos_2022,REN_1000
2023,6,neoenergia,neoenergia_elektro,Neoenergia Elektro,ELEKTRO REDES S.A.,Neoenergia Elektro,ELEKTRO REDES S.A.,Neoenergia Elektro — ELEKTRO REDES S.A.,2949933,pos_2022,REN_1000
2023,6,neoenergia,neoenergia_pernambuco,Neoenergia Pernambuco,COMPANHIA ENERGÉTICA DE PERNAMBUCO,Neoenergia Pernambuco,COMPANHIA ENERGÉTICA DE PERNAMBUCO,Neoenergia Pernambuco — COMPANHIA ENERGÉTICA DE PERNAMBUCO,4014918,pos_2022,REN_1000
2023,6,nova,nova_palma,Nova Palma,NOVA PALMA ENERGIA LTDA.,Nova Palma,NOVA PALMA ENERGIA LTDA.,Nova Palma — NOVA PALMA ENERGIA LTDA.,17208,pos_2022,REN_1000
2023,6,rge,rge,RGE,RGE SUL DISTRIBUIDORA DE ENERGIA S.A.,RGE,RGE SUL DISTRIBUIDORA DE ENERGIA S.A.,RGE — RGE SUL DISTRIBUIDORA DE ENERGIA S.A.,3083945,pos_2022,REN_1000
2023,6,roraima,roraima_energia,Roraima Energia,RORAIMA ENERGIA S.A.,Roraima Energia,RORAIMA ENERGIA S.A.,Roraima Energia — RORAIMA ENERGIA S.A.,211174,pos_2022,REN_1000
2023,6,santa,santa_maria,Santa Maria,EMPRESA LUZ E FORÇA SANTA MARIA S.A.,Santa Maria,EMPRESA LUZ E FORÇA SANTA MARIA S.A.,Santa Maria — EMPRESA LUZ E FORÇA SANTA MARIA S.A.,137334,pos_2022,REN_1000
2023,6,sulgipe,sulgipe,Sulgipe,COMPANHIA SUL SERGIPANA DE ELETRICIDADE,Sulgipe,COMPANHIA SUL SERGIPANA DE ELETRICIDADE,Sulgipe — COMPANHIA SUL SERGIPANA DE ELETRICIDADE,167997,pos_2022,REN_1000
2023,7,amazonas,amazonas_energia,Amazonas Energia,AMAZONAS ENERGIA S.A.,Amazonas Energia,AMAZONAS ENERGIA S.A.,Amazonas Energia — AMAZONAS ENERGIA S.A.,1154196,pos_2022,REN_1000
2023,7,castro_dis,castro_dis,Castro-Dis,COOPERATIVA DE DISTRIBUIÇÃO DE ENERGIA ELÉTRICA DE CASTRO,Castro-Dis,COOPERATIVA DE DISTRIBUIÇÃO DE ENERGIA ELÉTRICA DE CASTRO,Castro-Dis — COOPERATIVA DE DISTRIBUIÇÃO DE ENERGIA ELÉTRICA DE CASTRO,2330,pos_2022,REN_1000
2023,7,cedrap,cedrap,Cedrap,COOPERATIVA DE ELETRIFICAÇÃO DA REGIÃO DO ALTO DA PARAÍBA,Cedrap,COOPERATIVA DE ELETRIFICAÇÃO DA REGIÃO DO ALTO DA PARAÍBA,Cedrap — COOPERATIVA DE ELETRIFICAÇÃO DA REGIÃO DO ALTO DA PARAÍBA,7649,pos_2022,REN_1000
2023,7,cedri,cedri,Cedri,COOPERATIVA DE ELETRIFICAÇÃO E DISTRIBUIÇÃO DA REGIÃO DE ITARIRI,Cedri,COOPERATIVA DE ELETRIFICAÇÃO E DISTRIBUIÇÃO DA REGIÃO DE ITARIRI,Cedri — COOPERATIVA DE ELETRIFICAÇÃO E DISTRIBUIÇÃO DA REGIÃO DE ITARIRI,3029,pos_2022,REN_1000
2023,7,cegero,cegero,Cegero,COOPERATIVA DE ELETRICIDADE DE SÃO LUDGERO,Cegero,COOPERATIVA DE ELETRICIDADE DE SÃO LUDGERO,Cegero — COOPERATIVA DE ELETRICIDADE DE SÃO LUDGERO,6900,pos_2022,REN_1000
2023,7,cejama,cejama,Cejama,COOPERATIVA DE ELETRICIDADE JACINTO MACHADO,Cejama,COOPERATIVA DE ELETRICIDADE JACINTO MACHADO,Cejama — COOPERATIVA DE ELETRICIDADE JACINTO MACHADO,5532,pos_2022,REN_1000
2023,7,celetro,celetro,Celetro,COOPERATIVA DE ELETRIFICAÇÃO CENTRO JACUÍ LTDA.,Celetro,COOPERATIVA DE ELETRIFICAÇÃO CENTRO JACUÍ LTDA.,Celetro — COOPERATIVA DE ELETRIFICAÇÃO CENTRO JACUÍ LTDA.,23941,pos_2022,REN_1000
2023,7,cemig,cemig_d,Cemig-D,CEMIG DISTRIBUIÇÃO S.A.,Cemig-D,CEMIG DISTRIBUIÇÃO S.A.,Cemig-D — CEMIG DISTRIBUIÇÃO S.A.,10361478,pos_2022,REN_1000
2023,7,cemirim,cemirim,Cemirim,COOPERATIVA DE ELETRIFICAÇÃO E DESENVOLVIMENTO DA REGIÃO DE MOGI MIRIM,Cemirim,COOPERATIVA DE ELETRIFICAÇÃO E DESENVOLVIMENTO DA REGIÃO DE MOGI MIRIM,Cemirim — COOPERATIVA DE ELETRIFICAÇÃO E DESENVOLVIMENTO DA REGIÃO DE MOGI MIRIM,16668,pos_2022,REN_1000
2023,7,ceprag,ceprag,Ceprag,COOPERATIVA DE ELETRICIDADE PRAIA GRANDE,Ceprag,COOPERATIVA DE ELETRICIDADE PRAIA GRANDE,Ceprag — COOPERATIVA DE ELETRICIDADE PRAIA GRANDE,20330,pos_2022,REN_1000
2023,7,ceraca,ceraca,Ceraçá,COOPERATIVA DISTRIBUIDORA DE ENERGIA VALE DO ARAÇÁ,Ceraçá,COOPERATIVA DISTRIBUIDORA DE ENERGIA VALE DO ARAÇÁ,Ceraçá — COOPERATIVA DISTRIBUIDORA DE ENERGIA VALE DO ARAÇÁ,12719,pos_2022,REN_1000
2023,7,ceral,ceral_anitapolis,Ceral Anitápolis,COOPERATIVA DE DISTRIBUIÇÃO DE ENERGIA ELÉTRICA DE ANITÁPOLIS,Ceral Anitápolis,COOPERATIVA DE DISTRIBUIÇÃO DE ENERGIA ELÉTRICA DE ANITÁPOLIS,Ceral Anitápolis — COOPERATIVA DE DISTRIBUIÇÃO DE ENERGIA ELÉTRICA DE ANITÁPOLIS,3865,pos_2022,REN_1000
2023,7,ceral,ceral_araruama,Ceral Araruama,COOPERATIVA DE ELETRIFICAÇÃO RURAL DE ARARUAMA,Ceral Araruama,COOPERATIVA DE ELETRIFICAÇÃO RURAL DE ARARUAMA,Ceral Araruama — COOPERATIVA DE ELETRIFICAÇÃO RURAL DE ARARUAMA,7494,pos_2022,REN_1000
2023,7,cerbranorte,cerbranorte,Cerbranorte,COOPERATIVA DE ELETRIFICAÇÃO DE BRAÇO DO NORTE,Cerbranorte,COOPERATIVA DE ELETRIFICAÇÃO DE BRAÇO DO NORTE,Cerbranorte — COOPERATIVA DE ELETRIFICAÇÃO DE BRAÇO DO NORTE,17955,pos_2022,REN_1000
2023,7,cerci,cerci,Cerci,COOPERATIVA DE ELETRIFICAÇÃO RURAL CACHOEIRAS- ITABORAÍ LTDA,Cerci,COOPERATIVA DE ELETRIFICAÇÃO RURAL CACHOEIRAS- ITABORAÍ LTDA,Cerci — COOPERATIVA DE ELETRIFICAÇÃO RURAL CACHOEIRAS- ITABORAÍ LTDA,17806,pos_2022,REN_1000
2023,7,cerej,cerej,Cerej,COOPERATIVA DE PRESTAÇÃO DE SERVIÇOS PÚBLICOS DE DISTRIBUIÇÃO DE ENERGIA ELÉTRICA SENADOR ESTEVES JÚNIOR,Cerej,COOPERATIVA DE PRESTAÇÃO DE SERVIÇOS PÚBLICOS DE DISTRIBUIÇÃO DE ENERGIA ELÉTRICA SENADOR ESTEVES JÚNIOR,Cerej — COOPERATIVA DE PRESTAÇÃO DE SERVIÇOS PÚBLICOS DE DISTRIBUIÇÃO DE ENERGIA ELÉTRICA SENADOR ESTEVES JÚNIOR,15464,pos_2022,REN_1000
2023,7,ceres,ceres,Ceres,COOPERATIVA DE ELETRIFICAÇÃO RURAL DE RESENDE LTDA.,Ceres,COOPERATIVA DE ELETRIFICAÇÃO RURAL DE RESENDE LTDA.,Ceres — COOPERATIVA DE ELETRIFICAÇÃO RURAL DE RESENDE LTDA.,5821,pos_2022,REN_1000
2023,7,cerfox,cerfox,Cerfox,COOPERATIVA DE DISTRIBUIÇÃO DE ENERGIA FONTOURA XAVIER,Cerfox,COOPERATIVA DE DISTRIBUIÇÃO DE ENERGIA FONTOURA XAVIER,Cerfox — COOPERATIVA DE DISTRIBUIÇÃO DE ENERGIA FONTOURA XAVIER,16110,pos_2022,REN_1000
2023,7,cergal,cergal,Cergal,COOPERATIVA DE ELETRIFICAÇÃO RURAL ANITA GARIBALDI LTDA,Cergal,COOPERATIVA DE ELETRIFICAÇÃO RURAL ANITA GARIBALDI LTDA,Cergal — COOPERATIVA DE ELETRIFICAÇÃO RURAL ANITA GARIBALDI LTDA,20344,pos_2022,REN_1000
2023,7,cergapa,cergapa,Cergapa,COOPERATIVA DE ELETRICIDADE DE GRÃO PARÁ,Cergapa,COOPERATIVA DE ELETRICIDADE DE GRÃO PARÁ,Cergapa — COOPERATIVA DE ELETRICIDADE DE GRÃO PARÁ,3980,pos_2022,REN_1000
2023,7,cergral,cergral,Cergral,COOPERATIVA DE ELETRICIDADE DE GRAVATAL,Cergral,COOPERATIVA DE ELETRICIDADE DE GRAVATAL,Cergral — COOPERATIVA DE ELETRICIDADE DE GRAVATAL,6862,pos_2022,REN_1000
2023,7,ceriluz,ceriluz,Ceriluz,COOPERATIVA REGIONAL DE ENERGIA E DESENVOLVIMENTO IJUÍ LTDA,Ceriluz,COOPERATIVA REGIONAL DE ENERGIA E DESENVOLVIMENTO IJUÍ LTDA,Ceriluz — COOPERATIVA REGIONAL DE ENERGIA E DESENVOLVIMENTO IJUÍ LTDA,14946,pos_2022,REN_1000
2023,7,cerim,cerim,Cerim,COOPERATIVA DE ELETRIFICAÇÃO E DESENVOLVIMENTO DA REGIÃO DE ITU-MAIRINQUE,Cerim,COOPERATIVA DE ELETRIFICAÇÃO E DESENVOLVIMENTO DA REGIÃO DE ITU-MAIRINQUE,Cerim — COOPERATIVA DE ELETRIFICAÇÃO E DESENVOLVIMENTO DA REGIÃO DE ITU-MAIRINQUE,15460,pos_2022,REN_1000
2023,7,ceripa,ceripa,Ceripa,COOPERATIVA DE ELETRIFICAÇÃO RURAL DE ITAÍ-PARANAPANEMA-AVARÉ,Ceripa,COOPERATIVA DE ELETRIFICAÇÃO RURAL DE ITAÍ-PARANAPANEMA-AVARÉ,Ceripa — COOPERATIVA DE ELETRIFICAÇÃO RURAL DE ITAÍ-PARANAPANEMA-AVARÉ,7463,pos_2022,REN_1000
2023,7,ceris,ceris,Ceris,COOPERATIVA DE ELETRIFICAÇÃO RURAL DA REGIÃO DE ITAPECERICA DA SERRA,Ceris,COOPERATIVA DE ELETRIFICAÇÃO RURAL DA REGIÃO DE ITAPECERICA DA SERRA,Ceris — COOPERATIVA DE ELETRIFICAÇÃO RURAL DA REGIÃO DE ITAPECERICA DA SERRA,7015,pos_2022,REN_1000
2023,7,cermc,cermc,Cermc,COOPERATIVA DE ELETRIFICAÇÃO E DESENVOLVIMENTO DA REGIÃO DE MOGI DAS CRUZES,Cermc,COOPERATIVA DE ELETRIFICAÇÃO E DESENVOLVIMENTO DA REGIÃO DE MOGI DAS CRUZES,Cermc — COOPERATIVA DE ELETRIFICAÇÃO E DESENVOLVIMENTO DA REGIÃO DE MOGI DAS CRUZES,3410,pos_2022,REN_1000
2023,7,cermissoes,cermissoes,Cermissões,COOPERATIVA DE DISTRIBUIÇÃO E GERAÇÃO DE ENERGIA DAS MISSÕES,Cermissões,COOPERATIVA DE DISTRIBUIÇÃO E GERAÇÃO DE ENERGIA DAS MISSÕES,Cermissões — COOPERATIVA DE DISTRIBUIÇÃO E GERAÇÃO DE ENERGIA DAS MISSÕES,28381,pos_2022,REN_1000
2023,7,cermoful,cermoful,Cermoful,COOPERATIVA FUMACENSE DE ELETRICIDADE,Cermoful,COOPERATIVA FUMACENSE DE ELETRICIDADE,Cermoful — COOPERATIVA FUMACENSE DE ELETRICIDADE,16098,pos_2022,REN_1000
2023,7,cernhe,cernhe,Cernhe,COOPERATIVA DE ELETRIFICAÇÃO E DESENVOLVIMENTO RURAL DA REGIÃO DE NOVO HORIZONTE,Cernhe,COOPERATIVA DE ELETRIFICAÇÃO E DESENVOLVIMENTO RURAL DA REGIÃO DE NOVO HORIZONTE,Cernhe — COOPERATIVA DE ELETRIFICAÇÃO E DESENVOLVIMENTO RURAL DA REGIÃO DE NOVO HORIZONTE,4654,pos_2022,REN_1000
2023,7,cerpalo,cerpalo,Cerpalo,COOPERATIVA DE ELETRIFICAÇÃO DE PAULO LOPES,Cerpalo,COOPERATIVA DE ELETRIFICAÇÃO DE PAULO LOPES,Cerpalo — COOPERATIVA DE ELETRIFICAÇÃO DE PAULO LOPES,16654,pos_2022,REN_1000
2023,7,cerpro,cerpro,Cerpro,COOPERATIVA DE ELETRIFICAÇÃO RURAL DA REGIÃO DE PROMISSÃO,Cerpro,COOPERATIVA DE ELETRIFICAÇÃO RURAL DA REGIÃO DE PROMISSÃO,Cerpro — COOPERATIVA DE ELETRIFICAÇÃO RURAL DA REGIÃO DE PROMISSÃO,2036,pos_2022,REN_1000
2023,7,cerrp,cerrp,Cerrp,COOPERATIVA DE ELETRIFICAÇÃO E DESENVOLVIMENTO DA REGIÃO DE SÃO JOSÉ DO RIO PRETO,Cerrp,COOPERATIVA DE ELETRIFICAÇÃO E DESENVOLVIMENTO DA REGIÃO DE SÃO JOSÉ DO RIO PRETO,Cerrp — COOPERATIVA DE ELETRIFICAÇÃO E DESENVOLVIMENTO DA REGIÃO DE SÃO JOSÉ DO RIO PRETO,3443,pos_2022,REN_1000
2023,7,cersad,cersad,Cersad,COOPERATIVA DE DISTRIBUIÇÃO DE ENERGIA ELÉTRICA SALTO DONNER,Cersad,COOPERATIVA DE DISTRIBUIÇÃO DE ENERGIA ELÉTRICA SALTO DONNER,Cersad — COOPERATIVA DE DISTRIBUIÇÃO DE ENERGIA ELÉTRICA SALTO DONNER,1377,pos_2022,REN_1000
2023,7,cersul,cersul,Cersul,COOPERATIVA DE DISTRIBUIÇÃOI DE ENERGIA,Cersul,COOPERATIVA DE DISTRIBUIÇÃOI DE ENERGIA,Cersul — COOPERATIVA DE DISTRIBUIÇÃOI DE ENERGIA,18530,pos_2022,REN_1000
2023,7,certaja,certaja_energia,Certaja Energia,COOPERATIVA REGIONAL DE ENERGIA TAQUARI JACUÍ,Certaja Energia,COOPERATIVA REGIONAL DE ENERGIA TAQUARI JACUÍ,Certaja Energia — COOPERATIVA REGIONAL DE ENERGIA TAQUARI JACUÍ,26352,pos_2022,REN_1000
2023,7,certel,certel_energia,Certel Energia,COOPERATIVA DE DISTRIBUIÇÃO DE ENERGIA TEUTÔNIA,Certel Energia,COOPERATIVA DE DISTRIBUIÇÃO DE ENERGIA TEUTÔNIA,Certel Energia — COOPERATIVA DE DISTRIBUIÇÃO DE ENERGIA TEUTÔNIA,73306,pos_2022,REN_1000
2023,7,certrel,certrel,Certrel,COOPERATIVA DE ENERGIA TREVISO,Certrel,COOPERATIVA DE ENERGIA TREVISO,Certrel — COOPERATIVA DE ENERGIA TREVISO,4675,pos_2022,REN_1000
2023,7,cervam,cervam,Cervam,COOPERATIVA DE ENERGIZAÇÃO E DE DESENVOLVIMENTO DO VALE DO MOGI,Cervam,COOPERATIVA DE ENERGIZAÇÃO E DE DESENVOLVIMENTO DO VALE DO MOGI,Cervam — COOPERATIVA DE ENERGIZAÇÃO E DE DESENVOLVIMENTO DO VALE DO MOGI,4537,pos_2022,REN_1000
2023,7,cetril,cetril,Cetril,COOPERATIVA DE ELETRIFICAÇÃO DE IBIÚNA E REGIÃO,Cetril,COOPERATIVA DE ELETRIFICAÇÃO DE IBIÚNA E REGIÃO,Cetril — COOPERATIVA DE ELETRIFICAÇÃO DE IBIÚNA E REGIÃO,32058,pos_2022,REN_1000
2023,7,chesp,chesp,Chesp,COMPANHIA HIDROELÉTRICA SÃO PATRÍCIO,Chesp,COMPANHIA HIDROELÉTRICA SÃO PATRÍCIO,Chesp — COMPANHIA HIDROELÉTRICA SÃO PATRÍCIO,22155,pos_2022,REN_1000
2023,7,cocel,cocel,Cocel,COMPANHIA CAMPOLARGUENSE DE ENERGIA,Cocel,COMPANHIA CAMPOLARGUENSE DE ENERGIA,Cocel — COMPANHIA CAMPOLARGUENSE DE ENERGIA,59093,pos_2022,REN_1000
2023,7,codesam,codesam,Codesam,COOPERATIVA DE DISTRIBUIÇÃO DE ENERGIA ELÉTRICA DE SANTA MARIA,Codesam,COOPERATIVA DE DISTRIBUIÇÃO DE ENERGIA ELÉTRICA DE SANTA MARIA,Codesam — COOPERATIVA DE DISTRIBUIÇÃO DE ENERGIA ELÉTRICA DE SANTA MARIA,641,pos_2022,REN_1000
2023,7,coopera,coopera,Coopera,COOPERATIVA PIONEIRA DE ELETRIFICAÇÃO,Coopera,COOPERATIVA PIONEIRA DE ELETRIFICAÇÃO,Coopera — COOPERATIVA PIONEIRA DE ELETRIFICAÇÃO,27110,pos_2022,REN_1000
2023,7,cooperalianca,cooperalianca,Cooperaliança,COOPERATIVA ALIANÇA,Cooperaliança,COOPERATIVA ALIANÇA,Cooperaliança — COOPERATIVA ALIANÇA,43800,pos_2022,REN_1000
2023,7,coopercocal,coopercocal,Coopercocal,COOPERATIVA ENERGÉTICA COCAL,Coopercocal,COOPERATIVA ENERGÉTICA COCAL,Coopercocal — COOPERATIVA ENERGÉTICA COCAL,11713,pos_2022,REN_1000
2023,7,cooperluz,cooperluz,Cooperluz,COOPERATIVA DISTRIBUIDORA DE ENERGIA FRONTEIRA NOROESTE,Cooperluz,COOPERATIVA DISTRIBUIDORA DE ENERGIA FRONTEIRA NOROESTE,Cooperluz — COOPERATIVA DISTRIBUIDORA DE ENERGIA FRONTEIRA NOROESTE,16997,pos_2022,REN_1000
2023,7,coopermila,coopermila,Coopermila,COOPERATIVA DE ELETRIFICAÇÃO LAURO MÜLLER,Coopermila,COOPERATIVA DE ELETRIFICAÇÃO LAURO MÜLLER,Coopermila — COOPERATIVA DE ELETRIFICAÇÃO LAURO MÜLLER,1373,pos_2022,REN_1000
2023,7,coopernorte,coopernorte,Coopernorte,COOPERATIVA REGIONAL DE DISTRIBUIÇÃO DE ENERGIA DO LITORAL NORTE,Coopernorte,COOPERATIVA REGIONAL DE DISTRIBUIÇÃO DE ENERGIA DO LITORAL NORTE,Coopernorte — COOPERATIVA REGIONAL DE DISTRIBUIÇÃO DE ENERGIA DO LITORAL NORTE,6974,pos_2022,REN_1000
2023,7,coopersul,coopersul,Coopersul,COOPERATIVA REGIONAL DE ELETRIFICAÇÃO RURAL FRONTEIRA SUL LTDA,Coopersul,COOPERATIVA REGIONAL DE ELETRIFICAÇÃO RURAL FRONTEIRA SUL LTDA,Coopersul — COOPERATIVA REGIONAL DE ELETRIFICAÇÃO RURAL FRONTEIRA SUL LTDA,5719,pos_2022,REN_1000
2023,7,cooperzem,cooperzem,Cooperzem,COOPERZEM COOPERATIVA DE DISTRIBUIÇÃO DE ENERGIA ELÉTRICA,Cooperzem,COOPERZEM COOPERATIVA DE DISTRIBUIÇÃO DE ENERGIA ELÉTRICA,Cooperzem — COOPERZEM COOPERATIVA DE DISTRIBUIÇÃO DE ENERGIA ELÉTRICA,8726,pos_2022,REN_1000
2023,7,coorsel,coorsel,Coorsel,COOPERATIVA REGIONAL SUL DE ELETRIFICAÇÃO RURAL,Coorsel,COOPERATIVA REGIONAL SUL DE ELETRIFICAÇÃO RURAL,Coorsel — COOPERATIVA REGIONAL SUL DE ELETRIFICAÇÃO RURAL,9331,pos_2022,REN_1000
2023,7,copel,copel_dis,Copel-Dis,COPEL DISTRIBUIÇÃO S.A.,Copel-Dis,COPEL DISTRIBUIÇÃO S.A.,Copel-Dis — COPEL DISTRIBUIÇÃO S.A.,5175026,pos_2022,REN_1000
2023,7,cpfl,cpfl_paulista,CPFL Paulista,COMPANHIA PAULISTA DE FORÇA E LUZ,CPFL Paulista,COMPANHIA PAULISTA DE FORÇA E LUZ,CPFL Paulista — COMPANHIA PAULISTA DE FORÇA E LUZ,4915766,pos_2022,REN_1000
2023,7,cpfl,cpfl_piratininga,CPFL Piratininga,COMPANHIA PIRATININGA DE FORÇA E LUZ,CPFL Piratininga,COMPANHIA PIRATININGA DE FORÇA E LUZ,CPFL Piratininga — COMPANHIA PIRATININGA DE FORÇA E LUZ,1925538,pos_2022,REN_1000
2023,7,cpfl,cpfl_santa_cruz,CPFL Santa Cruz,COMPANHIA JAGUARI DE ENERGIA - CPFL SANTA CRUZ,CPFL Santa Cruz,COMPANHIA JAGUARI DE ENERGIA - CPFL SANTA CRUZ,CPFL Santa Cruz — COMPANHIA JAGUARI DE ENERGIA - CPFL SANTA CRUZ,501050,pos_2022,REN_1000
2023,7,creluz_d,creluz_d,Creluz-D,COOPERATIVA DE DISTRIBUIÇÃO DE ENERGIA,Creluz-D,COOPERATIVA DE DISTRIBUIÇÃO DE ENERGIA,Creluz-D — COOPERATIVA DE DISTRIBUIÇÃO DE ENERGIA,25290,pos_2022,REN_1000
2023,7,creral,creral,Creral,COOPERATIVA REGIONAL DE ELETRIFICAÇÃO RURAL DO ALTO URUGUAI,Creral,COOPERATIVA REGIONAL DE ELETRIFICAÇÃO RURAL DO ALTO URUGUAI,Creral — COOPERATIVA REGIONAL DE ELETRIFICAÇÃO RURAL DO ALTO URUGUAI,7973,pos_2022,REN_1000
2023,7,dcelt,dcelt,Dcelt,DISTRIBUIDORA CATARINENSE DE ENERGIA ELÉTRICA S/A.,Dcelt,DISTRIBUIDORA CATARINENSE DE ENERGIA ELÉTRICA S/A.,Dcelt — DISTRIBUIDORA CATARINENSE DE ENERGIA ELÉTRICA S/A.,40475,pos_2022,REN_1000
2023,7,demei,demei,Demei,DEPARTAMENTO MUNICIPAL DE ENERGIA DE IJUÍ,Demei,DEPARTAMENTO MUNICIPAL DE ENERGIA DE IJUÍ,Demei — DEPARTAMENTO MUNICIPAL DE ENERGIA DE IJUÍ,36069,pos_2022,REN_1000
2023,7,dmed,dmed,Dmed,DME DISTRIBUIÇÃO S.A.,Dmed,DME DISTRIBUIÇÃO S.A.,Dmed — DME DISTRIBUIÇÃO S.A.,86855,pos_2022,REN_1000
2023,7,edp,edp_es,EDP ES,EDP ESPÍRITO SANTO DISTRIBUIÇÃO DE ENERGIA S.A.,EDP ES,EDP ESPÍRITO SANTO DISTRIBUIÇÃO DE ENERGIA S.A.,EDP ES — EDP ESPÍRITO SANTO DISTRIBUIÇÃO DE ENERGIA S.A.,1781917,pos_2022,REN_1000
2023,7,edp,edp_sp,EDP SP,EDP SÃO PAULO DISTRIBUIÇÃO DE ENERGIA S.A.,EDP SP,EDP SÃO PAULO DISTRIBUIÇÃO DE ENERGIA S.A.,EDP SP — EDP SÃO PAULO DISTRIBUIÇÃO DE ENERGIA S.A.,2237664,pos_2022,REN_1000
2023,7,eflul,eflul,Eflul,EMPRESA FORÇA E LUZ DE URUSSANGA LTDA.,Eflul,EMPRESA FORÇA E LUZ DE URUSSANGA LTDA.,Eflul — EMPRESA FORÇA E LUZ DE URUSSANGA LTDA.,7470,pos_2022,REN_1000
2023,7,eletrocar,eletrocar,Eletrocar,CENTRAIS ELÉTRICAS DE CARAZINHO S.A.,Eletrocar,CENTRAIS ELÉTRICAS DE CARAZINHO S.A.,Eletrocar — CENTRAIS ELÉTRICAS DE CARAZINHO S.A.,39797,pos_2022,REN_1000
2023,7,enel,enel_ce,Enel CE,COMPANHIA ENERGÉTICA DO CEARÁ,Enel CE,COMPANHIA ENERGÉTICA DO CEARÁ,Enel CE — COMPANHIA ENERGÉTICA DO CEARÁ,4156484,pos_2022,REN_1000
2023,7,enel,enel_go,Enel GO,CELG DISTRIBUIÇÃO S.A.,Enel GO,CELG DISTRIBUIÇÃO S.A.,Enel GO — CELG DISTRIBUIÇÃO S.A.,3417077,pos_2022,REN_1000
2023,7,enel,enel_rj,Enel RJ,AMPLA ENERGIA E SERVIÇOS S.A.,Enel RJ,AMPLA ENERGIA E SERVIÇOS S.A.,Enel RJ — AMPLA ENERGIA E SERVIÇOS S.A.,3073196,pos_2022,REN_1000
2023,7,enel,enel_sp,Enel SP,ELETROPAULO METROPOLITANA ELETRICIDADE DE SÃO PAULO S.A.,Enel SP,ELETROPAULO METROPOLITANA ELETRICIDADE DE SÃO PAULO S.A.,Enel SP — ELETROPAULO METROPOLITANA ELETRICIDADE DE SÃO PAULO S.A.,8304999,pos_2022,REN_1000
2023,7,energisa,energisa_ac,Energisa AC,ENERGISA ACRE - DISTRIBUIDORA DE ENERGIA S.A.,Energisa AC,ENERGISA ACRE - DISTRIBUIDORA DE ENERGIA S.A.,Energisa AC — ENERGISA ACRE - DISTRIBUIDORA DE ENERGIA S.A.,288568,pos_2022,REN_1000
2023,7,energisa,energisa_minas_rio,Energisa Minas Rio,ENERGISA MINAS RIO - DISTRIBUIDORA DE ENERGIA S.A.,Energisa Minas Rio,ENERGISA MINAS RIO - DISTRIBUIDORA DE ENERGIA S.A.,Energisa Minas Rio — ENERGISA MINAS RIO - DISTRIBUIDORA DE ENERGIA S.A.,596568,pos_2022,REN_1000
2023,7,energisa,energisa_ms,Energisa MS,ENERGISA MATO GROSSO DO SUL DISTRIBUIDORA DE ENERGIA S.A.,Energisa MS,ENERGISA MATO GROSSO DO SUL DISTRIBUIDORA DE ENERGIA S.A.,Energisa MS — ENERGISA MATO GROSSO DO SUL DISTRIBUIDORA DE ENERGIA S.A.,1110407,pos_2022,REN_1000
2023,7,energisa,energisa_mt,Energisa MT,ENERGISA MATO GROSSO DISTRIBUIDORA DE ENERGIA S.A.,Energisa MT,ENERGISA MATO GROSSO DISTRIBUIDORA DE ENERGIA S.A.,Energisa MT — ENERGISA MATO GROSSO DISTRIBUIDORA DE ENERGIA S.A.,1605629,pos_2022,REN_1000
2023,7,energisa,energisa_pb,Energisa PB,ENERGISA PARAÍBA DISTRIBUIDORA DE ENERGIA S.A.,Energisa PB,ENERGISA PARAÍBA DISTRIBUIDORA DE ENERGIA S.A.,Energisa PB — ENERGISA PARAÍBA DISTRIBUIDORA DE ENERGIA S.A.,1792410,pos_2022,REN_1000
2023,7,energisa,energisa_ro,Energisa RO,ENERGISA RONDÔNIA DISTRIBUIDORA DE ENERGIA S.A.,Energisa RO,ENERGISA RONDÔNIA DISTRIBUIDORA DE ENERGIA S.A.,Energisa RO — ENERGISA RONDÔNIA DISTRIBUIDORA DE ENERGIA S.A.,690259,pos_2022,REN_1000
2023,7,energisa,energisa_se,Energisa SE,ENERGISA SERGIPE DISTRIBUIDORA DE ENERGIA S.A.,Energisa SE,ENERGISA SERGIPE DISTRIBUIDORA DE ENERGIA S.A.,Energisa SE — ENERGISA SERGIPE DISTRIBUIDORA DE ENERGIA S.A.,854806,pos_2022,REN_1000
2023,7,energisa,energisa_sul_sudeste,Energisa Sul-Sudeste,ENERGISA SUL-SUDESTE DISTRIBUIDORA DE ENERGIA S.A.,Energisa Sul-Sudeste,ENERGISA SUL-SUDESTE DISTRIBUIDORA DE ENERGIA S.A.,Energisa Sul-Sudeste — ENERGISA SUL-SUDESTE DISTRIBUIDORA DE ENERGIA S.A.,858567,pos_2022,REN_1000
2023,7,energisa,energisa_to,Energisa TO,ENERGISA TOCANTINS DISTRIBUIDORA DE ENERGIA S.A.,Energisa TO,ENERGISA TOCANTINS DISTRIBUIDORA DE ENERGIA S.A.,Energisa TO — ENERGISA TOCANTINS DISTRIBUIDORA DE ENERGIA S.A.,654749,pos_2022,REN_1000
2023,7,equatorial,cea_equatorial,CEA Equatorial,COMPANHIA DE ELETRICIDADE DO AMAPA,CEA Equatorial,COMPANHIA DE ELETRICIDADE DO AMAPA,CEA Equatorial — COMPANHIA DE ELETRICIDADE DO AMAPA,230532,pos_2022,REN_1000
2023,7,equatorial,ceee_equatorial,CEEE Equatorial,COMPANHIA ESTADUAL DE DISTRIBUIÇÃO DE ENERGIA ELÉTRICA,CEEE Equatorial,COMPANHIA ESTADUAL DE DISTRIBUIÇÃO DE ENERGIA ELÉTRICA,CEEE Equatorial — COMPANHIA ESTADUAL DE DISTRIBUIÇÃO DE ENERGIA ELÉTRICA,1903886,pos_2022,REN_1000
2023,7,equatorial,equatorial_al,Equatorial AL,EQUATORIAL ALAGOAS DISTRIBUIDORA DE ENERGIA S.A.,Equatorial AL,EQUATORIAL ALAGOAS DISTRIBUIDORA DE ENERGIA S.A.,Equatorial AL — EQUATORIAL ALAGOAS DISTRIBUIDORA DE ENERGIA S.A.,1343086,pos_2022,REN_1000
2023,7,equatorial,equatorial_ma,Equatorial MA,EQUATORIAL MARANHÃO DISTRIBUIDORA DE ENERGIA S.A.,Equatorial MA,EQUATORIAL MARANHÃO DISTRIBUIDORA DE ENERGIA S.A.,Equatorial MA — EQUATORIAL MARANHÃO DISTRIBUIDORA DE ENERGIA S.A.,2741296,pos_2022,REN_1000
2023,7,equatorial,equatorial_pa,Equatorial PA,EQUATORIAL PARÁ DISTRIBUIDORA DE ENERGIA S.A.,Equatorial PA,EQUATORIAL PARÁ DISTRIBUIDORA DE ENERGIA S.A.,Equatorial PA — EQUATORIAL PARÁ DISTRIBUIDORA DE ENERGIA S.A.,2989214,pos_2022,REN_1000
2023,7,equatorial,equatorial_pi,Equatorial PI,EQUATORIAL PIAUÍ DISTRIBUIDORA DE ENERGIA S.A.,Equatorial PI,EQUATORIAL PIAUÍ DISTRIBUIDORA DE ENERGIA S.A.,Equatorial PI — EQUATORIAL PIAUÍ DISTRIBUIDORA DE ENERGIA S.A.,1489044,pos_2022,REN_1000
2023,7,forcel,forcel,Forcel,FORÇA E LUZ CORONEL VIVIDA LTDA,Forcel,FORÇA E LUZ CORONEL VIVIDA LTDA,Forcel — FORÇA E LUZ CORONEL VIVIDA LTDA,8588,pos_2022,REN_1000
2023,7,hidropan,hidropan,Hidropan,HIDROPAN DISTRIBUIÇÃO DE ENERGIA S.A.,Hidropan,HIDROPAN DISTRIBUIÇÃO DE ENERGIA S.A.,Hidropan — HIDROPAN DISTRIBUIÇÃO DE ENERGIA S.A.,19977,pos_2022,REN_1000
2023,7,joao,joao_cesa,João Cesa,EMPRESA FORÇA E LUZ JOÃO CESA LTDA.,João Cesa,EMPRESA FORÇA E LUZ JOÃO CESA LTDA.,João Cesa — EMPRESA FORÇA E LUZ JOÃO CESA LTDA.,3956,pos_2022,REN_1000
2023,7,light,light,Light,LIGHT SERVIÇOS DE ELETRICIDADE S.A.,Light,LIGHT SERVIÇOS DE ELETRICIDADE S.A.,Light — LIGHT SERVIÇOS DE ELETRICIDADE S.A.,4628780,pos_2022,REN_1000
2023,7,mux,mux_energia,Mux Energia,"MUXFELDT, MARIN & CIA LTDA",Mux Energia,"MUXFELDT, MARIN & CIA LTDA","Mux Energia — MUXFELDT, MARIN & CIA LTDA",12719,pos_2022,REN_1000
2023,7,neoenergia,neoenergia_brasilia,Neoenergia Brasília,NEOENERGIA DISTRIBUIÇÃO BRASÍLIA S.A.,Neoenergia Brasília,NEOENERGIA DISTRIBUIÇÃO BRASÍLIA S.A.,Neoenergia Brasília — NEOENERGIA DISTRIBUIÇÃO BRASÍLIA S.A.,1170423,pos_2022,REN_1000
2023,7,neoenergia,neoenergia_coelba,Neoenergia Coelba,COMPANHIA DE ELETRICIDADE DO ESTADO DA BAHIA,Neoenergia Coelba,COMPANHIA DE ELETRICIDADE DO ESTADO DA BAHIA,Neoenergia Coelba — COMPANHIA DE ELETRICIDADE DO ESTADO DA BAHIA,6620593,pos_2022,REN_1000
2023,7,neoenergia,neoenergia_cosern,Neoenergia Cosern,COMPANHIA ENERGÉTICA DO RIO GRANDE DO NORTE,Neoenergia Cosern,COMPANHIA ENERGÉTICA DO RIO GRANDE DO NORTE,Neoenergia Cosern — COMPANHIA ENERGÉTICA DO RIO GRANDE DO NORTE,1576720,pos_2022,REN_1000
2023,7,neoenergia,neoenergia_elektro,Neoenergia Elektro,ELEKTRO REDES S.A.,Neoenergia Elektro,ELEKTRO REDES S.A.,Neoenergia Elektro — ELEKTRO REDES S.A.,2954298,pos_2022,REN_1000
2023,7,neoenergia,neoenergia_pernambuco,Neoenergia Pernambuco,COMPANHIA ENERGÉTICA DE PERNAMBUCO,Neoenergia Pernambuco,COMPANHIA ENERGÉTICA DE PERNAMBUCO,Neoenergia Pernambuco — COMPANHIA ENERGÉTICA DE PERNAMBUCO,4022621,pos_2022,REN_1000
2023,7,nova,nova_palma,Nova Palma,NOVA PALMA ENERGIA LTDA.,Nova Palma,NOVA PALMA ENERGIA LTDA.,Nova Palma — NOVA PALMA ENERGIA LTDA.,17226,pos_2022,REN_1000
2023,7,rge,rge,RGE,RGE SUL DISTRIBUIDORA DE ENERGIA S.A.,RGE,RGE SUL DISTRIBUIDORA DE ENERGIA S.A.,RGE — RGE SUL DISTRIBUIDORA DE ENERGIA S.A.,3086591,pos_2022,REN_1000
2023,7,roraima,roraima_energia,Roraima Energia,RORAIMA ENERGIA S.A.,Roraima Energia,RORAIMA ENERGIA S.A.,Roraima Energia — RORAIMA ENERGIA S.A.,211969,pos_2022,REN_1000
2023,7,santa,santa_maria,Santa Maria,EMPRESA LUZ E FORÇA SANTA MARIA S.A.,Santa Maria,EMPRESA LUZ E FORÇA SANTA MARIA S.A.,Santa Maria — EMPRESA LUZ E FORÇA SANTA MARIA S.A.,137547,pos_2022,REN_1000
2023,7,sulgipe,sulgipe,Sulgipe,COMPANHIA SUL SERGIPANA DE ELETRICIDADE,Sulgipe,COMPANHIA SUL SERGIPANA DE ELETRICIDADE,Sulgipe — COMPANHIA SUL SERGIPANA DE ELETRICIDADE,168236,pos_2022,REN_1000
2023,8,amazonas,amazonas_energia,Amazonas Energia,AMAZONAS ENERGIA S.A.,Amazonas Energia,AMAZONAS ENERGIA S.A.,Amazonas Energia — AMAZONAS ENERGIA S.A.,1156900,pos_2022,REN_1000
2023,8,castro_dis,castro_dis,Castro-Dis,COOPERATIVA DE DISTRIBUIÇÃO DE ENERGIA ELÉTRICA DE CASTRO,Castro-Dis,COOPERATIVA DE DISTRIBUIÇÃO DE ENERGIA ELÉTRICA DE CASTRO,Castro-Dis — COOPERATIVA DE DISTRIBUIÇÃO DE ENERGIA ELÉTRICA DE CASTRO,2327,pos_2022,REN_1000
2023,8,cedrap,cedrap,Cedrap,COOPERATIVA DE ELETRIFICAÇÃO DA REGIÃO DO ALTO DA PARAÍBA,Cedrap,COOPERATIVA DE ELETRIFICAÇÃO DA REGIÃO DO ALTO DA PARAÍBA,Cedrap — COOPERATIVA DE ELETRIFICAÇÃO DA REGIÃO DO ALTO DA PARAÍBA,7666,pos_2022,REN_1000
2023,8,cedri,cedri,Cedri,COOPERATIVA DE ELETRIFICAÇÃO E DISTRIBUIÇÃO DA REGIÃO DE ITARIRI,Cedri,COOPERATIVA DE ELETRIFICAÇÃO E DISTRIBUIÇÃO DA REGIÃO DE ITARIRI,Cedri — COOPERATIVA DE ELETRIFICAÇÃO E DISTRIBUIÇÃO DA REGIÃO DE ITARIRI,3040,pos_2022,REN_1000
2023,8,cegero,cegero,Cegero,COOPERATIVA DE ELETRICIDADE DE SÃO LUDGERO,Cegero,COOPERATIVA DE ELETRICIDADE DE SÃO LUDGERO,Cegero — COOPERATIVA DE ELETRICIDADE DE SÃO LUDGERO,6906,pos_2022,REN_1000
2023,8,cejama,cejama,Cejama,COOPERATIVA DE ELETRICIDADE JACINTO MACHADO,Cejama,COOPERATIVA DE ELETRICIDADE JACINTO MACHADO,Cejama — COOPERATIVA DE ELETRICIDADE JACINTO MACHADO,5600,pos_2022,REN_1000
2023,8,celetro,celetro,Celetro,COOPERATIVA DE ELETRIFICAÇÃO CENTRO JACUÍ LTDA.,Celetro,COOPERATIVA DE ELETRIFICAÇÃO CENTRO JACUÍ LTDA.,Celetro — COOPERATIVA DE ELETRIFICAÇÃO CENTRO JACUÍ LTDA.,23949,pos_2022,REN_1000
2023,8,cemig,cemig_d,Cemig-D,CEMIG DISTRIBUIÇÃO S.A.,Cemig-D,CEMIG DISTRIBUIÇÃO S.A.,Cemig-D — CEMIG DISTRIBUIÇÃO S.A.,10378415,pos_2022,REN_1000
2023,8,cemirim,cemirim,Cemirim,COOPERATIVA DE ELETRIFICAÇÃO E DESENVOLVIMENTO DA REGIÃO DE MOGI MIRIM,Cemirim,COOPERATIVA DE ELETRIFICAÇÃO E DESENVOLVIMENTO DA REGIÃO DE MOGI MIRIM,Cemirim — COOPERATIVA DE ELETRIFICAÇÃO E DESENVOLVIMENTO DA REGIÃO DE MOGI MIRIM,16707,pos_2022,REN_1000
2023,8,ceprag,ceprag,Ceprag,COOPERATIVA DE ELETRICIDADE PRAIA GRANDE,Ceprag,COOPERATIVA DE ELETRICIDADE PRAIA GRANDE,Ceprag — COOPERATIVA DE ELETRICIDADE PRAIA GRANDE,20461,pos_2022,REN_1000
2023,8,ceraca,ceraca,Ceraçá,COOPERATIVA DISTRIBUIDORA DE ENERGIA VALE DO ARAÇÁ,Ceraçá,COOPERATIVA DISTRIBUIDORA DE ENERGIA VALE DO ARAÇÁ,Ceraçá — COOPERATIVA DISTRIBUIDORA DE ENERGIA VALE DO ARAÇÁ,12750,pos_2022,REN_1000
2023,8,ceral,ceral_anitapolis,Ceral Anitápolis,COOPERATIVA DE DISTRIBUIÇÃO DE ENERGIA ELÉTRICA DE ANITÁPOLIS,Ceral Anitápolis,COOPERATIVA DE DISTRIBUIÇÃO DE ENERGIA ELÉTRICA DE ANITÁPOLIS,Ceral Anitápolis — COOPERATIVA DE DISTRIBUIÇÃO DE ENERGIA ELÉTRICA DE ANITÁPOLIS,3875,pos_2022,REN_1000
2023,8,ceral,ceral_araruama,Ceral Araruama,COOPERATIVA DE ELETRIFICAÇÃO RURAL DE ARARUAMA,Ceral Araruama,COOPERATIVA DE ELETRIFICAÇÃO RURAL DE ARARUAMA,Ceral Araruama — COOPERATIVA DE ELETRIFICAÇÃO RURAL DE ARARUAMA,7525,pos_2022,REN_1000
2023,8,cerbranorte,cerbranorte,Cerbranorte,COOPERATIVA DE ELETRIFICAÇÃO DE BRAÇO DO NORTE,Cerbranorte,COOPERATIVA DE ELETRIFICAÇÃO DE BRAÇO DO NORTE,Cerbranorte — COOPERATIVA DE ELETRIFICAÇÃO DE BRAÇO DO NORTE,17986,pos_2022,REN_1000
2023,8,cerci,cerci,Cerci,COOPERATIVA DE ELETRIFICAÇÃO RURAL CACHOEIRAS- ITABORAÍ LTDA,Cerci,COOPERATIVA DE ELETRIFICAÇÃO RURAL CACHOEIRAS- ITABORAÍ LTDA,Cerci — COOPERATIVA DE ELETRIFICAÇÃO RURAL CACHOEIRAS- ITABORAÍ LTDA,17860,pos_2022,REN_1000
2023,8,cerej,cerej,Cerej,COOPERATIVA DE PRESTAÇÃO DE SERVIÇOS PÚBLICOS DE DISTRIBUIÇÃO DE ENERGIA ELÉTRICA SENADOR ESTEVES JÚNIOR,Cerej,COOPERATIVA DE PRESTAÇÃO DE SERVIÇOS PÚBLICOS DE DISTRIBUIÇÃO DE ENERGIA ELÉTRICA SENADOR ESTEVES JÚNIOR,Cerej — COOPERATIVA DE PRESTAÇÃO DE SERVIÇOS PÚBLICOS DE DISTRIBUIÇÃO DE ENERGIA ELÉTRICA SENADOR ESTEVES JÚNIOR,15501,pos_2022,REN_1000
2023,8,ceres,ceres,Ceres,COOPERATIVA DE ELETRIFICAÇÃO RURAL DE RESENDE LTDA.,Ceres,COOPERATIVA DE ELETRIFICAÇÃO RURAL DE RESENDE LTDA.,Ceres — COOPERATIVA DE ELETRIFICAÇÃO RURAL DE RESENDE LTDA.,5822,pos_2022,REN_1000
2023,8,cerfox,cerfox,Cerfox,COOPERATIVA DE DISTRIBUIÇÃO DE ENERGIA FONTOURA XAVIER,Cerfox,COOPERATIVA DE DISTRIBUIÇÃO DE ENERGIA FONTOURA XAVIER,Cerfox — COOPERATIVA DE DISTRIBUIÇÃO DE ENERGIA FONTOURA XAVIER,16105,pos_2022,REN_1000
2023,8,cergal,cergal,Cergal,COOPERATIVA DE ELETRIFICAÇÃO RURAL ANITA GARIBALDI LTDA,Cergal,COOPERATIVA DE ELETRIFICAÇÃO RURAL ANITA GARIBALDI LTDA,Cergal — COOPERATIVA DE ELETRIFICAÇÃO RURAL ANITA GARIBALDI LTDA,20357,pos_2022,REN_1000
2023,8,cergapa,cergapa,Cergapa,COOPERATIVA DE ELETRICIDADE DE GRÃO PARÁ,Cergapa,COOPERATIVA DE ELETRICIDADE DE GRÃO PARÁ,Cergapa — COOPERATIVA DE ELETRICIDADE DE GRÃO PARÁ,3983,pos_2022,REN_1000
2023,8,cergral,cergral,Cergral,COOPERATIVA DE ELETRICIDADE DE GRAVATAL,Cergral,COOPERATIVA DE ELETRICIDADE DE GRAVATAL,Cergral — COOPERATIVA DE ELETRICIDADE DE GRAVATAL,6878,pos_2022,REN_1000
2023,8,ceriluz,ceriluz,Ceriluz,COOPERATIVA REGIONAL DE ENERGIA E DESENVOLVIMENTO IJUÍ LTDA,Ceriluz,COOPERATIVA REGIONAL DE ENERGIA E DESENVOLVIMENTO IJUÍ LTDA,Ceriluz — COOPERATIVA REGIONAL DE ENERGIA E DESENVOLVIMENTO IJUÍ LTDA,14960,pos_2022,REN_1000
2023,8,cerim,cerim,Cerim,COOPERATIVA DE ELETRIFICAÇÃO E DESENVOLVIMENTO DA REGIÃO DE ITU-MAIRINQUE,Cerim,COOPERATIVA DE ELETRIFICAÇÃO E DESENVOLVIMENTO DA REGIÃO DE ITU-MAIRINQUE,Cerim — COOPERATIVA DE ELETRIFICAÇÃO E DESENVOLVIMENTO DA REGIÃO DE ITU-MAIRINQUE,15539,pos_2022,REN_1000
2023,8,ceripa,ceripa,Ceripa,COOPERATIVA DE ELETRIFICAÇÃO RURAL DE ITAÍ-PARANAPANEMA-AVARÉ,Ceripa,COOPERATIVA DE ELETRIFICAÇÃO RURAL DE ITAÍ-PARANAPANEMA-AVARÉ,Ceripa — COOPERATIVA DE ELETRIFICAÇÃO RURAL DE ITAÍ-PARANAPANEMA-AVARÉ,7484,pos_2022,REN_1000
2023,8,ceris,ceris,Ceris,COOPERATIVA DE ELETRIFICAÇÃO RURAL DA REGIÃO DE ITAPECERICA DA SERRA,Ceris,COOPERATIVA DE ELETRIFICAÇÃO RURAL DA REGIÃO DE ITAPECERICA DA SERRA,Ceris — COOPERATIVA DE ELETRIFICAÇÃO RURAL DA REGIÃO DE ITAPECERICA DA SERRA,7001,pos_2022,REN_1000
2023,8,cermc,cermc,Cermc,COOPERATIVA DE ELETRIFICAÇÃO E DESENVOLVIMENTO DA REGIÃO DE MOGI DAS CRUZES,Cermc,COOPERATIVA DE ELETRIFICAÇÃO E DESENVOLVIMENTO DA REGIÃO DE MOGI DAS CRUZES,Cermc — COOPERATIVA DE ELETRIFICAÇÃO E DESENVOLVIMENTO DA REGIÃO DE MOGI DAS CRUZES,3443,pos_2022,REN_1000
2023,8,cermissoes,cermissoes,Cermissões,COOPERATIVA DE DISTRIBUIÇÃO E GERAÇÃO DE ENERGIA DAS MISSÕES,Cermissões,COOPERATIVA DE DISTRIBUIÇÃO E GERAÇÃO DE ENERGIA DAS MISSÕES,Cermissões — COOPERATIVA DE DISTRIBUIÇÃO E GERAÇÃO DE ENERGIA DAS MISSÕES,28411,pos_2022,REN_1000
2023,8,cernhe,cernhe,Cernhe,COOPERATIVA DE ELETRIFICAÇÃO E DESENVOLVIMENTO RURAL DA REGIÃO DE NOVO HORIZONTE,Cernhe,COOPERATIVA DE ELETRIFICAÇÃO E DESENVOLVIMENTO RURAL DA REGIÃO DE NOVO HORIZONTE,Cernhe — COOPERATIVA DE ELETRIFICAÇÃO E DESENVOLVIMENTO RURAL DA REGIÃO DE NOVO HORIZONTE,4667,pos_2022,REN_1000
2023,8,cerpalo,cerpalo,Cerpalo,COOPERATIVA DE ELETRIFICAÇÃO DE PAULO LOPES,Cerpalo,COOPERATIVA DE ELETRIFICAÇÃO DE PAULO LOPES,Cerpalo — COOPERATIVA DE ELETRIFICAÇÃO DE PAULO LOPES,16679,pos_2022,REN_1000
2023,8,cerpro,cerpro,Cerpro,COOPERATIVA DE ELETRIFICAÇÃO RURAL DA REGIÃO DE PROMISSÃO,Cerpro,COOPERATIVA DE ELETRIFICAÇÃO RURAL DA REGIÃO DE PROMISSÃO,Cerpro — COOPERATIVA DE ELETRIFICAÇÃO RURAL DA REGIÃO DE PROMISSÃO,2042,pos_2022,REN_1000
2023,8,cerrp,cerrp,Cerrp,COOPERATIVA DE ELETRIFICAÇÃO E DESENVOLVIMENTO DA REGIÃO DE SÃO JOSÉ DO RIO PRETO,Cerrp,COOPERATIVA DE ELETRIFICAÇÃO E DESENVOLVIMENTO DA REGIÃO DE SÃO JOSÉ DO RIO PRETO,Cerrp — COOPERATIVA DE ELETRIFICAÇÃO E DESENVOLVIMENTO DA REGIÃO DE SÃO JOSÉ DO RIO PRETO,3460,pos_2022,REN_1000
2023,8,cersad,cersad,Cersad,COOPERATIVA DE DISTRIBUIÇÃO DE ENERGIA ELÉTRICA SALTO DONNER,Cersad,COOPERATIVA DE DISTRIBUIÇÃO DE ENERGIA ELÉTRICA SALTO DONNER,Cersad — COOPERATIVA DE DISTRIBUIÇÃO DE ENERGIA ELÉTRICA SALTO DONNER,1380,pos_2022,REN_1000
2023,8,cersul,cersul,Cersul,COOPERATIVA DE DISTRIBUIÇÃOI DE ENERGIA,Cersul,COOPERATIVA DE DISTRIBUIÇÃOI DE ENERGIA,Cersul — COOPERATIVA DE DISTRIBUIÇÃOI DE ENERGIA,18569,pos_2022,REN_1000
2023,8,certaja,certaja_energia,Certaja Energia,COOPERATIVA REGIONAL DE ENERGIA TAQUARI JACUÍ,Certaja Energia,COOPERATIVA REGIONAL DE ENERGIA TAQUARI JACUÍ,Certaja Energia — COOPERATIVA REGIONAL DE ENERGIA TAQUARI JACUÍ,26388,pos_2022,REN_1000
2023,8,certel,certel_energia,Certel Energia,COOPERATIVA DE DISTRIBUIÇÃO DE ENERGIA TEUTÔNIA,Certel Energia,COOPERATIVA DE DISTRIBUIÇÃO DE ENERGIA TEUTÔNIA,Certel Energia — COOPERATIVA DE DISTRIBUIÇÃO DE ENERGIA TEUTÔNIA,73435,pos_2022,REN_1000
2023,8,certrel,certrel,Certrel,COOPERATIVA DE ENERGIA TREVISO,Certrel,COOPERATIVA DE ENERGIA TREVISO,Certrel — COOPERATIVA DE ENERGIA TREVISO,4676,pos_2022,REN_1000
2023,8,cervam,cervam,Cervam,COOPERATIVA DE ENERGIZAÇÃO E DE DESENVOLVIMENTO DO VALE DO MOGI,Cervam,COOPERATIVA DE ENERGIZAÇÃO E DE DESENVOLVIMENTO DO VALE DO MOGI,Cervam — COOPERATIVA DE ENERGIZAÇÃO E DE DESENVOLVIMENTO DO VALE DO MOGI,4547,pos_2022,REN_1000
2023,8,cetril,cetril,Cetril,COOPERATIVA DE ELETRIFICAÇÃO DE IBIÚNA E REGIÃO,Cetril,COOPERATIVA DE ELETRIFICAÇÃO DE IBIÚNA E REGIÃO,Cetril — COOPERATIVA DE ELETRIFICAÇÃO DE IBIÚNA E REGIÃO,32178,pos_2022,REN_1000
2023,8,chesp,chesp,Chesp,COMPANHIA HIDROELÉTRICA SÃO PATRÍCIO,Chesp,COMPANHIA HIDROELÉTRICA SÃO PATRÍCIO,Chesp — COMPANHIA HIDROELÉTRICA SÃO PATRÍCIO,22155,pos_2022,REN_1000
2023,8,cocel,cocel,Cocel,COMPANHIA CAMPOLARGUENSE DE ENERGIA,Cocel,COMPANHIA CAMPOLARGUENSE DE ENERGIA,Cocel — COMPANHIA CAMPOLARGUENSE DE ENERGIA,59223,pos_2022,REN_1000
2023,8,codesam,codesam,Codesam,COOPERATIVA DE DISTRIBUIÇÃO DE ENERGIA ELÉTRICA DE SANTA MARIA,Codesam,COOPERATIVA DE DISTRIBUIÇÃO DE ENERGIA ELÉTRICA DE SANTA MARIA,Codesam — COOPERATIVA DE DISTRIBUIÇÃO DE ENERGIA ELÉTRICA DE SANTA MARIA,641,pos_2022,REN_1000
2023,8,coopera,coopera,Coopera,COOPERATIVA PIONEIRA DE ELETRIFICAÇÃO,Coopera,COOPERATIVA PIONEIRA DE ELETRIFICAÇÃO,Coopera — COOPERATIVA PIONEIRA DE ELETRIFICAÇÃO,27235,pos_2022,REN_1000
2023,8,cooperalianca,cooperalianca,Cooperaliança,COOPERATIVA ALIANÇA,Cooperaliança,COOPERATIVA ALIANÇA,Cooperaliança — COOPERATIVA ALIANÇA,43910,pos_2022,REN_1000
2023,8,coopercocal,coopercocal,Coopercocal,COOPERATIVA ENERGÉTICA COCAL,Coopercocal,COOPERATIVA ENERGÉTICA COCAL,Coopercocal — COOPERATIVA ENERGÉTICA COCAL,11725,pos_2022,REN_1000
2023,8,cooperluz,cooperluz,Cooperluz,COOPERATIVA DISTRIBUIDORA DE ENERGIA FRONTEIRA NOROESTE,Cooperluz,COOPERATIVA DISTRIBUIDORA DE ENERGIA FRONTEIRA NOROESTE,Cooperluz — COOPERATIVA DISTRIBUIDORA DE ENERGIA FRONTEIRA NOROESTE,17021,pos_2022,REN_1000
2023,8,coopermila,coopermila,Coopermila,COOPERATIVA DE ELETRIFICAÇÃO LAURO MÜLLER,Coopermila,COOPERATIVA DE ELETRIFICAÇÃO LAURO MÜLLER,Coopermila — COOPERATIVA DE ELETRIFICAÇÃO LAURO MÜLLER,1372,pos_2022,REN_1000
2023,8,coopernorte,coopernorte,Coopernorte,COOPERATIVA REGIONAL DE DISTRIBUIÇÃO DE ENERGIA DO LITORAL NORTE,Coopernorte,COOPERATIVA REGIONAL DE DISTRIBUIÇÃO DE ENERGIA DO LITORAL NORTE,Coopernorte — COOPERATIVA REGIONAL DE DISTRIBUIÇÃO DE ENERGIA DO LITORAL NORTE,6983,pos_2022,REN_1000
2023,8,coopersul,coopersul,Coopersul,COOPERATIVA REGIONAL DE ELETRIFICAÇÃO RURAL FRONTEIRA SUL LTDA,Coopersul,COOPERATIVA REGIONAL DE ELETRIFICAÇÃO RURAL FRONTEIRA SUL LTDA,Coopersul — COOPERATIVA REGIONAL DE ELETRIFICAÇÃO RURAL FRONTEIRA SUL LTDA,5707,pos_2022,REN_1000
2023,8,cooperzem,cooperzem,Cooperzem,COOPERZEM COOPERATIVA DE DISTRIBUIÇÃO DE ENERGIA ELÉTRICA,Cooperzem,COOPERZEM COOPERATIVA DE DISTRIBUIÇÃO DE ENERGIA ELÉTRICA,Cooperzem — COOPERZEM COOPERATIVA DE DISTRIBUIÇÃO DE ENERGIA ELÉTRICA,8753,pos_2022,REN_1000
2023,8,coorsel,coorsel,Coorsel,COOPERATIVA REGIONAL SUL DE ELETRIFICAÇÃO RURAL,Coorsel,COOPERATIVA REGIONAL SUL DE ELETRIFICAÇÃO RURAL,Coorsel — COOPERATIVA REGIONAL SUL DE ELETRIFICAÇÃO RURAL,9362,pos_2022,REN_1000
2023,8,copel,copel_dis,Copel-Dis,COPEL DISTRIBUIÇÃO S.A.,Copel-Dis,COPEL DISTRIBUIÇÃO S.A.,Copel-Dis — COPEL DISTRIBUIÇÃO S.A.,5184169,pos_2022,REN_1000
2023,8,cpfl,cpfl_paulista,CPFL Paulista,COMPANHIA PAULISTA DE FORÇA E LUZ,CPFL Paulista,COMPANHIA PAULISTA DE FORÇA E LUZ,CPFL Paulista — COMPANHIA PAULISTA DE FORÇA E LUZ,4922290,pos_2022,REN_1000
2023,8,cpfl,cpfl_piratininga,CPFL Piratininga,COMPANHIA PIRATININGA DE FORÇA E LUZ,CPFL Piratininga,COMPANHIA PIRATININGA DE FORÇA E LUZ,CPFL Piratininga — COMPANHIA PIRATININGA DE FORÇA E LUZ,1928738,pos_2022,REN_1000
2023,8,cpfl,cpfl_santa_cruz,CPFL Santa Cruz,COMPANHIA JAGUARI DE ENERGIA - CPFL SANTA CRUZ,CPFL Santa Cruz,COMPANHIA JAGUARI DE ENERGIA - CPFL SANTA CRUZ,CPFL Santa Cruz — COMPANHIA JAGUARI DE ENERGIA - CPFL SANTA CRUZ,500867,pos_2022,REN_1000
2023,8,creluz_d,creluz_d,Creluz-D,COOPERATIVA DE DISTRIBUIÇÃO DE ENERGIA,Creluz-D,COOPERATIVA DE DISTRIBUIÇÃO DE ENERGIA,Creluz-D — COOPERATIVA DE DISTRIBUIÇÃO DE ENERGIA,25284,pos_2022,REN_1000
2023,8,creral,creral,Creral,COOPERATIVA REGIONAL DE ELETRIFICAÇÃO RURAL DO ALTO URUGUAI,Creral,COOPERATIVA REGIONAL DE ELETRIFICAÇÃO RURAL DO ALTO URUGUAI,Creral — COOPERATIVA REGIONAL DE ELETRIFICAÇÃO RURAL DO ALTO URUGUAI,7971,pos_2022,REN_1000
2023,8,dcelt,dcelt,Dcelt,DISTRIBUIDORA CATARINENSE DE ENERGIA ELÉTRICA S/A.,Dcelt,DISTRIBUIDORA CATARINENSE DE ENERGIA ELÉTRICA S/A.,Dcelt — DISTRIBUIDORA CATARINENSE DE ENERGIA ELÉTRICA S/A.,40538,pos_2022,REN_1000
2023,8,demei,demei,Demei,DEPARTAMENTO MUNICIPAL DE ENERGIA DE IJUÍ,Demei,DEPARTAMENTO MUNICIPAL DE ENERGIA DE IJUÍ,Demei — DEPARTAMENTO MUNICIPAL DE ENERGIA DE IJUÍ,36091,pos_2022,REN_1000
2023,8,dmed,dmed,Dmed,DME DISTRIBUIÇÃO S.A.,Dmed,DME DISTRIBUIÇÃO S.A.,Dmed — DME DISTRIBUIÇÃO S.A.,87280,pos_2022,REN_1000
2023,8,edp,edp_es,EDP ES,EDP ESPÍRITO SANTO DISTRIBUIÇÃO DE ENERGIA S.A.,EDP ES,EDP ESPÍRITO SANTO DISTRIBUIÇÃO DE ENERGIA S.A.,EDP ES — EDP ESPÍRITO SANTO DISTRIBUIÇÃO DE ENERGIA S.A.,1784854,pos_2022,REN_1000
2023,8,edp,edp_sp,EDP SP,EDP SÃO PAULO DISTRIBUIÇÃO DE ENERGIA S.A.,EDP SP,EDP SÃO PAULO DISTRIBUIÇÃO DE ENERGIA S.A.,EDP SP — EDP SÃO PAULO DISTRIBUIÇÃO DE ENERGIA S.A.,2243258,pos_2022,REN_1000
2023,8,eflul,eflul,Eflul,EMPRESA FORÇA E LUZ DE URUSSANGA LTDA.,Eflul,EMPRESA FORÇA E LUZ DE URUSSANGA LTDA.,Eflul — EMPRESA FORÇA E LUZ DE URUSSANGA LTDA.,7716,pos_2022,REN_1000
2023,8,eletrocar,eletrocar,Eletrocar,CENTRAIS ELÉTRICAS DE CARAZINHO S.A.,Eletrocar,CENTRAIS ELÉTRICAS DE CARAZINHO S.A.,Eletrocar — CENTRAIS ELÉTRICAS DE CARAZINHO S.A.,39839,pos_2022,REN_1000
2023,8,enel,enel_ce,Enel CE,COMPANHIA ENERGÉTICA DO CEARÁ,Enel CE,COMPANHIA ENERGÉTICA DO CEARÁ,Enel CE — COMPANHIA ENERGÉTICA DO CEARÁ,4164403,pos_2022,REN_1000
2023,8,enel,enel_go,Enel GO,CELG DISTRIBUIÇÃO S.A.,Enel GO,CELG DISTRIBUIÇÃO S.A.,Enel GO — CELG DISTRIBUIÇÃO S.A.,3423786,pos_2022,REN_1000
2023,8,enel,enel_rj,Enel RJ,AMPLA ENERGIA E SERVIÇOS S.A.,Enel RJ,AMPLA ENERGIA E SERVIÇOS S.A.,Enel RJ — AMPLA ENERGIA E SERVIÇOS S.A.,3076258,pos_2022,REN_1000
2023,8,enel,enel_sp,Enel SP,ELETROPAULO METROPOLITANA ELETRICIDADE DE SÃO PAULO S.A.,Enel SP,ELETROPAULO METROPOLITANA ELETRICIDADE DE SÃO PAULO S.A.,Enel SP — ELETROPAULO METROPOLITANA ELETRICIDADE DE SÃO PAULO S.A.,8323906,pos_2022,REN_1000
2023,8,energisa,energisa_ac,Energisa AC,ENERGISA ACRE - DISTRIBUIDORA DE ENERGIA S.A.,Energisa AC,ENERGISA ACRE - DISTRIBUIDORA DE ENERGIA S.A.,Energisa AC — ENERGISA ACRE - DISTRIBUIDORA DE ENERGIA S.A.,289784,pos_2022,REN_1000
2023,8,energisa,energisa_minas_rio,Energisa Minas Rio,ENERGISA MINAS RIO - DISTRIBUIDORA DE ENERGIA S.A.,Energisa Minas Rio,ENERGISA MINAS RIO - DISTRIBUIDORA DE ENERGIA S.A.,Energisa Minas Rio — ENERGISA MINAS RIO - DISTRIBUIDORA DE ENERGIA S.A.,597398,pos_2022,REN_1000
2023,8,energisa,energisa_ms,Energisa MS,ENERGISA MATO GROSSO DO SUL DISTRIBUIDORA DE ENERGIA S.A.,Energisa MS,ENERGISA MATO GROSSO DO SUL DISTRIBUIDORA DE ENERGIA S.A.,Energisa MS — ENERGISA MATO GROSSO DO SUL DISTRIBUIDORA DE ENERGIA S.A.,1113649,pos_2022,REN_1000
2023,8,energisa,energisa_mt,Energisa MT,ENERGISA MATO GROSSO DISTRIBUIDORA DE ENERGIA S.A.,Energisa MT,ENERGISA MATO GROSSO DISTRIBUIDORA DE ENERGIA S.A.,Energisa MT — ENERGISA MATO GROSSO DISTRIBUIDORA DE ENERGIA S.A.,1610830,pos_2022,REN_1000
2023,8,energisa,energisa_pb,Energisa PB,ENERGISA PARAÍBA DISTRIBUIDORA DE ENERGIA S.A.,Energisa PB,ENERGISA PARAÍBA DISTRIBUIDORA DE ENERGIA S.A.,Energisa PB — ENERGISA PARAÍBA DISTRIBUIDORA DE ENERGIA S.A.,1796581,pos_2022,REN_1000
2023,8,energisa,energisa_ro,Energisa RO,ENERGISA RONDÔNIA DISTRIBUIDORA DE ENERGIA S.A.,Energisa RO,ENERGISA RONDÔNIA DISTRIBUIDORA DE ENERGIA S.A.,Energisa RO — ENERGISA RONDÔNIA DISTRIBUIDORA DE ENERGIA S.A.,692758,pos_2022,REN_1000
2023,8,energisa,energisa_se,Energisa SE,ENERGISA SERGIPE DISTRIBUIDORA DE ENERGIA S.A.,Energisa SE,ENERGISA SERGIPE DISTRIBUIDORA DE ENERGIA S.A.,Energisa SE — ENERGISA SERGIPE DISTRIBUIDORA DE ENERGIA S.A.,856655,pos_2022,REN_1000
2023,8,energisa,energisa_sul_sudeste,Energisa Sul-Sudeste,ENERGISA SUL-SUDESTE DISTRIBUIDORA DE ENERGIA S.A.,Energisa Sul-Sudeste,ENERGISA SUL-SUDESTE DISTRIBUIDORA DE ENERGIA S.A.,Energisa Sul-Sudeste — ENERGISA SUL-SUDESTE DISTRIBUIDORA DE ENERGIA S.A.,860474,pos_2022,REN_1000
2023,8,energisa,energisa_to,Energisa TO,ENERGISA TOCANTINS DISTRIBUIDORA DE ENERGIA S.A.,Energisa TO,ENERGISA TOCANTINS DISTRIBUIDORA DE ENERGIA S.A.,Energisa TO — ENERGISA TOCANTINS DISTRIBUIDORA DE ENERGIA S.A.,656271,pos_2022,REN_1000
2023,8,equatorial,cea_equatorial,CEA Equatorial,COMPANHIA DE ELETRICIDADE DO AMAPA,CEA Equatorial,COMPANHIA DE ELETRICIDADE DO AMAPA,CEA Equatorial — COMPANHIA DE ELETRICIDADE DO AMAPA,230920,pos_2022,REN_1000
2023,8,equatorial,ceee_equatorial,CEEE Equatorial,COMPANHIA ESTADUAL DE DISTRIBUIÇÃO DE ENERGIA ELÉTRICA,CEEE Equatorial,COMPANHIA ESTADUAL DE DISTRIBUIÇÃO DE ENERGIA ELÉTRICA,CEEE Equatorial — COMPANHIA ESTADUAL DE DISTRIBUIÇÃO DE ENERGIA ELÉTRICA,1910724,pos_2022,REN_1000
2023,8,equatorial,equatorial_al,Equatorial AL,EQUATORIAL ALAGOAS DISTRIBUIDORA DE ENERGIA S.A.,Equatorial AL,EQUATORIAL ALAGOAS DISTRIBUIDORA DE ENERGIA S.A.,Equatorial AL — EQUATORIAL ALAGOAS DISTRIBUIDORA DE ENERGIA S.A.,1344344,pos_2022,REN_1000
2023,8,equatorial,equatorial_ma,Equatorial MA,EQUATORIAL MARANHÃO DISTRIBUIDORA DE ENERGIA S.A.,Equatorial MA,EQUATORIAL MARANHÃO DISTRIBUIDORA DE ENERGIA S.A.,Equatorial MA — EQUATORIAL MARANHÃO DISTRIBUIDORA DE ENERGIA S.A.,2742033,pos_2022,REN_1000
2023,8,equatorial,equatorial_pa,Equatorial PA,EQUATORIAL PARÁ DISTRIBUIDORA DE ENERGIA S.A.,Equatorial PA,EQUATORIAL PARÁ DISTRIBUIDORA DE ENERGIA S.A.,Equatorial PA — EQUATORIAL PARÁ DISTRIBUIDORA DE ENERGIA S.A.,2990400,pos_2022,REN_1000
2023,8,equatorial,equatorial_pi,Equatorial PI,EQUATORIAL PIAUÍ DISTRIBUIDORA DE ENERGIA S.A.,Equatorial PI,EQUATORIAL PIAUÍ DISTRIBUIDORA DE ENERGIA S.A.,Equatorial PI — EQUATORIAL PIAUÍ DISTRIBUIDORA DE ENERGIA S.A.,1489917,pos_2022,REN_1000
2023,8,forcel,forcel,Forcel,FORÇA E LUZ CORONEL VIVIDA LTDA,Forcel,FORÇA E LUZ CORONEL VIVIDA LTDA,Forcel — FORÇA E LUZ CORONEL VIVIDA LTDA,8595,pos_2022,REN_1000
2023,8,hidropan,hidropan,Hidropan,HIDROPAN DISTRIBUIÇÃO DE ENERGIA S.A.,Hidropan,HIDROPAN DISTRIBUIÇÃO DE ENERGIA S.A.,Hidropan — HIDROPAN DISTRIBUIÇÃO DE ENERGIA S.A.,19984,pos_2022,REN_1000
2023,8,joao,joao_cesa,João Cesa,EMPRESA FORÇA E LUZ JOÃO CESA LTDA.,João Cesa,EMPRESA FORÇA E LUZ JOÃO CESA LTDA.,João Cesa — EMPRESA FORÇA E LUZ JOÃO CESA LTDA.,3949,pos_2022,REN_1000
2023,8,light,light,Light,LIGHT SERVIÇOS DE ELETRICIDADE S.A.,Light,LIGHT SERVIÇOS DE ELETRICIDADE S.A.,Light — LIGHT SERVIÇOS DE ELETRICIDADE S.A.,4629558,pos_2022,REN_1000
2023,8,mux,mux_energia,Mux Energia,"MUXFELDT, MARIN & CIA LTDA",Mux Energia,"MUXFELDT, MARIN & CIA LTDA","Mux Energia — MUXFELDT, MARIN & CIA LTDA",12731,pos_2022,REN_1000
2023,8,neoenergia,neoenergia_brasilia,Neoenergia Brasília,NEOENERGIA DISTRIBUIÇÃO BRASÍLIA S.A.,Neoenergia Brasília,NEOENERGIA DISTRIBUIÇÃO BRASÍLIA S.A.,Neoenergia Brasília — NEOENERGIA DISTRIBUIÇÃO BRASÍLIA S.A.,1195910,pos_2022,REN_1000
2023,8,neoenergia,neoenergia_coelba,Neoenergia Coelba,COMPANHIA DE ELETRICIDADE DO ESTADO DA BAHIA,Neoenergia Coelba,COMPANHIA DE ELETRICIDADE DO ESTADO DA BAHIA,Neoenergia Coelba — COMPANHIA DE ELETRICIDADE DO ESTADO DA BAHIA,6634711,pos_2022,REN_1000
2023,8,neoenergia,neoenergia_cosern,Neoenergia Cosern,COMPANHIA ENERGÉTICA DO RIO GRANDE DO NORTE,Neoenergia Cosern,COMPANHIA ENERGÉTICA DO RIO GRANDE DO NORTE,Neoenergia Cosern — COMPANHIA ENERGÉTICA DO RIO GRANDE DO NORTE,1578752,pos_2022,REN_1000
2023,8,neoenergia,neoenergia_elektro,Neoenergia Elektro,ELEKTRO REDES S.A.,Neoenergia Elektro,ELEKTRO REDES S.A.,Neoenergia Elektro — ELEKTRO REDES S.A.,2959402,pos_2022,REN_1000
2023,8,neoenergia,neoenergia_pernambuco,Neoenergia Pernambuco,COMPANHIA ENERGÉTICA DE PERNAMBUCO,Neoenergia Pernambuco,COMPANHIA ENERGÉTICA DE PERNAMBUCO,Neoenergia Pernambuco — COMPANHIA ENERGÉTICA DE PERNAMBUCO,4030871,pos_2022,REN_1000
2023,8,nova,nova_palma,Nova Palma,NOVA PALMA ENERGIA LTDA.,Nova Palma,NOVA PALMA ENERGIA LTDA.,Nova Palma — NOVA PALMA ENERGIA LTDA.,17266,pos_2022,REN_1000
2023,8,rge,rge,RGE,RGE SUL DISTRIBUIDORA DE ENERGIA S.A.,RGE,RGE SUL DISTRIBUIDORA DE ENERGIA S.A.,RGE — RGE SUL DISTRIBUIDORA DE ENERGIA S.A.,3088833,pos_2022,REN_1000
2023,8,roraima,roraima_energia,Roraima Energia,RORAIMA ENERGIA S.A.,Roraima Energia,RORAIMA ENERGIA S.A.,Roraima Energia — RORAIMA ENERGIA S.A.,212935,pos_2022,REN_1000
2023,8,santa,santa_maria,Santa Maria,EMPRESA LUZ E FORÇA SANTA MARIA S.A.,Santa Maria,EMPRESA LUZ E FORÇA SANTA MARIA S.A.,Santa Maria — EMPRESA LUZ E FORÇA SANTA MARIA S.A.,137761,pos_2022,REN_1000
2023,8,sulgipe,sulgipe,Sulgipe,COMPANHIA SUL SERGIPANA DE ELETRICIDADE,Sulgipe,COMPANHIA SUL SERGIPANA DE ELETRICIDADE,Sulgipe — COMPANHIA SUL SERGIPANA DE ELETRICIDADE,168626,pos_2022,REN_1000
2023,9,amazonas,amazonas_energia,Amazonas Energia,AMAZONAS ENERGIA S.A.,Amazonas Energia,AMAZONAS ENERGIA S.A.,Amazonas Energia — AMAZONAS ENERGIA S.A.,1158774,pos_2022,REN_1000
2023,9,castro_dis,castro_dis,Castro-Dis,COOPERATIVA DE DISTRIBUIÇÃO DE ENERGIA ELÉTRICA DE CASTRO,Castro-Dis,COOPERATIVA DE DISTRIBUIÇÃO DE ENERGIA ELÉTRICA DE CASTRO,Castro-Dis — COOPERATIVA DE DISTRIBUIÇÃO DE ENERGIA ELÉTRICA DE CASTRO,2340,pos_2022,REN_1000
2023,9,cedrap,cedrap,Cedrap,COOPERATIVA DE ELETRIFICAÇÃO DA REGIÃO DO ALTO DA PARAÍBA,Cedrap,COOPERATIVA DE ELETRIFICAÇÃO DA REGIÃO DO ALTO DA PARAÍBA,Cedrap — COOPERATIVA DE ELETRIFICAÇÃO DA REGIÃO DO ALTO DA PARAÍBA,7698,pos_2022,REN_1000
2023,9,cedri,cedri,Cedri,COOPERATIVA DE ELETRIFICAÇÃO E DISTRIBUIÇÃO DA REGIÃO DE ITARIRI,Cedri,COOPERATIVA DE ELETRIFICAÇÃO E DISTRIBUIÇÃO DA REGIÃO DE ITARIRI,Cedri — COOPERATIVA DE ELETRIFICAÇÃO E DISTRIBUIÇÃO DA REGIÃO DE ITARIRI,3057,pos_2022,REN_1000
2023,9,cegero,cegero,Cegero,COOPERATIVA DE ELETRICIDADE DE SÃO LUDGERO,Cegero,COOPERATIVA DE ELETRICIDADE DE SÃO LUDGERO,Cegero — COOPERATIVA DE ELETRICIDADE DE SÃO LUDGERO,6912,pos_2022,REN_1000
2023,9,cejama,cejama,Cejama,COOPERATIVA DE ELETRICIDADE JACINTO MACHADO,Cejama,COOPERATIVA DE ELETRICIDADE JACINTO MACHADO,Cejama — COOPERATIVA DE ELETRICIDADE JACINTO MACHADO,5650,pos_2022,REN_1000
2023,9,celetro,celetro,Celetro,COOPERATIVA DE ELETRIFICAÇÃO CENTRO JACUÍ LTDA.,Celetro,COOPERATIVA DE ELETRIFICAÇÃO CENTRO JACUÍ LTDA.,Celetro — COOPERATIVA DE ELETRIFICAÇÃO CENTRO JACUÍ LTDA.,23976,pos_2022,REN_1000
2023,9,cemig,cemig_d,Cemig-D,CEMIG DISTRIBUIÇÃO S.A.,Cemig-D,CEMIG DISTRIBUIÇÃO S.A.,Cemig-D — CEMIG DISTRIBUIÇÃO S.A.,10393515,pos_2022,REN_1000
2023,9,cemirim,cemirim,Cemirim,COOPERATIVA DE ELETRIFICAÇÃO E DESENVOLVIMENTO DA REGIÃO DE MOGI MIRIM,Cemirim,COOPERATIVA DE ELETRIFICAÇÃO E DESENVOLVIMENTO DA REGIÃO DE MOGI MIRIM,Cemirim — COOPERATIVA DE ELETRIFICAÇÃO E DESENVOLVIMENTO DA REGIÃO DE MOGI MIRIM,16730,pos_2022,REN_1000
2023,9,ceprag,ceprag,Ceprag,COOPERATIVA DE ELETRICIDADE PRAIA GRANDE,Ceprag,COOPERATIVA DE ELETRICIDADE PRAIA GRANDE,Ceprag — COOPERATIVA DE ELETRICIDADE PRAIA GRANDE,20645,pos_2022,REN_1000
2023,9,ceraca,ceraca,Ceraçá,COOPERATIVA DISTRIBUIDORA DE ENERGIA VALE DO ARAÇÁ,Ceraçá,COOPERATIVA DISTRIBUIDORA DE ENERGIA VALE DO ARAÇÁ,Ceraçá — COOPERATIVA DISTRIBUIDORA DE ENERGIA VALE DO ARAÇÁ,12767,pos_2022,REN_1000
2023,9,ceral,ceral_anitapolis,Ceral Anitápolis,COOPERATIVA DE DISTRIBUIÇÃO DE ENERGIA ELÉTRICA DE ANITÁPOLIS,Ceral Anitápolis,COOPERATIVA DE DISTRIBUIÇÃO DE ENERGIA ELÉTRICA DE ANITÁPOLIS,Ceral Anitápolis — COOPERATIVA DE DISTRIBUIÇÃO DE ENERGIA ELÉTRICA DE ANITÁPOLIS,3892,pos_2022,REN_1000
2023,9,ceral,ceral_araruama,Ceral Araruama,COOPERATIVA DE ELETRIFICAÇÃO RURAL DE ARARUAMA,Ceral Araruama,COOPERATIVA DE ELETRIFICAÇÃO RURAL DE ARARUAMA,Ceral Araruama — COOPERATIVA DE ELETRIFICAÇÃO RURAL DE ARARUAMA,7526,pos_2022,REN_1000
2023,9,cerbranorte,cerbranorte,Cerbranorte,COOPERATIVA DE ELETRIFICAÇÃO DE BRAÇO DO NORTE,Cerbranorte,COOPERATIVA DE ELETRIFICAÇÃO DE BRAÇO DO NORTE,Cerbranorte — COOPERATIVA DE ELETRIFICAÇÃO DE BRAÇO DO NORTE,18011,pos_2022,REN_1000
2023,9,cerci,cerci,Cerci,COOPERATIVA DE ELETRIFICAÇÃO RURAL CACHOEIRAS- ITABORAÍ LTDA,Cerci,COOPERATIVA DE ELETRIFICAÇÃO RURAL CACHOEIRAS- ITABORAÍ LTDA,Cerci — COOPERATIVA DE ELETRIFICAÇÃO RURAL CACHOEIRAS- ITABORAÍ LTDA,17851,pos_2022,REN_1000
2023,9,cerej,cerej,Cerej,COOPERATIVA DE PRESTAÇÃO DE SERVIÇOS PÚBLICOS DE DISTRIBUIÇÃO DE ENERGIA ELÉTRICA SENADOR ESTEVES JÚNIOR,Cerej,COOPERATIVA DE PRESTAÇÃO DE SERVIÇOS PÚBLICOS DE DISTRIBUIÇÃO DE ENERGIA ELÉTRICA SENADOR ESTEVES JÚNIOR,Cerej — COOPERATIVA DE PRESTAÇÃO DE SERVIÇOS PÚBLICOS DE DISTRIBUIÇÃO DE ENERGIA ELÉTRICA SENADOR ESTEVES JÚNIOR,15536,pos_2022,REN_1000
2023,9,ceres,ceres,Ceres,COOPERATIVA DE ELETRIFICAÇÃO RURAL DE RESENDE LTDA.,Ceres,COOPERATIVA DE ELETRIFICAÇÃO RURAL DE RESENDE LTDA.,Ceres — COOPERATIVA DE ELETRIFICAÇÃO RURAL DE RESENDE LTDA.,5826,pos_2022,REN_1000
2023,9,cerfox,cerfox,Cerfox,COOPERATIVA DE DISTRIBUIÇÃO DE ENERGIA FONTOURA XAVIER,Cerfox,COOPERATIVA DE DISTRIBUIÇÃO DE ENERGIA FONTOURA XAVIER,Cerfox — COOPERATIVA DE DISTRIBUIÇÃO DE ENERGIA FONTOURA XAVIER,16106,pos_2022,REN_1000
2023,9,cergal,cergal,Cergal,COOPERATIVA DE ELETRIFICAÇÃO RURAL ANITA GARIBALDI LTDA,Cergal,COOPERATIVA DE ELETRIFICAÇÃO RURAL ANITA GARIBALDI LTDA,Cergal — COOPERATIVA DE ELETRIFICAÇÃO RURAL ANITA GARIBALDI LTDA,20383,pos_2022,REN_1000
2023,9,cergapa,cergapa,Cergapa,COOPERATIVA DE ELETRICIDADE DE GRÃO PARÁ,Cergapa,COOPERATIVA DE ELETRICIDADE DE GRÃO PARÁ,Cergapa — COOPERATIVA DE ELETRICIDADE DE GRÃO PARÁ,3985,pos_2022,REN_1000
2023,9,cergral,cergral,Cergral,COOPERATIVA DE ELETRICIDADE DE GRAVATAL,Cergral,COOPERATIVA DE ELETRICIDADE DE GRAVATAL,Cergral — COOPERATIVA DE ELETRICIDADE DE GRAVATAL,6874,pos_2022,REN_1000
2023,9,ceriluz,ceriluz,Ceriluz,COOPERATIVA REGIONAL DE ENERGIA E DESENVOLVIMENTO IJUÍ LTDA,Ceriluz,COOPERATIVA REGIONAL DE ENERGIA E DESENVOLVIMENTO IJUÍ LTDA,Ceriluz — COOPERATIVA REGIONAL DE ENERGIA E DESENVOLVIMENTO IJUÍ LTDA,14978,pos_2022,REN_1000
2023,9,cerim,cerim,Cerim,COOPERATIVA DE ELETRIFICAÇÃO E DESENVOLVIMENTO DA REGIÃO DE ITU-MAIRINQUE,Cerim,COOPERATIVA DE ELETRIFICAÇÃO E DESENVOLVIMENTO DA REGIÃO DE ITU-MAIRINQUE,Cerim — COOPERATIVA DE ELETRIFICAÇÃO E DESENVOLVIMENTO DA REGIÃO DE ITU-MAIRINQUE,15578,pos_2022,REN_1000
2023,9,ceripa,ceripa,Ceripa,COOPERATIVA DE ELETRIFICAÇÃO RURAL DE ITAÍ-PARANAPANEMA-AVARÉ,Ceripa,COOPERATIVA DE ELETRIFICAÇÃO RURAL DE ITAÍ-PARANAPANEMA-AVARÉ,Ceripa — COOPERATIVA DE ELETRIFICAÇÃO RURAL DE ITAÍ-PARANAPANEMA-AVARÉ,7510,pos_2022,REN_1000
2023,9,ceris,ceris,Ceris,COOPERATIVA DE ELETRIFICAÇÃO RURAL DA REGIÃO DE ITAPECERICA DA SERRA,Ceris,COOPERATIVA DE ELETRIFICAÇÃO RURAL DA REGIÃO DE ITAPECERICA DA SERRA,Ceris — COOPERATIVA DE ELETRIFICAÇÃO RURAL DA REGIÃO DE ITAPECERICA DA SERRA,7013,pos_2022,REN_1000
2023,9,cermc,cermc,Cermc,COOPERATIVA DE ELETRIFICAÇÃO E DESENVOLVIMENTO DA REGIÃO DE MOGI DAS CRUZES,Cermc,COOPERATIVA DE ELETRIFICAÇÃO E DESENVOLVIMENTO DA REGIÃO DE MOGI DAS CRUZES,Cermc — COOPERATIVA DE ELETRIFICAÇÃO E DESENVOLVIMENTO DA REGIÃO DE MOGI DAS CRUZES,3447,pos_2022,REN_1000
2023,9,cermissoes,cermissoes,Cermissões,COOPERATIVA DE DISTRIBUIÇÃO E GERAÇÃO DE ENERGIA DAS MISSÕES,Cermissões,COOPERATIVA DE DISTRIBUIÇÃO E GERAÇÃO DE ENERGIA DAS MISSÕES,Cermissões — COOPERATIVA DE DISTRIBUIÇÃO E GERAÇÃO DE ENERGIA DAS MISSÕES,28442,pos_2022,REN_1000
2023,9,cermoful,cermoful,Cermoful,COOPERATIVA FUMACENSE DE ELETRICIDADE,Cermoful,COOPERATIVA FUMACENSE DE ELETRICIDADE,Cermoful — COOPERATIVA FUMACENSE DE ELETRICIDADE,16158,pos_2022,REN_1000
2023,9,cernhe,cernhe,Cernhe,COOPERATIVA DE ELETRIFICAÇÃO E DESENVOLVIMENTO RURAL DA REGIÃO DE NOVO HORIZONTE,Cernhe,COOPERATIVA DE ELETRIFICAÇÃO E DESENVOLVIMENTO RURAL DA REGIÃO DE NOVO HORIZONTE,Cernhe — COOPERATIVA DE ELETRIFICAÇÃO E DESENVOLVIMENTO RURAL DA REGIÃO DE NOVO HORIZONTE,4680,pos_2022,REN_1000
2023,9,cerpalo,cerpalo,Cerpalo,COOPERATIVA DE ELETRIFICAÇÃO DE PAULO LOPES,Cerpalo,COOPERATIVA DE ELETRIFICAÇÃO DE PAULO LOPES,Cerpalo — COOPERATIVA DE ELETRIFICAÇÃO DE PAULO LOPES,16725,pos_2022,REN_1000
2023,9,cerpro,cerpro,Cerpro,COOPERATIVA DE ELETRIFICAÇÃO RURAL DA REGIÃO DE PROMISSÃO,Cerpro,COOPERATIVA DE ELETRIFICAÇÃO RURAL DA REGIÃO DE PROMISSÃO,Cerpro — COOPERATIVA DE ELETRIFICAÇÃO RURAL DA REGIÃO DE PROMISSÃO,2053,pos_2022,REN_1000
2023,9,cerrp,cerrp,Cerrp,COOPERATIVA DE ELETRIFICAÇÃO E DESENVOLVIMENTO DA REGIÃO DE SÃO JOSÉ DO RIO PRETO,Cerrp,COOPERATIVA DE ELETRIFICAÇÃO E DESENVOLVIMENTO DA REGIÃO DE SÃO JOSÉ DO RIO PRETO,Cerrp — COOPERATIVA DE ELETRIFICAÇÃO E DESENVOLVIMENTO DA REGIÃO DE SÃO JOSÉ DO RIO PRETO,3475,pos_2022,REN_1000
2023,9,cersad,cersad,Cersad,COOPERATIVA DE DISTRIBUIÇÃO DE ENERGIA ELÉTRICA SALTO DONNER,Cersad,COOPERATIVA DE DISTRIBUIÇÃO DE ENERGIA ELÉTRICA SALTO DONNER,Cersad — COOPERATIVA DE DISTRIBUIÇÃO DE ENERGIA ELÉTRICA SALTO DONNER,1384,pos_2022,REN_1000
2023,9,cersul,cersul,Cersul,COOPERATIVA DE DISTRIBUIÇÃOI DE ENERGIA,Cersul,COOPERATIVA DE DISTRIBUIÇÃOI DE ENERGIA,Cersul — COOPERATIVA DE DISTRIBUIÇÃOI DE ENERGIA,18603,pos_2022,REN_1000
2023,9,certaja,certaja_energia,Certaja Energia,COOPERATIVA REGIONAL DE ENERGIA TAQUARI JACUÍ,Certaja Energia,COOPERATIVA REGIONAL DE ENERGIA TAQUARI JACUÍ,Certaja Energia — COOPERATIVA REGIONAL DE ENERGIA TAQUARI JACUÍ,26399,pos_2022,REN_1000
2023,9,certel,certel_energia,Certel Energia,COOPERATIVA DE DISTRIBUIÇÃO DE ENERGIA TEUTÔNIA,Certel Energia,COOPERATIVA DE DISTRIBUIÇÃO DE ENERGIA TEUTÔNIA,Certel Energia — COOPERATIVA DE DISTRIBUIÇÃO DE ENERGIA TEUTÔNIA,73630,pos_2022,REN_1000
2023,9,certrel,certrel,Certrel,COOPERATIVA DE ENERGIA TREVISO,Certrel,COOPERATIVA DE ENERGIA TREVISO,Certrel — COOPERATIVA DE ENERGIA TREVISO,4682,pos_2022,REN_1000
2023,9,cervam,cervam,Cervam,COOPERATIVA DE ENERGIZAÇÃO E DE DESENVOLVIMENTO DO VALE DO MOGI,Cervam,COOPERATIVA DE ENERGIZAÇÃO E DE DESENVOLVIMENTO DO VALE DO MOGI,Cervam — COOPERATIVA DE ENERGIZAÇÃO E DE DESENVOLVIMENTO DO VALE DO MOGI,4562,pos_2022,REN_1000
2023,9,cetril,cetril,Cetril,COOPERATIVA DE ELETRIFICAÇÃO DE IBIÚNA E REGIÃO,Cetril,COOPERATIVA DE ELETRIFICAÇÃO DE IBIÚNA E REGIÃO,Cetril — COOPERATIVA DE ELETRIFICAÇÃO DE IBIÚNA E REGIÃO,32237,pos_2022,REN_1000
2023,9,chesp,chesp,Chesp,COMPANHIA HIDROELÉTRICA SÃO PATRÍCIO,Chesp,COMPANHIA HIDROELÉTRICA SÃO PATRÍCIO,Chesp — COMPANHIA HIDROELÉTRICA SÃO PATRÍCIO,22208,pos_2022,REN_1000
2023,9,cocel,cocel,Cocel,COMPANHIA CAMPOLARGUENSE DE ENERGIA,Cocel,COMPANHIA CAMPOLARGUENSE DE ENERGIA,Cocel — COMPANHIA CAMPOLARGUENSE DE ENERGIA,59338,pos_2022,REN_1000
2023,9,coopera,coopera,Coopera,COOPERATIVA PIONEIRA DE ELETRIFICAÇÃO,Coopera,COOPERATIVA PIONEIRA DE ELETRIFICAÇÃO,Coopera — COOPERATIVA PIONEIRA DE ELETRIFICAÇÃO,27328,pos_2022,REN_1000
2023,9,cooperalianca,cooperalianca,Cooperaliança,COOPERATIVA ALIANÇA,Cooperaliança,COOPERATIVA ALIANÇA,Cooperaliança — COOPERATIVA ALIANÇA,43968,pos_2022,REN_1000
2023,9,coopercocal,coopercocal,Coopercocal,COOPERATIVA ENERGÉTICA COCAL,Coopercocal,COOPERATIVA ENERGÉTICA COCAL,Coopercocal — COOPERATIVA ENERGÉTICA COCAL,11740,pos_2022,REN_1000
2023,9,cooperluz,cooperluz,Cooperluz,COOPERATIVA DISTRIBUIDORA DE ENERGIA FRONTEIRA NOROESTE,Cooperluz,COOPERATIVA DISTRIBUIDORA DE ENERGIA FRONTEIRA NOROESTE,Cooperluz — COOPERATIVA DISTRIBUIDORA DE ENERGIA FRONTEIRA NOROESTE,17054,pos_2022,REN_1000
2023,9,coopermila,coopermila,Coopermila,COOPERATIVA DE ELETRIFICAÇÃO LAURO MÜLLER,Coopermila,COOPERATIVA DE ELETRIFICAÇÃO LAURO MÜLLER,Coopermila — COOPERATIVA DE ELETRIFICAÇÃO LAURO MÜLLER,1376,pos_2022,REN_1000
2023,9,coopernorte,coopernorte,Coopernorte,COOPERATIVA REGIONAL DE DISTRIBUIÇÃO DE ENERGIA DO LITORAL NORTE,Coopernorte,COOPERATIVA REGIONAL DE DISTRIBUIÇÃO DE ENERGIA DO LITORAL NORTE,Coopernorte — COOPERATIVA REGIONAL DE DISTRIBUIÇÃO DE ENERGIA DO LITORAL NORTE,6987,pos_2022,REN_1000
2023,9,coopersul,coopersul,Coopersul,COOPERATIVA REGIONAL DE ELETRIFICAÇÃO RURAL FRONTEIRA SUL LTDA,Coopersul,COOPERATIVA REGIONAL DE ELETRIFICAÇÃO RURAL FRONTEIRA SUL LTDA,Coopersul — COOPERATIVA REGIONAL DE ELETRIFICAÇÃO RURAL FRONTEIRA SUL LTDA,5735,pos_2022,REN_1000
2023,9,cooperzem,cooperzem,Cooperzem,COOPERZEM COOPERATIVA DE DISTRIBUIÇÃO DE ENERGIA ELÉTRICA,Cooperzem,COOPERZEM COOPERATIVA DE DISTRIBUIÇÃO DE ENERGIA ELÉTRICA,Cooperzem — COOPERZEM COOPERATIVA DE DISTRIBUIÇÃO DE ENERGIA ELÉTRICA,8770,pos_2022,REN_1000
2023,9,coorsel,coorsel,Coorsel,COOPERATIVA REGIONAL SUL DE ELETRIFICAÇÃO RURAL,Coorsel,COOPERATIVA REGIONAL SUL DE ELETRIFICAÇÃO RURAL,Coorsel — COOPERATIVA REGIONAL SUL DE ELETRIFICAÇÃO RURAL,9379,pos_2022,REN_1000
2023,9,copel,copel_dis,Copel-Dis,COPEL DISTRIBUIÇÃO S.A.,Copel-Dis,COPEL DISTRIBUIÇÃO S.A.,Copel-Dis — COPEL DISTRIBUIÇÃO S.A.,5190713,pos_2022,REN_1000
2023,9,cpfl,cpfl_paulista,CPFL Paulista,COMPANHIA PAULISTA DE FORÇA E LUZ,CPFL Paulista,COMPANHIA PAULISTA DE FORÇA E LUZ,CPFL Paulista — COMPANHIA PAULISTA DE FORÇA E LUZ,4931993,pos_2022,REN_1000
2023,9,cpfl,cpfl_piratininga,CPFL Piratininga,COMPANHIA PIRATININGA DE FORÇA E LUZ,CPFL Piratininga,COMPANHIA PIRATININGA DE FORÇA E LUZ,CPFL Piratininga — COMPANHIA PIRATININGA DE FORÇA E LUZ,1932235,pos_2022,REN_1000
2023,9,cpfl,cpfl_santa_cruz,CPFL Santa Cruz,COMPANHIA JAGUARI DE ENERGIA - CPFL SANTA CRUZ,CPFL Santa Cruz,COMPANHIA JAGUARI DE ENERGIA - CPFL SANTA CRUZ,CPFL Santa Cruz — COMPANHIA JAGUARI DE ENERGIA - CPFL SANTA CRUZ,501776,pos_2022,REN_1000
2023,9,creluz_d,creluz_d,Creluz-D,COOPERATIVA DE DISTRIBUIÇÃO DE ENERGIA,Creluz-D,COOPERATIVA DE DISTRIBUIÇÃO DE ENERGIA,Creluz-D — COOPERATIVA DE DISTRIBUIÇÃO DE ENERGIA,25307,pos_2022,REN_1000
2023,9,creral,creral,Creral,COOPERATIVA REGIONAL DE ELETRIFICAÇÃO RURAL DO ALTO URUGUAI,Creral,COOPERATIVA REGIONAL DE ELETRIFICAÇÃO RURAL DO ALTO URUGUAI,Creral — COOPERATIVA REGIONAL DE ELETRIFICAÇÃO RURAL DO ALTO URUGUAI,7984,pos_2022,REN_1000
2023,9,dcelt,dcelt,Dcelt,DISTRIBUIDORA CATARINENSE DE ENERGIA ELÉTRICA S/A.,Dcelt,DISTRIBUIDORA CATARINENSE DE ENERGIA ELÉTRICA S/A.,Dcelt — DISTRIBUIDORA CATARINENSE DE ENERGIA ELÉTRICA S/A.,40613,pos_2022,REN_1000
2023,9,demei,demei,Demei,DEPARTAMENTO MUNICIPAL DE ENERGIA DE IJUÍ,Demei,DEPARTAMENTO MUNICIPAL DE ENERGIA DE IJUÍ,Demei — DEPARTAMENTO MUNICIPAL DE ENERGIA DE IJUÍ,36139,pos_2022,REN_1000
2023,9,dmed,dmed,Dmed,DME DISTRIBUIÇÃO S.A.,Dmed,DME DISTRIBUIÇÃO S.A.,Dmed — DME DISTRIBUIÇÃO S.A.,87632,pos_2022,REN_1000
2023,9,edp,edp_es,EDP ES,EDP ESPÍRITO SANTO DISTRIBUIÇÃO DE ENERGIA S.A.,EDP ES,EDP ESPÍRITO SANTO DISTRIBUIÇÃO DE ENERGIA S.A.,EDP ES — EDP ESPÍRITO SANTO DISTRIBUIÇÃO DE ENERGIA S.A.,1787692,pos_2022,REN_1000
2023,9,edp,edp_sp,EDP SP,EDP SÃO PAULO DISTRIBUIÇÃO DE ENERGIA S.A.,EDP SP,EDP SÃO PAULO DISTRIBUIÇÃO DE ENERGIA S.A.,EDP SP — EDP SÃO PAULO DISTRIBUIÇÃO DE ENERGIA S.A.,2247425,pos_2022,REN_1000
2023,9,eflul,eflul,Eflul,EMPRESA FORÇA E LUZ DE URUSSANGA LTDA.,Eflul,EMPRESA FORÇA E LUZ DE URUSSANGA LTDA.,Eflul — EMPRESA FORÇA E LUZ DE URUSSANGA LTDA.,7534,pos_2022,REN_1000
2023,9,eletrocar,eletrocar,Eletrocar,CENTRAIS ELÉTRICAS DE CARAZINHO S.A.,Eletrocar,CENTRAIS ELÉTRICAS DE CARAZINHO S.A.,Eletrocar — CENTRAIS ELÉTRICAS DE CARAZINHO S.A.,39866,pos_2022,REN_1000
2023,9,enel,enel_ce,Enel CE,COMPANHIA ENERGÉTICA DO CEARÁ,Enel CE,COMPANHIA ENERGÉTICA DO CEARÁ,Enel CE — COMPANHIA ENERGÉTICA DO CEARÁ,4172082,pos_2022,REN_1000
2023,9,enel,enel_go,Enel GO,CELG DISTRIBUIÇÃO S.A.,Enel GO,CELG DISTRIBUIÇÃO S.A.,Enel GO — CELG DISTRIBUIÇÃO S.A.,3429693,pos_2022,REN_1000
2023,9,enel,enel_rj,Enel RJ,AMPLA ENERGIA E SERVIÇOS S.A.,Enel RJ,AMPLA ENERGIA E SERVIÇOS S.A.,Enel RJ — AMPLA ENERGIA E SERVIÇOS S.A.,3079246,pos_2022,REN_1000
2023,9,enel,enel_sp,Enel SP,ELETROPAULO METROPOLITANA ELETRICIDADE DE SÃO PAULO S.A.,Enel SP,ELETROPAULO METROPOLITANA ELETRICIDADE DE SÃO PAULO S.A.,Enel SP — ELETROPAULO METROPOLITANA ELETRICIDADE DE SÃO PAULO S.A.,8337258,pos_2022,REN_1000
2023,9,energisa,energisa_ac,Energisa AC,ENERGISA ACRE - DISTRIBUIDORA DE ENERGIA S.A.,Energisa AC,ENERGISA ACRE - DISTRIBUIDORA DE ENERGIA S.A.,Energisa AC — ENERGISA ACRE - DISTRIBUIDORA DE ENERGIA S.A.,290328,pos_2022,REN_1000
2023,9,energisa,energisa_minas_rio,Energisa Minas Rio,ENERGISA MINAS RIO - DISTRIBUIDORA DE ENERGIA S.A.,Energisa Minas Rio,ENERGISA MINAS RIO - DISTRIBUIDORA DE ENERGIA S.A.,Energisa Minas Rio — ENERGISA MINAS RIO - DISTRIBUIDORA DE ENERGIA S.A.,597968,pos_2022,REN_1000
2023,9,energisa,energisa_ms,Energisa MS,ENERGISA MATO GROSSO DO SUL DISTRIBUIDORA DE ENERGIA S.A.,Energisa MS,ENERGISA MATO GROSSO DO SUL DISTRIBUIDORA DE ENERGIA S.A.,Energisa MS — ENERGISA MATO GROSSO DO SUL DISTRIBUIDORA DE ENERGIA S.A.,1116106,pos_2022,REN_1000
2023,9,energisa,energisa_mt,Energisa MT,ENERGISA MATO GROSSO DISTRIBUIDORA DE ENERGIA S.A.,Energisa MT,ENERGISA MATO GROSSO DISTRIBUIDORA DE ENERGIA S.A.,Energisa MT — ENERGISA MATO GROSSO DISTRIBUIDORA DE ENERGIA S.A.,1613853,pos_2022,REN_1000
2023,9,energisa,energisa_pb,Energisa PB,ENERGISA PARAÍBA DISTRIBUIDORA DE ENERGIA S.A.,Energisa PB,ENERGISA PARAÍBA DISTRIBUIDORA DE ENERGIA S.A.,Energisa PB — ENERGISA PARAÍBA DISTRIBUIDORA DE ENERGIA S.A.,1800534,pos_2022,REN_1000
2023,9,energisa,energisa_ro,Energisa RO,ENERGISA RONDÔNIA DISTRIBUIDORA DE ENERGIA S.A.,Energisa RO,ENERGISA RONDÔNIA DISTRIBUIDORA DE ENERGIA S.A.,Energisa RO — ENERGISA RONDÔNIA DISTRIBUIDORA DE ENERGIA S.A.,693426,pos_2022,REN_1000
2023,9,energisa,energisa_se,Energisa SE,ENERGISA SERGIPE DISTRIBUIDORA DE ENERGIA S.A.,Energisa SE,ENERGISA SERGIPE DISTRIBUIDORA DE ENERGIA S.A.,Energisa SE — ENERGISA SERGIPE DISTRIBUIDORA DE ENERGIA S.A.,857936,pos_2022,REN_1000
2023,9,energisa,energisa_sul_sudeste,Energisa Sul-Sudeste,ENERGISA SUL-SUDESTE DISTRIBUIDORA DE ENERGIA S.A.,Energisa Sul-Sudeste,ENERGISA SUL-SUDESTE DISTRIBUIDORA DE ENERGIA S.A.,Energisa Sul-Sudeste — ENERGISA SUL-SUDESTE DISTRIBUIDORA DE ENERGIA S.A.,861855,pos_2022,REN_1000
2023,9,energisa,energisa_to,Energisa TO,ENERGISA TOCANTINS DISTRIBUIDORA DE ENERGIA S.A.,Energisa TO,ENERGISA TOCANTINS DISTRIBUIDORA DE ENERGIA S.A.,Energisa TO — ENERGISA TOCANTINS DISTRIBUIDORA DE ENERGIA S.A.,657507,pos_2022,REN_1000
2023,9,equatorial,cea_equatorial,CEA Equatorial,COMPANHIA DE ELETRICIDADE DO AMAPA,CEA Equatorial,COMPANHIA DE ELETRICIDADE DO AMAPA,CEA Equatorial — COMPANHIA DE ELETRICIDADE DO AMAPA,232201,pos_2022,REN_1000
2023,9,equatorial,ceee_equatorial,CEEE Equatorial,COMPANHIA ESTADUAL DE DISTRIBUIÇÃO DE ENERGIA ELÉTRICA,CEEE Equatorial,COMPANHIA ESTADUAL DE DISTRIBUIÇÃO DE ENERGIA ELÉTRICA,CEEE Equatorial — COMPANHIA ESTADUAL DE DISTRIBUIÇÃO DE ENERGIA ELÉTRICA,1913475,pos_2022,REN_1000
2023,9,equatorial,equatorial_al,Equatorial AL,EQUATORIAL ALAGOAS DISTRIBUIDORA DE ENERGIA S.A.,Equatorial AL,EQUATORIAL ALAGOAS DISTRIBUIDORA DE ENERGIA S.A.,Equatorial AL — EQUATORIAL ALAGOAS DISTRIBUIDORA DE ENERGIA S.A.,1347637,pos_2022,REN_1000
2023,9,equatorial,equatorial_ma,Equatorial MA,EQUATORIAL MARANHÃO DISTRIBUIDORA DE ENERGIA S.A.,Equatorial MA,EQUATORIAL MARANHÃO DISTRIBUIDORA DE ENERGIA S.A.,Equatorial MA — EQUATORIAL MARANHÃO DISTRIBUIDORA DE ENERGIA S.A.,2748701,pos_2022,REN_1000
2023,9,equatorial,equatorial_pa,Equatorial PA,EQUATORIAL PARÁ DISTRIBUIDORA DE ENERGIA S.A.,Equatorial PA,EQUATORIAL PARÁ DISTRIBUIDORA DE ENERGIA S.A.,Equatorial PA — EQUATORIAL PARÁ DISTRIBUIDORA DE ENERGIA S.A.,3000020,pos_2022,REN_1000
2023,9,equatorial,equatorial_pi,Equatorial PI,EQUATORIAL PIAUÍ DISTRIBUIDORA DE ENERGIA S.A.,Equatorial PI,EQUATORIAL PIAUÍ DISTRIBUIDORA DE ENERGIA S.A.,Equatorial PI — EQUATORIAL PIAUÍ DISTRIBUIDORA DE ENERGIA S.A.,1493705,pos_2022,REN_1000
2023,9,forcel,forcel,Forcel,FORÇA E LUZ CORONEL VIVIDA LTDA,Forcel,FORÇA E LUZ CORONEL VIVIDA LTDA,Forcel — FORÇA E LUZ CORONEL VIVIDA LTDA,8615,pos_2022,REN_1000
2023,9,hidropan,hidropan,Hidropan,HIDROPAN DISTRIBUIÇÃO DE ENERGIA S.A.,Hidropan,HIDROPAN DISTRIBUIÇÃO DE ENERGIA S.A.,Hidropan — HIDROPAN DISTRIBUIÇÃO DE ENERGIA S.A.,20034,pos_2022,REN_1000
2023,9,joao,joao_cesa,João Cesa,EMPRESA FORÇA E LUZ JOÃO CESA LTDA.,João Cesa,EMPRESA FORÇA E LUZ JOÃO CESA LTDA.,João Cesa — EMPRESA FORÇA E LUZ JOÃO CESA LTDA.,3968,pos_2022,REN_1000
2023,9,light,light,Light,LIGHT SERVIÇOS DE ELETRICIDADE S.A.,Light,LIGHT SERVIÇOS DE ELETRICIDADE S.A.,Light — LIGHT SERVIÇOS DE ELETRICIDADE S.A.,4615931,pos_2022,REN_1000
2023,9,mux,mux_energia,Mux Energia,"MUXFELDT, MARIN & CIA LTDA",Mux Energia,"MUXFELDT, MARIN & CIA LTDA","Mux Energia — MUXFELDT, MARIN & CIA LTDA",12742,pos_2022,REN_1000
2023,9,neoenergia,neoenergia_brasilia,Neoenergia Brasília,NEOENERGIA DISTRIBUIÇÃO BRASÍLIA S.A.,Neoenergia Brasília,NEOENERGIA DISTRIBUIÇÃO BRASÍLIA S.A.,Neoenergia Brasília — NEOENERGIA DISTRIBUIÇÃO BRASÍLIA S.A.,1179801,pos_2022,REN_1000
2023,9,neoenergia,neoenergia_coelba,Neoenergia Coelba,COMPANHIA DE ELETRICIDADE DO ESTADO DA BAHIA,Neoenergia Coelba,COMPANHIA DE ELETRICIDADE DO ESTADO DA BAHIA,Neoenergia Coelba — COMPANHIA DE ELETRICIDADE DO ESTADO DA BAHIA,6648242,pos_2022,REN_1000
2023,9,neoenergia,neoenergia_cosern,Neoenergia Cosern,COMPANHIA ENERGÉTICA DO RIO GRANDE DO NORTE,Neoenergia Cosern,COMPANHIA ENERGÉTICA DO RIO GRANDE DO NORTE,Neoenergia Cosern — COMPANHIA ENERGÉTICA DO RIO GRANDE DO NORTE,1580961,pos_2022,REN_1000
2023,9,neoenergia,neoenergia_elektro,Neoenergia Elektro,ELEKTRO REDES S.A.,Neoenergia Elektro,ELEKTRO REDES S.A.,Neoenergia Elektro — ELEKTRO REDES S.A.,2962306,pos_2022,REN_1000
2023,9,neoenergia,neoenergia_pernambuco,Neoenergia Pernambuco,COMPANHIA ENERGÉTICA DE PERNAMBUCO,Neoenergia Pernambuco,COMPANHIA ENERGÉTICA DE PERNAMBUCO,Neoenergia Pernambuco — COMPANHIA ENERGÉTICA DE PERNAMBUCO,4037301,pos_2022,REN_1000
2023,9,nova,nova_palma,Nova Palma,NOVA PALMA ENERGIA LTDA.,Nova Palma,NOVA PALMA ENERGIA LTDA.,Nova Palma — NOVA PALMA ENERGIA LTDA.,17259,pos_2022,REN_1000
2023,9,rge,rge,RGE,RGE SUL DISTRIBUIDORA DE ENERGIA S.A.,RGE,RGE SUL DISTRIBUIDORA DE ENERGIA S.A.,RGE — RGE SUL DISTRIBUIDORA DE ENERGIA S.A.,3093844,pos_2022,REN_1000
2023,9,roraima,roraima_energia,Roraima Energia,RORAIMA ENERGIA S.A.,Roraima Energia,RORAIMA ENERGIA S.A.,Roraima Energia — RORAIMA ENERGIA S.A.,213566,pos_2022,REN_1000
2023,9,santa,santa_maria,Santa Maria,EMPRESA LUZ E FORÇA SANTA MARIA S.A.,Santa Maria,EMPRESA LUZ E FORÇA SANTA MARIA S.A.,Santa Maria — EMPRESA LUZ E FORÇA SANTA MARIA S.A.,138006,pos_2022,REN_1000
2023,9,sulgipe,sulgipe,Sulgipe,COMPANHIA SUL SERGIPANA DE ELETRICIDADE,Sulgipe,COMPANHIA SUL SERGIPANA DE ELETRICIDADE,Sulgipe — COMPANHIA SUL SERGIPANA DE ELETRICIDADE,168924,pos_2022,REN_1000
2023,10,amazonas,amazonas_energia,Amazonas Energia,AMAZONAS ENERGIA S.A.,Amazonas Energia,AMAZONAS ENERGIA S.A.,Amazonas Energia — AMAZONAS ENERGIA S.A.,1160944,pos_2022,REN_1000
2023,10,castro_dis,castro_dis,Castro-Dis,COOPERATIVA DE DISTRIBUIÇÃO DE ENERGIA ELÉTRICA DE CASTRO,Castro-Dis,COOPERATIVA DE DISTRIBUIÇÃO DE ENERGIA ELÉTRICA DE CASTRO,Castro-Dis — COOPERATIVA DE DISTRIBUIÇÃO DE ENERGIA ELÉTRICA DE CASTRO,2342,pos_2022,REN_1000
2023,10,cedrap,cedrap,Cedrap,COOPERATIVA DE ELETRIFICAÇÃO DA REGIÃO DO ALTO DA PARAÍBA,Cedrap,COOPERATIVA DE ELETRIFICAÇÃO DA REGIÃO DO ALTO DA PARAÍBA,Cedrap — COOPERATIVA DE ELETRIFICAÇÃO DA REGIÃO DO ALTO DA PARAÍBA,7716,pos_2022,REN_1000
2023,10,cedri,cedri,Cedri,COOPERATIVA DE ELETRIFICAÇÃO E DISTRIBUIÇÃO DA REGIÃO DE ITARIRI,Cedri,COOPERATIVA DE ELETRIFICAÇÃO E DISTRIBUIÇÃO DA REGIÃO DE ITARIRI,Cedri — COOPERATIVA DE ELETRIFICAÇÃO E DISTRIBUIÇÃO DA REGIÃO DE ITARIRI,3053,pos_2022,REN_1000
2023,10,cegero,cegero,Cegero,COOPERATIVA DE ELETRICIDADE DE SÃO LUDGERO,Cegero,COOPERATIVA DE ELETRICIDADE DE SÃO LUDGERO,Cegero — COOPERATIVA DE ELETRICIDADE DE SÃO LUDGERO,6933,pos_2022,REN_1000
2023,10,cejama,cejama,Cejama,COOPERATIVA DE ELETRICIDADE JACINTO MACHADO,Cejama,COOPERATIVA DE ELETRICIDADE JACINTO MACHADO,Cejama — COOPERATIVA DE ELETRICIDADE JACINTO MACHADO,5684,pos_2022,REN_1000
2023,10,celetro,celetro,Celetro,COOPERATIVA DE ELETRIFICAÇÃO CENTRO JACUÍ LTDA.,Celetro,COOPERATIVA DE ELETRIFICAÇÃO CENTRO JACUÍ LTDA.,Celetro — COOPERATIVA DE ELETRIFICAÇÃO CENTRO JACUÍ LTDA.,23996,pos_2022,REN_1000
2023,10,cemig,cemig_d,Cemig-D,CEMIG DISTRIBUIÇÃO S.A.,Cemig-D,CEMIG DISTRIBUIÇÃO S.A.,Cemig-D — CEMIG DISTRIBUIÇÃO S.A.,10413192,pos_2022,REN_1000
2023,10,cemirim,cemirim,Cemirim,COOPERATIVA DE ELETRIFICAÇÃO E DESENVOLVIMENTO DA REGIÃO DE MOGI MIRIM,Cemirim,COOPERATIVA DE ELETRIFICAÇÃO E DESENVOLVIMENTO DA REGIÃO DE MOGI MIRIM,Cemirim — COOPERATIVA DE ELETRIFICAÇÃO E DESENVOLVIMENTO DA REGIÃO DE MOGI MIRIM,16791,pos_2022,REN_1000
2023,10,ceprag,ceprag,Ceprag,COOPERATIVA DE ELETRICIDADE PRAIA GRANDE,Ceprag,COOPERATIVA DE ELETRICIDADE PRAIA GRANDE,Ceprag — COOPERATIVA DE ELETRICIDADE PRAIA GRANDE,20786,pos_2022,REN_1000
2023,10,ceraca,ceraca,Ceraçá,COOPERATIVA DISTRIBUIDORA DE ENERGIA VALE DO ARAÇÁ,Ceraçá,COOPERATIVA DISTRIBUIDORA DE ENERGIA VALE DO ARAÇÁ,Ceraçá — COOPERATIVA DISTRIBUIDORA DE ENERGIA VALE DO ARAÇÁ,12787,pos_2022,REN_1000
2023,10,ceral,ceral_anitapolis,Ceral Anitápolis,COOPERATIVA DE DISTRIBUIÇÃO DE ENERGIA ELÉTRICA DE ANITÁPOLIS,Ceral Anitápolis,COOPERATIVA DE DISTRIBUIÇÃO DE ENERGIA ELÉTRICA DE ANITÁPOLIS,Ceral Anitápolis — COOPERATIVA DE DISTRIBUIÇÃO DE ENERGIA ELÉTRICA DE ANITÁPOLIS,3900,pos_2022,REN_1000
2023,10,ceral,ceral_araruama,Ceral Araruama,COOPERATIVA DE ELETRIFICAÇÃO RURAL DE ARARUAMA,Ceral Araruama,COOPERATIVA DE ELETRIFICAÇÃO RURAL DE ARARUAMA,Ceral Araruama — COOPERATIVA DE ELETRIFICAÇÃO RURAL DE ARARUAMA,7543,pos_2022,REN_1000
2023,10,cerbranorte,cerbranorte,Cerbranorte,COOPERATIVA DE ELETRIFICAÇÃO DE BRAÇO DO NORTE,Cerbranorte,COOPERATIVA DE ELETRIFICAÇÃO DE BRAÇO DO NORTE,Cerbranorte — COOPERATIVA DE ELETRIFICAÇÃO DE BRAÇO DO NORTE,18033,pos_2022,REN_1000
2023,10,cerci,cerci,Cerci,COOPERATIVA DE ELETRIFICAÇÃO RURAL CACHOEIRAS- ITABORAÍ LTDA,Cerci,COOPERATIVA DE ELETRIFICAÇÃO RURAL CACHOEIRAS- ITABORAÍ LTDA,Cerci — COOPERATIVA DE ELETRIFICAÇÃO RURAL CACHOEIRAS- ITABORAÍ LTDA,17850,pos_2022,REN_1000
2023,10,cerej,cerej,Cerej,COOPERATIVA DE PRESTAÇÃO DE SERVIÇOS PÚBLICOS DE DISTRIBUIÇÃO DE ENERGIA ELÉTRICA SENADOR ESTEVES JÚNIOR,Cerej,COOPERATIVA DE PRESTAÇÃO DE SERVIÇOS PÚBLICOS DE DISTRIBUIÇÃO DE ENERGIA ELÉTRICA SENADOR ESTEVES JÚNIOR,Cerej — COOPERATIVA DE PRESTAÇÃO DE SERVIÇOS PÚBLICOS DE DISTRIBUIÇÃO DE ENERGIA ELÉTRICA SENADOR ESTEVES JÚNIOR,15555,pos_2022,REN_1000
2023,10,ceres,ceres,Ceres,COOPERATIVA DE ELETRIFICAÇÃO RURAL DE RESENDE LTDA.,Ceres,COOPERATIVA DE ELETRIFICAÇÃO RURAL DE RESENDE LTDA.,Ceres — COOPERATIVA DE ELETRIFICAÇÃO RURAL DE RESENDE LTDA.,5824,pos_2022,REN_1000
2023,10,cerfox,cerfox,Cerfox,COOPERATIVA DE DISTRIBUIÇÃO DE ENERGIA FONTOURA XAVIER,Cerfox,COOPERATIVA DE DISTRIBUIÇÃO DE ENERGIA FONTOURA XAVIER,Cerfox — COOPERATIVA DE DISTRIBUIÇÃO DE ENERGIA FONTOURA XAVIER,16111,pos_2022,REN_1000
2023,10,cergal,cergal,Cergal,COOPERATIVA DE ELETRIFICAÇÃO RURAL ANITA GARIBALDI LTDA,Cergal,COOPERATIVA DE ELETRIFICAÇÃO RURAL ANITA GARIBALDI LTDA,Cergal — COOPERATIVA DE ELETRIFICAÇÃO RURAL ANITA GARIBALDI LTDA,20409,pos_2022,REN_1000
2023,10,cergapa,cergapa,Cergapa,COOPERATIVA DE ELETRICIDADE DE GRÃO PARÁ,Cergapa,COOPERATIVA DE ELETRICIDADE DE GRÃO PARÁ,Cergapa — COOPERATIVA DE ELETRICIDADE DE GRÃO PARÁ,3989,pos_2022,REN_1000
2023,10,cergral,cergral,Cergral,COOPERATIVA DE ELETRICIDADE DE GRAVATAL,Cergral,COOPERATIVA DE ELETRICIDADE DE GRAVATAL,Cergral — COOPERATIVA DE ELETRICIDADE DE GRAVATAL,6884,pos_2022,REN_1000
2023,10,ceriluz,ceriluz,Ceriluz,COOPERATIVA REGIONAL DE ENERGIA E DESENVOLVIMENTO IJUÍ LTDA,Ceriluz,COOPERATIVA REGIONAL DE ENERGIA E DESENVOLVIMENTO IJUÍ LTDA,Ceriluz — COOPERATIVA REGIONAL DE ENERGIA E DESENVOLVIMENTO IJUÍ LTDA,14997,pos_2022,REN_1000
2023,10,cerim,cerim,Cerim,COOPERATIVA DE ELETRIFICAÇÃO E DESENVOLVIMENTO DA REGIÃO DE ITU-MAIRINQUE,Cerim,COOPERATIVA DE ELETRIFICAÇÃO E DESENVOLVIMENTO DA REGIÃO DE ITU-MAIRINQUE,Cerim — COOPERATIVA DE ELETRIFICAÇÃO E DESENVOLVIMENTO DA REGIÃO DE ITU-MAIRINQUE,15653,pos_2022,REN_1000
2023,10,ceripa,ceripa,Ceripa,COOPERATIVA DE ELETRIFICAÇÃO RURAL DE ITAÍ-PARANAPANEMA-AVARÉ,Ceripa,COOPERATIVA DE ELETRIFICAÇÃO RURAL DE ITAÍ-PARANAPANEMA-AVARÉ,Ceripa — COOPERATIVA DE ELETRIFICAÇÃO RURAL DE ITAÍ-PARANAPANEMA-AVARÉ,7540,pos_2022,REN_1000
2023,10,ceris,ceris,Ceris,COOPERATIVA DE ELETRIFICAÇÃO RURAL DA REGIÃO DE ITAPECERICA DA SERRA,Ceris,COOPERATIVA DE ELETRIFICAÇÃO RURAL DA REGIÃO DE ITAPECERICA DA SERRA,Ceris — COOPERATIVA DE ELETRIFICAÇÃO RURAL DA REGIÃO DE ITAPECERICA DA SERRA,7031,pos_2022,REN_1000
2023,10,cermc,cermc,Cermc,COOPERATIVA DE ELETRIFICAÇÃO E DESENVOLVIMENTO DA REGIÃO DE MOGI DAS CRUZES,Cermc,COOPERATIVA DE ELETRIFICAÇÃO E DESENVOLVIMENTO DA REGIÃO DE MOGI DAS CRUZES,Cermc — COOPERATIVA DE ELETRIFICAÇÃO E DESENVOLVIMENTO DA REGIÃO DE MOGI DAS CRUZES,3457,pos_2022,REN_1000
2023,10,cermissoes,cermissoes,Cermissões,COOPERATIVA DE DISTRIBUIÇÃO E GERAÇÃO DE ENERGIA DAS MISSÕES,Cermissões,COOPERATIVA DE DISTRIBUIÇÃO E GERAÇÃO DE ENERGIA DAS MISSÕES,Cermissões — COOPERATIVA DE DISTRIBUIÇÃO E GERAÇÃO DE ENERGIA DAS MISSÕES,28471,pos_2022,REN_1000
2023,10,cermoful,cermoful,Cermoful,COOPERATIVA FUMACENSE DE ELETRICIDADE,Cermoful,COOPERATIVA FUMACENSE DE ELETRICIDADE,Cermoful — COOPERATIVA FUMACENSE DE ELETRICIDADE,16201,pos_2022,REN_1000
2023,10,cernhe,cernhe,Cernhe,COOPERATIVA DE ELETRIFICAÇÃO E DESENVOLVIMENTO RURAL DA REGIÃO DE NOVO HORIZONTE,Cernhe,COOPERATIVA DE ELETRIFICAÇÃO E DESENVOLVIMENTO RURAL DA REGIÃO DE NOVO HORIZONTE,Cernhe — COOPERATIVA DE ELETRIFICAÇÃO E DESENVOLVIMENTO RURAL DA REGIÃO DE NOVO HORIZONTE,4699,pos_2022,REN_1000
2023,10,cerpalo,cerpalo,Cerpalo,COOPERATIVA DE ELETRIFICAÇÃO DE PAULO LOPES,Cerpalo,COOPERATIVA DE ELETRIFICAÇÃO DE PAULO LOPES,Cerpalo — COOPERATIVA DE ELETRIFICAÇÃO DE PAULO LOPES,16762,pos_2022,REN_1000
2023,10,cerpro,cerpro,Cerpro,COOPERATIVA DE ELETRIFICAÇÃO RURAL DA REGIÃO DE PROMISSÃO,Cerpro,COOPERATIVA DE ELETRIFICAÇÃO RURAL DA REGIÃO DE PROMISSÃO,Cerpro — COOPERATIVA DE ELETRIFICAÇÃO RURAL DA REGIÃO DE PROMISSÃO,2055,pos_2022,REN_1000
2023,10,cerrp,cerrp,Cerrp,COOPERATIVA DE ELETRIFICAÇÃO E DESENVOLVIMENTO DA REGIÃO DE SÃO JOSÉ DO RIO PRETO,Cerrp,COOPERATIVA DE ELETRIFICAÇÃO E DESENVOLVIMENTO DA REGIÃO DE SÃO JOSÉ DO RIO PRETO,Cerrp — COOPERATIVA DE ELETRIFICAÇÃO E DESENVOLVIMENTO DA REGIÃO DE SÃO JOSÉ DO RIO PRETO,3474,pos_2022,REN_1000
2023,10,cersad,cersad,Cersad,COOPERATIVA DE DISTRIBUIÇÃO DE ENERGIA ELÉTRICA SALTO DONNER,Cersad,COOPERATIVA DE DISTRIBUIÇÃO DE ENERGIA ELÉTRICA SALTO DONNER,Cersad — COOPERATIVA DE DISTRIBUIÇÃO DE ENERGIA ELÉTRICA SALTO DONNER,1387,pos_2022,REN_1000
2023,10,cersul,cersul,Cersul,COOPERATIVA DE DISTRIBUIÇÃOI DE ENERGIA,Cersul,COOPERATIVA DE DISTRIBUIÇÃOI DE ENERGIA,Cersul — COOPERATIVA DE DISTRIBUIÇÃOI DE ENERGIA,18637,pos_2022,REN_1000
2023,10,certaja,certaja_energia,Certaja Energia,COOPERATIVA REGIONAL DE ENERGIA TAQUARI JACUÍ,Certaja Energia,COOPERATIVA REGIONAL DE ENERGIA TAQUARI JACUÍ,Certaja Energia — COOPERATIVA REGIONAL DE ENERGIA TAQUARI JACUÍ,26433,pos_2022,REN_1000
2023,10,certel,certel_energia,Certel Energia,COOPERATIVA DE DISTRIBUIÇÃO DE ENERGIA TEUTÔNIA,Certel Energia,COOPERATIVA DE DISTRIBUIÇÃO DE ENERGIA TEUTÔNIA,Certel Energia — COOPERATIVA DE DISTRIBUIÇÃO DE ENERGIA TEUTÔNIA,73687,pos_2022,REN_1000
2023,10,certrel,certrel,Certrel,COOPERATIVA DE ENERGIA TREVISO,Certrel,COOPERATIVA DE ENERGIA TREVISO,Certrel — COOPERATIVA DE ENERGIA TREVISO,4692,pos_2022,REN_1000
2023,10,cervam,cervam,Cervam,COOPERATIVA DE ENERGIZAÇÃO E DE DESENVOLVIMENTO DO VALE DO MOGI,Cervam,COOPERATIVA DE ENERGIZAÇÃO E DE DESENVOLVIMENTO DO VALE DO MOGI,Cervam — COOPERATIVA DE ENERGIZAÇÃO E DE DESENVOLVIMENTO DO VALE DO MOGI,4564,pos_2022,REN_1000
2023,10,cetril,cetril,Cetril,COOPERATIVA DE ELETRIFICAÇÃO DE IBIÚNA E REGIÃO,Cetril,COOPERATIVA DE ELETRIFICAÇÃO DE IBIÚNA E REGIÃO,Cetril — COOPERATIVA DE ELETRIFICAÇÃO DE IBIÚNA E REGIÃO,32254,pos_2022,REN_1000
2023,10,chesp,chesp,Chesp,COMPANHIA HIDROELÉTRICA SÃO PATRÍCIO,Chesp,COMPANHIA HIDROELÉTRICA SÃO PATRÍCIO,Chesp — COMPANHIA HIDROELÉTRICA SÃO PATRÍCIO,16492,pos_2022,REN_1000
2023,10,cocel,cocel,Cocel,COMPANHIA CAMPOLARGUENSE DE ENERGIA,Cocel,COMPANHIA CAMPOLARGUENSE DE ENERGIA,Cocel — COMPANHIA CAMPOLARGUENSE DE ENERGIA,59437,pos_2022,REN_1000
2023,10,coopera,coopera,Coopera,COOPERATIVA PIONEIRA DE ELETRIFICAÇÃO,Coopera,COOPERATIVA PIONEIRA DE ELETRIFICAÇÃO,Coopera — COOPERATIVA PIONEIRA DE ELETRIFICAÇÃO,27378,pos_2022,REN_1000
2023,10,cooperalianca,cooperalianca,Cooperaliança,COOPERATIVA ALIANÇA,Cooperaliança,COOPERATIVA ALIANÇA,Cooperaliança — COOPERATIVA ALIANÇA,44062,pos_2022,REN_1000
2023,10,coopercocal,coopercocal,Coopercocal,COOPERATIVA ENERGÉTICA COCAL,Coopercocal,COOPERATIVA ENERGÉTICA COCAL,Coopercocal — COOPERATIVA ENERGÉTICA COCAL,11771,pos_2022,REN_1000
2023,10,cooperluz,cooperluz,Cooperluz,COOPERATIVA DISTRIBUIDORA DE ENERGIA FRONTEIRA NOROESTE,Cooperluz,COOPERATIVA DISTRIBUIDORA DE ENERGIA FRONTEIRA NOROESTE,Cooperluz — COOPERATIVA DISTRIBUIDORA DE ENERGIA FRONTEIRA NOROESTE,17085,pos_2022,REN_1000
2023,10,coopermila,coopermila,Coopermila,COOPERATIVA DE ELETRIFICAÇÃO LAURO MÜLLER,Coopermila,COOPERATIVA DE ELETRIFICAÇÃO LAURO MÜLLER,Coopermila — COOPERATIVA DE ELETRIFICAÇÃO LAURO MÜLLER,1373,pos_2022,REN_1000
2023,10,coopernorte,coopernorte,Coopernorte,COOPERATIVA REGIONAL DE DISTRIBUIÇÃO DE ENERGIA DO LITORAL NORTE,Coopernorte,COOPERATIVA REGIONAL DE DISTRIBUIÇÃO DE ENERGIA DO LITORAL NORTE,Coopernorte — COOPERATIVA REGIONAL DE DISTRIBUIÇÃO DE ENERGIA DO LITORAL NORTE,6995,pos_2022,REN_1000
2023,10,coopersul,coopersul,Coopersul,COOPERATIVA REGIONAL DE ELETRIFICAÇÃO RURAL FRONTEIRA SUL LTDA,Coopersul,COOPERATIVA REGIONAL DE ELETRIFICAÇÃO RURAL FRONTEIRA SUL LTDA,Coopersul — COOPERATIVA REGIONAL DE ELETRIFICAÇÃO RURAL FRONTEIRA SUL LTDA,5740,pos_2022,REN_1000
2023,10,cooperzem,cooperzem,Cooperzem,COOPERZEM COOPERATIVA DE DISTRIBUIÇÃO DE ENERGIA ELÉTRICA,Cooperzem,COOPERZEM COOPERATIVA DE DISTRIBUIÇÃO DE ENERGIA ELÉTRICA,Cooperzem — COOPERZEM COOPERATIVA DE DISTRIBUIÇÃO DE ENERGIA ELÉTRICA,8779,pos_2022,REN_1000
2023,10,coorsel,coorsel,Coorsel,COOPERATIVA REGIONAL SUL DE ELETRIFICAÇÃO RURAL,Coorsel,COOPERATIVA REGIONAL SUL DE ELETRIFICAÇÃO RURAL,Coorsel — COOPERATIVA REGIONAL SUL DE ELETRIFICAÇÃO RURAL,9384,pos_2022,REN_1000
2023,10,copel,copel_dis,Copel-Dis,COPEL DISTRIBUIÇÃO S.A.,Copel-Dis,COPEL DISTRIBUIÇÃO S.A.,Copel-Dis — COPEL DISTRIBUIÇÃO S.A.,5199130,pos_2022,REN_1000
2023,10,cpfl,cpfl_paulista,CPFL Paulista,COMPANHIA PAULISTA DE FORÇA E LUZ,CPFL Paulista,COMPANHIA PAULISTA DE FORÇA E LUZ,CPFL Paulista — COMPANHIA PAULISTA DE FORÇA E LUZ,4938408,pos_2022,REN_1000
2023,10,cpfl,cpfl_piratininga,CPFL Piratininga,COMPANHIA PIRATININGA DE FORÇA E LUZ,CPFL Piratininga,COMPANHIA PIRATININGA DE FORÇA E LUZ,CPFL Piratininga — COMPANHIA PIRATININGA DE FORÇA E LUZ,1935300,pos_2022,REN_1000
2023,10,cpfl,cpfl_santa_cruz,CPFL Santa Cruz,COMPANHIA JAGUARI DE ENERGIA - CPFL SANTA CRUZ,CPFL Santa Cruz,COMPANHIA JAGUARI DE ENERGIA - CPFL SANTA CRUZ,CPFL Santa Cruz — COMPANHIA JAGUARI DE ENERGIA - CPFL SANTA CRUZ,502420,pos_2022,REN_1000
2023,10,creluz_d,creluz_d,Creluz-D,COOPERATIVA DE DISTRIBUIÇÃO DE ENERGIA,Creluz-D,COOPERATIVA DE DISTRIBUIÇÃO DE ENERGIA,Creluz-D — COOPERATIVA DE DISTRIBUIÇÃO DE ENERGIA,25301,pos_2022,REN_1000
2023,10,creral,creral,Creral,COOPERATIVA REGIONAL DE ELETRIFICAÇÃO RURAL DO ALTO URUGUAI,Creral,COOPERATIVA REGIONAL DE ELETRIFICAÇÃO RURAL DO ALTO URUGUAI,Creral — COOPERATIVA REGIONAL DE ELETRIFICAÇÃO RURAL DO ALTO URUGUAI,7980,pos_2022,REN_1000
2023,10,dcelt,dcelt,Dcelt,DISTRIBUIDORA CATARINENSE DE ENERGIA ELÉTRICA S/A.,Dcelt,DISTRIBUIDORA CATARINENSE DE ENERGIA ELÉTRICA S/A.,Dcelt — DISTRIBUIDORA CATARINENSE DE ENERGIA ELÉTRICA S/A.,40724,pos_2022,REN_1000
2023,10,demei,demei,Demei,DEPARTAMENTO MUNICIPAL DE ENERGIA DE IJUÍ,Demei,DEPARTAMENTO MUNICIPAL DE ENERGIA DE IJUÍ,Demei — DEPARTAMENTO MUNICIPAL DE ENERGIA DE IJUÍ,36147,pos_2022,REN_1000
2023,10,dmed,dmed,Dmed,DME DISTRIBUIÇÃO S.A.,Dmed,DME DISTRIBUIÇÃO S.A.,Dmed — DME DISTRIBUIÇÃO S.A.,87795,pos_2022,REN_1000
2023,10,edp,edp_es,EDP ES,EDP ESPÍRITO SANTO DISTRIBUIÇÃO DE ENERGIA S.A.,EDP ES,EDP ESPÍRITO SANTO DISTRIBUIÇÃO DE ENERGIA S.A.,EDP ES — EDP ESPÍRITO SANTO DISTRIBUIÇÃO DE ENERGIA S.A.,1790240,pos_2022,REN_1000
2023,10,edp,edp_sp,EDP SP,EDP SÃO PAULO DISTRIBUIÇÃO DE ENERGIA S.A.,EDP SP,EDP SÃO PAULO DISTRIBUIÇÃO DE ENERGIA S.A.,EDP SP — EDP SÃO PAULO DISTRIBUIÇÃO DE ENERGIA S.A.,2251102,pos_2022,REN_1000
2023,10,eflul,eflul,Eflul,EMPRESA FORÇA E LUZ DE URUSSANGA LTDA.,Eflul,EMPRESA FORÇA E LUZ DE URUSSANGA LTDA.,Eflul — EMPRESA FORÇA E LUZ DE URUSSANGA LTDA.,7549,pos_2022,REN_1000
2023,10,eletrocar,eletrocar,Eletrocar,CENTRAIS ELÉTRICAS DE CARAZINHO S.A.,Eletrocar,CENTRAIS ELÉTRICAS DE CARAZINHO S.A.,Eletrocar — CENTRAIS ELÉTRICAS DE CARAZINHO S.A.,39860,pos_2022,REN_1000
2023,10,enel,enel_ce,Enel CE,COMPANHIA ENERGÉTICA DO CEARÁ,Enel CE,COMPANHIA ENERGÉTICA DO CEARÁ,Enel CE — COMPANHIA ENERGÉTICA DO CEARÁ,4175269,pos_2022,REN_1000
2023,10,enel,enel_go,Enel GO,CELG DISTRIBUIÇÃO S.A.,Enel GO,CELG DISTRIBUIÇÃO S.A.,Enel GO — CELG DISTRIBUIÇÃO S.A.,3435372,pos_2022,REN_1000
2023,10,enel,enel_rj,Enel RJ,AMPLA ENERGIA E SERVIÇOS S.A.,Enel RJ,AMPLA ENERGIA E SERVIÇOS S.A.,Enel RJ — AMPLA ENERGIA E SERVIÇOS S.A.,3079598,pos_2022,REN_1000
2023,10,enel,enel_sp,Enel SP,ELETROPAULO METROPOLITANA ELETRICIDADE DE SÃO PAULO S.A.,Enel SP,ELETROPAULO METROPOLITANA ELETRICIDADE DE SÃO PAULO S.A.,Enel SP — ELETROPAULO METROPOLITANA ELETRICIDADE DE SÃO PAULO S.A.,8353048,pos_2022,REN_1000
2023,10,energisa,energisa_ac,Energisa AC,ENERGISA ACRE - DISTRIBUIDORA DE ENERGIA S.A.,Energisa AC,ENERGISA ACRE - DISTRIBUIDORA DE ENERGIA S.A.,Energisa AC — ENERGISA ACRE - DISTRIBUIDORA DE ENERGIA S.A.,290732,pos_2022,REN_1000
2023,10,energisa,energisa_minas_rio,Energisa Minas Rio,ENERGISA MINAS RIO - DISTRIBUIDORA DE ENERGIA S.A.,Energisa Minas Rio,ENERGISA MINAS RIO - DISTRIBUIDORA DE ENERGIA S.A.,Energisa Minas Rio — ENERGISA MINAS RIO - DISTRIBUIDORA DE ENERGIA S.A.,598604,pos_2022,REN_1000
2023,10,energisa,energisa_ms,Energisa MS,ENERGISA MATO GROSSO DO SUL DISTRIBUIDORA DE ENERGIA S.A.,Energisa MS,ENERGISA MATO GROSSO DO SUL DISTRIBUIDORA DE ENERGIA S.A.,Energisa MS — ENERGISA MATO GROSSO DO SUL DISTRIBUIDORA DE ENERGIA S.A.,1118629,pos_2022,REN_1000
2023,10,energisa,energisa_mt,Energisa MT,ENERGISA MATO GROSSO DISTRIBUIDORA DE ENERGIA S.A.,Energisa MT,ENERGISA MATO GROSSO DISTRIBUIDORA DE ENERGIA S.A.,Energisa MT — ENERGISA MATO GROSSO DISTRIBUIDORA DE ENERGIA S.A.,1615478,pos_2022,REN_1000
2023,10,energisa,energisa_pb,Energisa PB,ENERGISA PARAÍBA DISTRIBUIDORA DE ENERGIA S.A.,Energisa PB,ENERGISA PARAÍBA DISTRIBUIDORA DE ENERGIA S.A.,Energisa PB — ENERGISA PARAÍBA DISTRIBUIDORA DE ENERGIA S.A.,1804046,pos_2022,REN_1000
2023,10,energisa,energisa_ro,Energisa RO,ENERGISA RONDÔNIA DISTRIBUIDORA DE ENERGIA S.A.,Energisa RO,ENERGISA RONDÔNIA DISTRIBUIDORA DE ENERGIA S.A.,Energisa RO — ENERGISA RONDÔNIA DISTRIBUIDORA DE ENERGIA S.A.,693541,pos_2022,REN_1000
2023,10,energisa,energisa_se,Energisa SE,ENERGISA SERGIPE DISTRIBUIDORA DE ENERGIA S.A.,Energisa SE,ENERGISA SERGIPE DISTRIBUIDORA DE ENERGIA S.A.,Energisa SE — ENERGISA SERGIPE DISTRIBUIDORA DE ENERGIA S.A.,859583,pos_2022,REN_1000
2023,10,energisa,energisa_sul_sudeste,Energisa Sul-Sudeste,ENERGISA SUL-SUDESTE DISTRIBUIDORA DE ENERGIA S.A.,Energisa Sul-Sudeste,ENERGISA SUL-SUDESTE DISTRIBUIDORA DE ENERGIA S.A.,Energisa Sul-Sudeste — ENERGISA SUL-SUDESTE DISTRIBUIDORA DE ENERGIA S.A.,863261,pos_2022,REN_1000
2023,10,energisa,energisa_to,Energisa TO,ENERGISA TOCANTINS DISTRIBUIDORA DE ENERGIA S.A.,Energisa TO,ENERGISA TOCANTINS DISTRIBUIDORA DE ENERGIA S.A.,Energisa TO — ENERGISA TOCANTINS DISTRIBUIDORA DE ENERGIA S.A.,658959,pos_2022,REN_1000
2023,10,equatorial,cea_equatorial,CEA Equatorial,COMPANHIA DE ELETRICIDADE DO AMAPA,CEA Equatorial,COMPANHIA DE ELETRICIDADE DO AMAPA,CEA Equatorial — COMPANHIA DE ELETRICIDADE DO AMAPA,233963,pos_2022,REN_1000
2023,10,equatorial,ceee_equatorial,CEEE Equatorial,COMPANHIA ESTADUAL DE DISTRIBUIÇÃO DE ENERGIA ELÉTRICA,CEEE Equatorial,COMPANHIA ESTADUAL DE DISTRIBUIÇÃO DE ENERGIA ELÉTRICA,CEEE Equatorial — COMPANHIA ESTADUAL DE DISTRIBUIÇÃO DE ENERGIA ELÉTRICA,1921000,pos_2022,REN_1000
2023,10,equatorial,equatorial_al,Equatorial AL,EQUATORIAL ALAGOAS DISTRIBUIDORA DE ENERGIA S.A.,Equatorial AL,EQUATORIAL ALAGOAS DISTRIBUIDORA DE ENERGIA S.A.,Equatorial AL — EQUATORIAL ALAGOAS DISTRIBUIDORA DE ENERGIA S.A.,1350395,pos_2022,REN_1000
2023,10,equatorial,equatorial_ma,Equatorial MA,EQUATORIAL MARANHÃO DISTRIBUIDORA DE ENERGIA S.A.,Equatorial MA,EQUATORIAL MARANHÃO DISTRIBUIDORA DE ENERGIA S.A.,Equatorial MA — EQUATORIAL MARANHÃO DISTRIBUIDORA DE ENERGIA S.A.,2753635,pos_2022,REN_1000
2023,10,equatorial,equatorial_pa,Equatorial PA,EQUATORIAL PARÁ DISTRIBUIDORA DE ENERGIA S.A.,Equatorial PA,EQUATORIAL PARÁ DISTRIBUIDORA DE ENERGIA S.A.,Equatorial PA — EQUATORIAL PARÁ DISTRIBUIDORA DE ENERGIA S.A.,3006146,pos_2022,REN_1000
2023,10,equatorial,equatorial_pi,Equatorial PI,EQUATORIAL PIAUÍ DISTRIBUIDORA DE ENERGIA S.A.,Equatorial PI,EQUATORIAL PIAUÍ DISTRIBUIDORA DE ENERGIA S.A.,Equatorial PI — EQUATORIAL PIAUÍ DISTRIBUIDORA DE ENERGIA S.A.,1496899,pos_2022,REN_1000
2023,10,forcel,forcel,Forcel,FORÇA E LUZ CORONEL VIVIDA LTDA,Forcel,FORÇA E LUZ CORONEL VIVIDA LTDA,Forcel — FORÇA E LUZ CORONEL VIVIDA LTDA,8649,pos_2022,REN_1000
2023,10,hidropan,hidropan,Hidropan,HIDROPAN DISTRIBUIÇÃO DE ENERGIA S.A.,Hidropan,HIDROPAN DISTRIBUIÇÃO DE ENERGIA S.A.,Hidropan — HIDROPAN DISTRIBUIÇÃO DE ENERGIA S.A.,20058,pos_2022,REN_1000
2023,10,joao,joao_cesa,João Cesa,EMPRESA FORÇA E LUZ JOÃO CESA LTDA.,João Cesa,EMPRESA FORÇA E LUZ JOÃO CESA LTDA.,João Cesa — EMPRESA FORÇA E LUZ JOÃO CESA LTDA.,3954,pos_2022,REN_1000
2023,10,light,light,Light,LIGHT SERVIÇOS DE ELETRICIDADE S.A.,Light,LIGHT SERVIÇOS DE ELETRICIDADE S.A.,Light — LIGHT SERVIÇOS DE ELETRICIDADE S.A.,4617166,pos_2022,REN_1000
2023,10,mux,mux_energia,Mux Energia,"MUXFELDT, MARIN & CIA LTDA",Mux Energia,"MUXFELDT, MARIN & CIA LTDA","Mux Energia — MUXFELDT, MARIN & CIA LTDA",12768,pos_2022,REN_1000
2023,10,neoenergia,neoenergia_brasilia,Neoenergia Brasília,NEOENERGIA DISTRIBUIÇÃO BRASÍLIA S.A.,Neoenergia Brasília,NEOENERGIA DISTRIBUIÇÃO BRASÍLIA S.A.,Neoenergia Brasília — NEOENERGIA DISTRIBUIÇÃO BRASÍLIA S.A.,1179871,pos_2022,REN_1000
2023,10,neoenergia,neoenergia_coelba,Neoenergia Coelba,COMPANHIA DE ELETRICIDADE DO ESTADO DA BAHIA,Neoenergia Coelba,COMPANHIA DE ELETRICIDADE DO ESTADO DA BAHIA,Neoenergia Coelba — COMPANHIA DE ELETRICIDADE DO ESTADO DA BAHIA,6662483,pos_2022,REN_1000
2023,10,neoenergia,neoenergia_cosern,Neoenergia Cosern,COMPANHIA ENERGÉTICA DO RIO GRANDE DO NORTE,Neoenergia Cosern,COMPANHIA ENERGÉTICA DO RIO GRANDE DO NORTE,Neoenergia Cosern — COMPANHIA ENERGÉTICA DO RIO GRANDE DO NORTE,1583478,pos_2022,REN_1000
2023,10,neoenergia,neoenergia_elektro,Neoenergia Elektro,ELEKTRO REDES S.A.,Neoenergia Elektro,ELEKTRO REDES S.A.,Neoenergia Elektro — ELEKTRO REDES S.A.,2966330,pos_2022,REN_1000
2023,10,neoenergia,neoenergia_pernambuco,Neoenergia Pernambuco,COMPANHIA ENERGÉTICA DE PERNAMBUCO,Neoenergia Pernambuco,COMPANHIA ENERGÉTICA DE PERNAMBUCO,Neoenergia Pernambuco — COMPANHIA ENERGÉTICA DE PERNAMBUCO,4044290,pos_2022,REN_1000
2023,10,nova,nova_palma,Nova Palma,NOVA PALMA ENERGIA LTDA.,Nova Palma,NOVA PALMA ENERGIA LTDA.,Nova Palma — NOVA PALMA ENERGIA LTDA.,17269,pos_2022,REN_1000
2023,10,rge,rge,RGE,RGE SUL DISTRIBUIDORA DE ENERGIA S.A.,RGE,RGE SUL DISTRIBUIDORA DE ENERGIA S.A.,RGE — RGE SUL DISTRIBUIDORA DE ENERGIA S.A.,3097315,pos_2022,REN_1000
2023,10,roraima,roraima_energia,Roraima Energia,RORAIMA ENERGIA S.A.,Roraima Energia,RORAIMA ENERGIA S.A.,Roraima Energia — RORAIMA ENERGIA S.A.,213868,pos_2022,REN_1000
2023,10,santa,santa_maria,Santa Maria,EMPRESA LUZ E FORÇA SANTA MARIA S.A.,Santa Maria,EMPRESA LUZ E FORÇA SANTA MARIA S.A.,Santa Maria — EMPRESA LUZ E FORÇA SANTA MARIA S.A.,138234,pos_2022,REN_1000
2023,10,sulgipe,sulgipe,Sulgipe,COMPANHIA SUL SERGIPANA DE ELETRICIDADE,Sulgipe,COMPANHIA SUL SERGIPANA DE ELETRICIDADE,Sulgipe — COMPANHIA SUL SERGIPANA DE ELETRICIDADE,169224,pos_2022,REN_1000
2023,11,amazonas,amazonas_energia,Amazonas Energia,AMAZONAS ENERGIA S.A.,Amazonas Energia,AMAZONAS ENERGIA S.A.,Amazonas Energia — AMAZONAS ENERGIA S.A.,1162701,pos_2022,REN_1000
2023,11,castro_dis,castro_dis,Castro-Dis,COOPERATIVA DE DISTRIBUIÇÃO DE ENERGIA ELÉTRICA DE CASTRO,Castro-Dis,COOPERATIVA DE DISTRIBUIÇÃO DE ENERGIA ELÉTRICA DE CASTRO,Castro-Dis — COOPERATIVA DE DISTRIBUIÇÃO DE ENERGIA ELÉTRICA DE CASTRO,2348,pos_2022,REN_1000
2023,11,cedrap,cedrap,Cedrap,COOPERATIVA DE ELETRIFICAÇÃO DA REGIÃO DO ALTO DA PARAÍBA,Cedrap,COOPERATIVA DE ELETRIFICAÇÃO DA REGIÃO DO ALTO DA PARAÍBA,Cedrap — COOPERATIVA DE ELETRIFICAÇÃO DA REGIÃO DO ALTO DA PARAÍBA,7734,pos_2022,REN_1000
2023,11,cedri,cedri,Cedri,COOPERATIVA DE ELETRIFICAÇÃO E DISTRIBUIÇÃO DA REGIÃO DE ITARIRI,Cedri,COOPERATIVA DE ELETRIFICAÇÃO E DISTRIBUIÇÃO DA REGIÃO DE ITARIRI,Cedri — COOPERATIVA DE ELETRIFICAÇÃO E DISTRIBUIÇÃO DA REGIÃO DE ITARIRI,3019,pos_2022,REN_1000
2023,11,cegero,cegero,Cegero,COOPERATIVA DE ELETRICIDADE DE SÃO LUDGERO,Cegero,COOPERATIVA DE ELETRICIDADE DE SÃO LUDGERO,Cegero — COOPERATIVA DE ELETRICIDADE DE SÃO LUDGERO,6939,pos_2022,REN_1000
2023,11,cejama,cejama,Cejama,COOPERATIVA DE ELETRICIDADE JACINTO MACHADO,Cejama,COOPERATIVA DE ELETRICIDADE JACINTO MACHADO,Cejama — COOPERATIVA DE ELETRICIDADE JACINTO MACHADO,5691,pos_2022,REN_1000
2023,11,celetro,celetro,Celetro,COOPERATIVA DE ELETRIFICAÇÃO CENTRO JACUÍ LTDA.,Celetro,COOPERATIVA DE ELETRIFICAÇÃO CENTRO JACUÍ LTDA.,Celetro — COOPERATIVA DE ELETRIFICAÇÃO CENTRO JACUÍ LTDA.,23979,pos_2022,REN_1000
2023,11,cemig,cemig_d,Cemig-D,CEMIG DISTRIBUIÇÃO S.A.,Cemig-D,CEMIG DISTRIBUIÇÃO S.A.,Cemig-D — CEMIG DISTRIBUIÇÃO S.A.,10427930,pos_2022,REN_1000
2023,11,cemirim,cemirim,Cemirim,COOPERATIVA DE ELETRIFICAÇÃO E DESENVOLVIMENTO DA REGIÃO DE MOGI MIRIM,Cemirim,COOPERATIVA DE ELETRIFICAÇÃO E DESENVOLVIMENTO DA REGIÃO DE MOGI MIRIM,Cemirim — COOPERATIVA DE ELETRIFICAÇÃO E DESENVOLVIMENTO DA REGIÃO DE MOGI MIRIM,16850,pos_2022,REN_1000
2023,11,ceprag,ceprag,Ceprag,COOPERATIVA DE ELETRICIDADE PRAIA GRANDE,Ceprag,COOPERATIVA DE ELETRICIDADE PRAIA GRANDE,Ceprag — COOPERATIVA DE ELETRICIDADE PRAIA GRANDE,20838,pos_2022,REN_1000
2023,11,ceraca,ceraca,Ceraçá,COOPERATIVA DISTRIBUIDORA DE ENERGIA VALE DO ARAÇÁ,Ceraçá,COOPERATIVA DISTRIBUIDORA DE ENERGIA VALE DO ARAÇÁ,Ceraçá — COOPERATIVA DISTRIBUIDORA DE ENERGIA VALE DO ARAÇÁ,12808,pos_2022,REN_1000
2023,11,ceral,ceral_anitapolis,Ceral Anitápolis,COOPERATIVA DE DISTRIBUIÇÃO DE ENERGIA ELÉTRICA DE ANITÁPOLIS,Ceral Anitápolis,COOPERATIVA DE DISTRIBUIÇÃO DE ENERGIA ELÉTRICA DE ANITÁPOLIS,Ceral Anitápolis — COOPERATIVA DE DISTRIBUIÇÃO DE ENERGIA ELÉTRICA DE ANITÁPOLIS,3904,pos_2022,REN_1000
2023,11,ceral,ceral_araruama,Ceral Araruama,COOPERATIVA DE ELETRIFICAÇÃO RURAL DE ARARUAMA,Ceral Araruama,COOPERATIVA DE ELETRIFICAÇÃO RURAL DE ARARUAMA,Ceral Araruama — COOPERATIVA DE ELETRIFICAÇÃO RURAL DE ARARUAMA,7586,pos_2022,REN_1000
2023,11,cerbranorte,cerbranorte,Cerbranorte,COOPERATIVA DE ELETRIFICAÇÃO DE BRAÇO DO NORTE,Cerbranorte,COOPERATIVA DE ELETRIFICAÇÃO DE BRAÇO DO NORTE,Cerbranorte — COOPERATIVA DE ELETRIFICAÇÃO DE BRAÇO DO NORTE,18050,pos_2022,REN_1000
2023,11,cerci,cerci,Cerci,COOPERATIVA DE ELETRIFICAÇÃO RURAL CACHOEIRAS- ITABORAÍ LTDA,Cerci,COOPERATIVA DE ELETRIFICAÇÃO RURAL CACHOEIRAS- ITABORAÍ LTDA,Cerci — COOPERATIVA DE ELETRIFICAÇÃO RURAL CACHOEIRAS- ITABORAÍ LTDA,17846,pos_2022,REN_1000
2023,11,cerej,cerej,Cerej,COOPERATIVA DE PRESTAÇÃO DE SERVIÇOS PÚBLICOS DE DISTRIBUIÇÃO DE ENERGIA ELÉTRICA SENADOR ESTEVES JÚNIOR,Cerej,COOPERATIVA DE PRESTAÇÃO DE SERVIÇOS PÚBLICOS DE DISTRIBUIÇÃO DE ENERGIA ELÉTRICA SENADOR ESTEVES JÚNIOR,Cerej — COOPERATIVA DE PRESTAÇÃO DE SERVIÇOS PÚBLICOS DE DISTRIBUIÇÃO DE ENERGIA ELÉTRICA SENADOR ESTEVES JÚNIOR,15592,pos_2022,REN_1000
2023,11,ceres,ceres,Ceres,COOPERATIVA DE ELETRIFICAÇÃO RURAL DE RESENDE LTDA.,Ceres,COOPERATIVA DE ELETRIFICAÇÃO RURAL DE RESENDE LTDA.,Ceres — COOPERATIVA DE ELETRIFICAÇÃO RURAL DE RESENDE LTDA.,5840,pos_2022,REN_1000
2023,11,cerfox,cerfox,Cerfox,COOPERATIVA DE DISTRIBUIÇÃO DE ENERGIA FONTOURA XAVIER,Cerfox,COOPERATIVA DE DISTRIBUIÇÃO DE ENERGIA FONTOURA XAVIER,Cerfox — COOPERATIVA DE DISTRIBUIÇÃO DE ENERGIA FONTOURA XAVIER,16126,pos_2022,REN_1000
2023,11,cergal,cergal,Cergal,COOPERATIVA DE ELETRIFICAÇÃO RURAL ANITA GARIBALDI LTDA,Cergal,COOPERATIVA DE ELETRIFICAÇÃO RURAL ANITA GARIBALDI LTDA,Cergal — COOPERATIVA DE ELETRIFICAÇÃO RURAL ANITA GARIBALDI LTDA,20459,pos_2022,REN_1000
2023,11,cergapa,cergapa,Cergapa,COOPERATIVA DE ELETRICIDADE DE GRÃO PARÁ,Cergapa,COOPERATIVA DE ELETRICIDADE DE GRÃO PARÁ,Cergapa — COOPERATIVA DE ELETRICIDADE DE GRÃO PARÁ,3989,pos_2022,REN_1000
2023,11,cergral,cergral,Cergral,COOPERATIVA DE ELETRICIDADE DE GRAVATAL,Cergral,COOPERATIVA DE ELETRICIDADE DE GRAVATAL,Cergral — COOPERATIVA DE ELETRICIDADE DE GRAVATAL,6835,pos_2022,REN_1000
2023,11,ceriluz,ceriluz,Ceriluz,COOPERATIVA REGIONAL DE ENERGIA E DESENVOLVIMENTO IJUÍ LTDA,Ceriluz,COOPERATIVA REGIONAL DE ENERGIA E DESENVOLVIMENTO IJUÍ LTDA,Ceriluz — COOPERATIVA REGIONAL DE ENERGIA E DESENVOLVIMENTO IJUÍ LTDA,15007,pos_2022,REN_1000
2023,11,cerim,cerim,Cerim,COOPERATIVA DE ELETRIFICAÇÃO E DESENVOLVIMENTO DA REGIÃO DE ITU-MAIRINQUE,Cerim,COOPERATIVA DE ELETRIFICAÇÃO E DESENVOLVIMENTO DA REGIÃO DE ITU-MAIRINQUE,Cerim — COOPERATIVA DE ELETRIFICAÇÃO E DESENVOLVIMENTO DA REGIÃO DE ITU-MAIRINQUE,15689,pos_2022,REN_1000
2023,11,ceripa,ceripa,Ceripa,COOPERATIVA DE ELETRIFICAÇÃO RURAL DE ITAÍ-PARANAPANEMA-AVARÉ,Ceripa,COOPERATIVA DE ELETRIFICAÇÃO RURAL DE ITAÍ-PARANAPANEMA-AVARÉ,Ceripa — COOPERATIVA DE ELETRIFICAÇÃO RURAL DE ITAÍ-PARANAPANEMA-AVARÉ,7596,pos_2022,REN_1000
2023,11,ceris,ceris,Ceris,COOPERATIVA DE ELETRIFICAÇÃO RURAL DA REGIÃO DE ITAPECERICA DA SERRA,Ceris,COOPERATIVA DE ELETRIFICAÇÃO RURAL DA REGIÃO DE ITAPECERICA DA SERRA,Ceris — COOPERATIVA DE ELETRIFICAÇÃO RURAL DA REGIÃO DE ITAPECERICA DA SERRA,7056,pos_2022,REN_1000
2023,11,cermc,cermc,Cermc,COOPERATIVA DE ELETRIFICAÇÃO E DESENVOLVIMENTO DA REGIÃO DE MOGI DAS CRUZES,Cermc,COOPERATIVA DE ELETRIFICAÇÃO E DESENVOLVIMENTO DA REGIÃO DE MOGI DAS CRUZES,Cermc — COOPERATIVA DE ELETRIFICAÇÃO E DESENVOLVIMENTO DA REGIÃO DE MOGI DAS CRUZES,3462,pos_2022,REN_1000
2023,11,cermissoes,cermissoes,Cermissões,COOPERATIVA DE DISTRIBUIÇÃO E GERAÇÃO DE ENERGIA DAS MISSÕES,Cermissões,COOPERATIVA DE DISTRIBUIÇÃO E GERAÇÃO DE ENERGIA DAS MISSÕES,Cermissões — COOPERATIVA DE DISTRIBUIÇÃO E GERAÇÃO DE ENERGIA DAS MISSÕES,28524,pos_2022,REN_1000
2023,11,cermoful,cermoful,Cermoful,COOPERATIVA FUMACENSE DE ELETRICIDADE,Cermoful,COOPERATIVA FUMACENSE DE ELETRICIDADE,Cermoful — COOPERATIVA FUMACENSE DE ELETRICIDADE,16242,pos_2022,REN_1000
2023,11,cernhe,cernhe,Cernhe,COOPERATIVA DE ELETRIFICAÇÃO E DESENVOLVIMENTO RURAL DA REGIÃO DE NOVO HORIZONTE,Cernhe,COOPERATIVA DE ELETRIFICAÇÃO E DESENVOLVIMENTO RURAL DA REGIÃO DE NOVO HORIZONTE,Cernhe — COOPERATIVA DE ELETRIFICAÇÃO E DESENVOLVIMENTO RURAL DA REGIÃO DE NOVO HORIZONTE,4719,pos_2022,REN_1000
2023,11,cerpalo,cerpalo,Cerpalo,COOPERATIVA DE ELETRIFICAÇÃO DE PAULO LOPES,Cerpalo,COOPERATIVA DE ELETRIFICAÇÃO DE PAULO LOPES,Cerpalo — COOPERATIVA DE ELETRIFICAÇÃO DE PAULO LOPES,16857,pos_2022,REN_1000
2023,11,cerpro,cerpro,Cerpro,COOPERATIVA DE ELETRIFICAÇÃO RURAL DA REGIÃO DE PROMISSÃO,Cerpro,COOPERATIVA DE ELETRIFICAÇÃO RURAL DA REGIÃO DE PROMISSÃO,Cerpro — COOPERATIVA DE ELETRIFICAÇÃO RURAL DA REGIÃO DE PROMISSÃO,2060,pos_2022,REN_1000
2023,11,cerrp,cerrp,Cerrp,COOPERATIVA DE ELETRIFICAÇÃO E DESENVOLVIMENTO DA REGIÃO DE SÃO JOSÉ DO RIO PRETO,Cerrp,COOPERATIVA DE ELETRIFICAÇÃO E DESENVOLVIMENTO DA REGIÃO DE SÃO JOSÉ DO RIO PRETO,Cerrp — COOPERATIVA DE ELETRIFICAÇÃO E DESENVOLVIMENTO DA REGIÃO DE SÃO JOSÉ DO RIO PRETO,3490,pos_2022,REN_1000
2023,11,cersad,cersad,Cersad,COOPERATIVA DE DISTRIBUIÇÃO DE ENERGIA ELÉTRICA SALTO DONNER,Cersad,COOPERATIVA DE DISTRIBUIÇÃO DE ENERGIA ELÉTRICA SALTO DONNER,Cersad — COOPERATIVA DE DISTRIBUIÇÃO DE ENERGIA ELÉTRICA SALTO DONNER,1394,pos_2022,REN_1000
2023,11,cersul,cersul,Cersul,COOPERATIVA DE DISTRIBUIÇÃOI DE ENERGIA,Cersul,COOPERATIVA DE DISTRIBUIÇÃOI DE ENERGIA,Cersul — COOPERATIVA DE DISTRIBUIÇÃOI DE ENERGIA,18680,pos_2022,REN_1000
2023,11,certaja,certaja_energia,Certaja Energia,COOPERATIVA REGIONAL DE ENERGIA TAQUARI JACUÍ,Certaja Energia,COOPERATIVA REGIONAL DE ENERGIA TAQUARI JACUÍ,Certaja Energia — COOPERATIVA REGIONAL DE ENERGIA TAQUARI JACUÍ,26523,pos_2022,REN_1000
2023,11,certel,certel_energia,Certel Energia,COOPERATIVA DE DISTRIBUIÇÃO DE ENERGIA TEUTÔNIA,Certel Energia,COOPERATIVA DE DISTRIBUIÇÃO DE ENERGIA TEUTÔNIA,Certel Energia — COOPERATIVA DE DISTRIBUIÇÃO DE ENERGIA TEUTÔNIA,73916,pos_2022,REN_1000
2023,11,certrel,certrel,Certrel,COOPERATIVA DE ENERGIA TREVISO,Certrel,COOPERATIVA DE ENERGIA TREVISO,Certrel — COOPERATIVA DE ENERGIA TREVISO,4691,pos_2022,REN_1000
2023,11,cervam,cervam,Cervam,COOPERATIVA DE ENERGIZAÇÃO E DE DESENVOLVIMENTO DO VALE DO MOGI,Cervam,COOPERATIVA DE ENERGIZAÇÃO E DE DESENVOLVIMENTO DO VALE DO MOGI,Cervam — COOPERATIVA DE ENERGIZAÇÃO E DE DESENVOLVIMENTO DO VALE DO MOGI,4587,pos_2022,REN_1000
2023,11,cetril,cetril,Cetril,COOPERATIVA DE ELETRIFICAÇÃO DE IBIÚNA E REGIÃO,Cetril,COOPERATIVA DE ELETRIFICAÇÃO DE IBIÚNA E REGIÃO,Cetril — COOPERATIVA DE ELETRIFICAÇÃO DE IBIÚNA E REGIÃO,32394,pos_2022,REN_1000
2023,11,chesp,chesp,Chesp,COMPANHIA HIDROELÉTRICA SÃO PATRÍCIO,Chesp,COMPANHIA HIDROELÉTRICA SÃO PATRÍCIO,Chesp — COMPANHIA HIDROELÉTRICA SÃO PATRÍCIO,16488,pos_2022,REN_1000
2023,11,cocel,cocel,Cocel,COMPANHIA CAMPOLARGUENSE DE ENERGIA,Cocel,COMPANHIA CAMPOLARGUENSE DE ENERGIA,Cocel — COMPANHIA CAMPOLARGUENSE DE ENERGIA,59569,pos_2022,REN_1000
2023,11,coopera,coopera,Coopera,COOPERATIVA PIONEIRA DE ELETRIFICAÇÃO,Coopera,COOPERATIVA PIONEIRA DE ELETRIFICAÇÃO,Coopera — COOPERATIVA PIONEIRA DE ELETRIFICAÇÃO,27475,pos_2022,REN_1000
2023,11,cooperalianca,cooperalianca,Cooperaliança,COOPERATIVA ALIANÇA,Cooperaliança,COOPERATIVA ALIANÇA,Cooperaliança — COOPERATIVA ALIANÇA,44212,pos_2022,REN_1000
2023,11,coopercocal,coopercocal,Coopercocal,COOPERATIVA ENERGÉTICA COCAL,Coopercocal,COOPERATIVA ENERGÉTICA COCAL,Coopercocal — COOPERATIVA ENERGÉTICA COCAL,11837,pos_2022,REN_1000
2023,11,cooperluz,cooperluz,Cooperluz,COOPERATIVA DISTRIBUIDORA DE ENERGIA FRONTEIRA NOROESTE,Cooperluz,COOPERATIVA DISTRIBUIDORA DE ENERGIA FRONTEIRA NOROESTE,Cooperluz — COOPERATIVA DISTRIBUIDORA DE ENERGIA FRONTEIRA NOROESTE,17100,pos_2022,REN_1000
2023,11,coopermila,coopermila,Coopermila,COOPERATIVA DE ELETRIFICAÇÃO LAURO MÜLLER,Coopermila,COOPERATIVA DE ELETRIFICAÇÃO LAURO MÜLLER,Coopermila — COOPERATIVA DE ELETRIFICAÇÃO LAURO MÜLLER,1379,pos_2022,REN_1000
2023,11,coopernorte,coopernorte,Coopernorte,COOPERATIVA REGIONAL DE DISTRIBUIÇÃO DE ENERGIA DO LITORAL NORTE,Coopernorte,COOPERATIVA REGIONAL DE DISTRIBUIÇÃO DE ENERGIA DO LITORAL NORTE,Coopernorte — COOPERATIVA REGIONAL DE DISTRIBUIÇÃO DE ENERGIA DO LITORAL NORTE,7005,pos_2022,REN_1000
2023,11,coopersul,coopersul,Coopersul,COOPERATIVA REGIONAL DE ELETRIFICAÇÃO RURAL FRONTEIRA SUL LTDA,Coopersul,COOPERATIVA REGIONAL DE ELETRIFICAÇÃO RURAL FRONTEIRA SUL LTDA,Coopersul — COOPERATIVA REGIONAL DE ELETRIFICAÇÃO RURAL FRONTEIRA SUL LTDA,5769,pos_2022,REN_1000
2023,11,cooperzem,cooperzem,Cooperzem,COOPERZEM COOPERATIVA DE DISTRIBUIÇÃO DE ENERGIA ELÉTRICA,Cooperzem,COOPERZEM COOPERATIVA DE DISTRIBUIÇÃO DE ENERGIA ELÉTRICA,Cooperzem — COOPERZEM COOPERATIVA DE DISTRIBUIÇÃO DE ENERGIA ELÉTRICA,8796,pos_2022,REN_1000
2023,11,coorsel,coorsel,Coorsel,COOPERATIVA REGIONAL SUL DE ELETRIFICAÇÃO RURAL,Coorsel,COOPERATIVA REGIONAL SUL DE ELETRIFICAÇÃO RURAL,Coorsel — COOPERATIVA REGIONAL SUL DE ELETRIFICAÇÃO RURAL,9396,pos_2022,REN_1000
2023,11,copel,copel_dis,Copel-Dis,COPEL DISTRIBUIÇÃO S.A.,Copel-Dis,COPEL DISTRIBUIÇÃO S.A.,Copel-Dis — COPEL DISTRIBUIÇÃO S.A.,5205843,pos_2022,REN_1000
2023,11,cpfl,cpfl_paulista,CPFL Paulista,COMPANHIA PAULISTA DE FORÇA E LUZ,CPFL Paulista,COMPANHIA PAULISTA DE FORÇA E LUZ,CPFL Paulista — COMPANHIA PAULISTA DE FORÇA E LUZ,4944074,pos_2022,REN_1000
2023,11,cpfl,cpfl_piratininga,CPFL Piratininga,COMPANHIA PIRATININGA DE FORÇA E LUZ,CPFL Piratininga,COMPANHIA PIRATININGA DE FORÇA E LUZ,CPFL Piratininga — COMPANHIA PIRATININGA DE FORÇA E LUZ,1938000,pos_2022,REN_1000
2023,11,cpfl,cpfl_santa_cruz,CPFL Santa Cruz,COMPANHIA JAGUARI DE ENERGIA - CPFL SANTA CRUZ,CPFL Santa Cruz,COMPANHIA JAGUARI DE ENERGIA - CPFL SANTA CRUZ,CPFL Santa Cruz — COMPANHIA JAGUARI DE ENERGIA - CPFL SANTA CRUZ,503321,pos_2022,REN_1000
2023,11,creluz_d,creluz_d,Creluz-D,COOPERATIVA DE DISTRIBUIÇÃO DE ENERGIA,Creluz-D,COOPERATIVA DE DISTRIBUIÇÃO DE ENERGIA,Creluz-D — COOPERATIVA DE DISTRIBUIÇÃO DE ENERGIA,25292,pos_2022,REN_1000
2023,11,creral,creral,Creral,COOPERATIVA REGIONAL DE ELETRIFICAÇÃO RURAL DO ALTO URUGUAI,Creral,COOPERATIVA REGIONAL DE ELETRIFICAÇÃO RURAL DO ALTO URUGUAI,Creral — COOPERATIVA REGIONAL DE ELETRIFICAÇÃO RURAL DO ALTO URUGUAI,8006,pos_2022,REN_1000
2023,11,dcelt,dcelt,Dcelt,DISTRIBUIDORA CATARINENSE DE ENERGIA ELÉTRICA S/A.,Dcelt,DISTRIBUIDORA CATARINENSE DE ENERGIA ELÉTRICA S/A.,Dcelt — DISTRIBUIDORA CATARINENSE DE ENERGIA ELÉTRICA S/A.,40756,pos_2022,REN_1000
2023,11,demei,demei,Demei,DEPARTAMENTO MUNICIPAL DE ENERGIA DE IJUÍ,Demei,DEPARTAMENTO MUNICIPAL DE ENERGIA DE IJUÍ,Demei — DEPARTAMENTO MUNICIPAL DE ENERGIA DE IJUÍ,36201,pos_2022,REN_1000
2023,11,dmed,dmed,Dmed,DME DISTRIBUIÇÃO S.A.,Dmed,DME DISTRIBUIÇÃO S.A.,Dmed — DME DISTRIBUIÇÃO S.A.,88239,pos_2022,REN_1000
2023,11,edp,edp_es,EDP ES,EDP ESPÍRITO SANTO DISTRIBUIÇÃO DE ENERGIA S.A.,EDP ES,EDP ESPÍRITO SANTO DISTRIBUIÇÃO DE ENERGIA S.A.,EDP ES — EDP ESPÍRITO SANTO DISTRIBUIÇÃO DE ENERGIA S.A.,1793446,pos_2022,REN_1000
2023,11,edp,edp_sp,EDP SP,EDP SÃO PAULO DISTRIBUIÇÃO DE ENERGIA S.A.,EDP SP,EDP SÃO PAULO DISTRIBUIÇÃO DE ENERGIA S.A.,EDP SP — EDP SÃO PAULO DISTRIBUIÇÃO DE ENERGIA S.A.,2254913,pos_2022,REN_1000
2023,11,eflul,eflul,Eflul,EMPRESA FORÇA E LUZ DE URUSSANGA LTDA.,Eflul,EMPRESA FORÇA E LUZ DE URUSSANGA LTDA.,Eflul — EMPRESA FORÇA E LUZ DE URUSSANGA LTDA.,7559,pos_2022,REN_1000
2023,11,eletrocar,eletrocar,Eletrocar,CENTRAIS ELÉTRICAS DE CARAZINHO S.A.,Eletrocar,CENTRAIS ELÉTRICAS DE CARAZINHO S.A.,Eletrocar — CENTRAIS ELÉTRICAS DE CARAZINHO S.A.,39984,pos_2022,REN_1000
2023,11,enel,enel_ce,Enel CE,COMPANHIA ENERGÉTICA DO CEARÁ,Enel CE,COMPANHIA ENERGÉTICA DO CEARÁ,Enel CE — COMPANHIA ENERGÉTICA DO CEARÁ,4181380,pos_2022,REN_1000
2023,11,enel,enel_go,Enel GO,CELG DISTRIBUIÇÃO S.A.,Enel GO,CELG DISTRIBUIÇÃO S.A.,Enel GO — CELG DISTRIBUIÇÃO S.A.,3440339,pos_2022,REN_1000
2023,11,enel,enel_rj,Enel RJ,AMPLA ENERGIA E SERVIÇOS S.A.,Enel RJ,AMPLA ENERGIA E SERVIÇOS S.A.,Enel RJ — AMPLA ENERGIA E SERVIÇOS S.A.,3081399,pos_2022,REN_1000
2023,11,enel,enel_sp,Enel SP,ELETROPAULO METROPOLITANA ELETRICIDADE DE SÃO PAULO S.A.,Enel SP,ELETROPAULO METROPOLITANA ELETRICIDADE DE SÃO PAULO S.A.,Enel SP — ELETROPAULO METROPOLITANA ELETRICIDADE DE SÃO PAULO S.A.,8370066,pos_2022,REN_1000
2023,11,energisa,energisa_ac,Energisa AC,ENERGISA ACRE - DISTRIBUIDORA DE ENERGIA S.A.,Energisa AC,ENERGISA ACRE - DISTRIBUIDORA DE ENERGIA S.A.,Energisa AC — ENERGISA ACRE - DISTRIBUIDORA DE ENERGIA S.A.,291030,pos_2022,REN_1000
2023,11,energisa,energisa_minas_rio,Energisa Minas Rio,ENERGISA MINAS RIO - DISTRIBUIDORA DE ENERGIA S.A.,Energisa Minas Rio,ENERGISA MINAS RIO - DISTRIBUIDORA DE ENERGIA S.A.,Energisa Minas Rio — ENERGISA MINAS RIO - DISTRIBUIDORA DE ENERGIA S.A.,599166,pos_2022,REN_1000
2023,11,energisa,energisa_ms,Energisa MS,ENERGISA MATO GROSSO DO SUL DISTRIBUIDORA DE ENERGIA S.A.,Energisa MS,ENERGISA MATO GROSSO DO SUL DISTRIBUIDORA DE ENERGIA S.A.,Energisa MS — ENERGISA MATO GROSSO DO SUL DISTRIBUIDORA DE ENERGIA S.A.,1118957,pos_2022,REN_1000
2023,11,energisa,energisa_mt,Energisa MT,ENERGISA MATO GROSSO DISTRIBUIDORA DE ENERGIA S.A.,Energisa MT,ENERGISA MATO GROSSO DISTRIBUIDORA DE ENERGIA S.A.,Energisa MT — ENERGISA MATO GROSSO DISTRIBUIDORA DE ENERGIA S.A.,1617778,pos_2022,REN_1000
2023,11,energisa,energisa_pb,Energisa PB,ENERGISA PARAÍBA DISTRIBUIDORA DE ENERGIA S.A.,Energisa PB,ENERGISA PARAÍBA DISTRIBUIDORA DE ENERGIA S.A.,Energisa PB — ENERGISA PARAÍBA DISTRIBUIDORA DE ENERGIA S.A.,1807362,pos_2022,REN_1000
2023,11,energisa,energisa_ro,Energisa RO,ENERGISA RONDÔNIA DISTRIBUIDORA DE ENERGIA S.A.,Energisa RO,ENERGISA RONDÔNIA DISTRIBUIDORA DE ENERGIA S.A.,Energisa RO — ENERGISA RONDÔNIA DISTRIBUIDORA DE ENERGIA S.A.,693732,pos_2022,REN_1000
2023,11,energisa,energisa_se,Energisa SE,ENERGISA SERGIPE DISTRIBUIDORA DE ENERGIA S.A.,Energisa SE,ENERGISA SERGIPE DISTRIBUIDORA DE ENERGIA S.A.,Energisa SE — ENERGISA SERGIPE DISTRIBUIDORA DE ENERGIA S.A.,860538,pos_2022,REN_1000
2023,11,energisa,energisa_sul_sudeste,Energisa Sul-Sudeste,ENERGISA SUL-SUDESTE DISTRIBUIDORA DE ENERGIA S.A.,Energisa Sul-Sudeste,ENERGISA SUL-SUDESTE DISTRIBUIDORA DE ENERGIA S.A.,Energisa Sul-Sudeste — ENERGISA SUL-SUDESTE DISTRIBUIDORA DE ENERGIA S.A.,864150,pos_2022,REN_1000
2023,11,energisa,energisa_to,Energisa TO,ENERGISA TOCANTINS DISTRIBUIDORA DE ENERGIA S.A.,Energisa TO,ENERGISA TOCANTINS DISTRIBUIDORA DE ENERGIA S.A.,Energisa TO — ENERGISA TOCANTINS DISTRIBUIDORA DE ENERGIA S.A.,660189,pos_2022,REN_1000
2023,11,equatorial,cea_equatorial,CEA Equatorial,COMPANHIA DE ELETRICIDADE DO AMAPA,CEA Equatorial,COMPANHIA DE ELETRICIDADE DO AMAPA,CEA Equatorial — COMPANHIA DE ELETRICIDADE DO AMAPA,235252,pos_2022,REN_1000
2023,11,equatorial,ceee_equatorial,CEEE Equatorial,COMPANHIA ESTADUAL DE DISTRIBUIÇÃO DE ENERGIA ELÉTRICA,CEEE Equatorial,COMPANHIA ESTADUAL DE DISTRIBUIÇÃO DE ENERGIA ELÉTRICA,CEEE Equatorial — COMPANHIA ESTADUAL DE DISTRIBUIÇÃO DE ENERGIA ELÉTRICA,1924967,pos_2022,REN_1000
2023,11,equatorial,equatorial_al,Equatorial AL,EQUATORIAL ALAGOAS DISTRIBUIDORA DE ENERGIA S.A.,Equatorial AL,EQUATORIAL ALAGOAS DISTRIBUIDORA DE ENERGIA S.A.,Equatorial AL — EQUATORIAL ALAGOAS DISTRIBUIDORA DE ENERGIA S.A.,1355344,pos_2022,REN_1000
2023,11,equatorial,equatorial_ma,Equatorial MA,EQUATORIAL MARANHÃO DISTRIBUIDORA DE ENERGIA S.A.,Equatorial MA,EQUATORIAL MARANHÃO DISTRIBUIDORA DE ENERGIA S.A.,Equatorial MA — EQUATORIAL MARANHÃO DISTRIBUIDORA DE ENERGIA S.A.,2759588,pos_2022,REN_1000
2023,11,equatorial,equatorial_pa,Equatorial PA,EQUATORIAL PARÁ DISTRIBUIDORA DE ENERGIA S.A.,Equatorial PA,EQUATORIAL PARÁ DISTRIBUIDORA DE ENERGIA S.A.,Equatorial PA — EQUATORIAL PARÁ DISTRIBUIDORA DE ENERGIA S.A.,3015892,pos_2022,REN_1000
2023,11,equatorial,equatorial_pi,Equatorial PI,EQUATORIAL PIAUÍ DISTRIBUIDORA DE ENERGIA S.A.,Equatorial PI,EQUATORIAL PIAUÍ DISTRIBUIDORA DE ENERGIA S.A.,Equatorial PI — EQUATORIAL PIAUÍ DISTRIBUIDORA DE ENERGIA S.A.,1501083,pos_2022,REN_1000
2023,11,forcel,forcel,Forcel,FORÇA E LUZ CORONEL VIVIDA LTDA,Forcel,FORÇA E LUZ CORONEL VIVIDA LTDA,Forcel — FORÇA E LUZ CORONEL VIVIDA LTDA,8669,pos_2022,REN_1000
2023,11,hidropan,hidropan,Hidropan,HIDROPAN DISTRIBUIÇÃO DE ENERGIA S.A.,Hidropan,HIDROPAN DISTRIBUIÇÃO DE ENERGIA S.A.,Hidropan — HIDROPAN DISTRIBUIÇÃO DE ENERGIA S.A.,20078,pos_2022,REN_1000
2023,11,joao,joao_cesa,João Cesa,EMPRESA FORÇA E LUZ JOÃO CESA LTDA.,João Cesa,EMPRESA FORÇA E LUZ JOÃO CESA LTDA.,João Cesa — EMPRESA FORÇA E LUZ JOÃO CESA LTDA.,3960,pos_2022,REN_1000
2023,11,light,light,Light,LIGHT SERVIÇOS DE ELETRICIDADE S.A.,Light,LIGHT SERVIÇOS DE ELETRICIDADE S.A.,Light — LIGHT SERVIÇOS DE ELETRICIDADE S.A.,4617150,pos_2022,REN_1000
2023,11,neoenergia,neoenergia_brasilia,Neoenergia Brasília,NEOENERGIA DISTRIBUIÇÃO BRASÍLIA S.A.,Neoenergia Brasília,NEOENERGIA DISTRIBUIÇÃO BRASÍLIA S.A.,Neoenergia Brasília — NEOENERGIA DISTRIBUIÇÃO BRASÍLIA S.A.,1180232,pos_2022,REN_1000
2023,11,neoenergia,neoenergia_coelba,Neoenergia Coelba,COMPANHIA DE ELETRICIDADE DO ESTADO DA BAHIA,Neoenergia Coelba,COMPANHIA DE ELETRICIDADE DO ESTADO DA BAHIA,Neoenergia Coelba — COMPANHIA DE ELETRICIDADE DO ESTADO DA BAHIA,6675473,pos_2022,REN_1000
2023,11,neoenergia,neoenergia_cosern,Neoenergia Cosern,COMPANHIA ENERGÉTICA DO RIO GRANDE DO NORTE,Neoenergia Cosern,COMPANHIA ENERGÉTICA DO RIO GRANDE DO NORTE,Neoenergia Cosern — COMPANHIA ENERGÉTICA DO RIO GRANDE DO NORTE,1586490,pos_2022,REN_1000
2023,11,neoenergia,neoenergia_elektro,Neoenergia Elektro,ELEKTRO REDES S.A.,Neoenergia Elektro,ELEKTRO REDES S.A.,Neoenergia Elektro — ELEKTRO REDES S.A.,2970623,pos_2022,REN_1000
2023,11,neoenergia,neoenergia_pernambuco,Neoenergia Pernambuco,COMPANHIA ENERGÉTICA DE PERNAMBUCO,Neoenergia Pernambuco,COMPANHIA ENERGÉTICA DE PERNAMBUCO,Neoenergia Pernambuco — COMPANHIA ENERGÉTICA DE PERNAMBUCO,4049287,pos_2022,REN_1000
2023,11,nova,nova_palma,Nova Palma,NOVA PALMA ENERGIA LTDA.,Nova Palma,NOVA PALMA ENERGIA LTDA.,Nova Palma — NOVA PALMA ENERGIA LTDA.,17271,pos_2022,REN_1000
2023,11,rge,rge,RGE,RGE SUL DISTRIBUIDORA DE ENERGIA S.A.,RGE,RGE SUL DISTRIBUIDORA DE ENERGIA S.A.,RGE — RGE SUL DISTRIBUIDORA DE ENERGIA S.A.,3099890,pos_2022,REN_1000
2023,11,roraima,roraima_energia,Roraima Energia,RORAIMA ENERGIA S.A.,Roraima Energia,RORAIMA ENERGIA S.A.,Roraima Energia — RORAIMA ENERGIA S.A.,214558,pos_2022,REN_1000
2023,11,santa,santa_maria,Santa Maria,EMPRESA LUZ E FORÇA SANTA MARIA S.A.,Santa Maria,EMPRESA LUZ E FORÇA SANTA MARIA S.A.,Santa Maria — EMPRESA LUZ E FORÇA SANTA MARIA S.A.,138444,pos_2022,REN_1000
2023,11,sulgipe,sulgipe,Sulgipe,COMPANHIA SUL SERGIPANA DE ELETRICIDADE,Sulgipe,COMPANHIA SUL SERGIPANA DE ELETRICIDADE,Sulgipe — COMPANHIA SUL SERGIPANA DE ELETRICIDADE,169604,pos_2022,REN_1000
2023,12,amazonas,amazonas_energia,Amazonas Energia,AMAZONAS ENERGIA S.A.,Amazonas Energia,AMAZONAS ENERGIA S.A.,Amazonas Energia — AMAZONAS ENERGIA S.A.,1164453,pos_2022,REN_1000
2023,12,castro_dis,castro_dis,Castro-Dis,COOPERATIVA DE DISTRIBUIÇÃO DE ENERGIA ELÉTRICA DE CASTRO,Castro-Dis,COOPERATIVA DE DISTRIBUIÇÃO DE ENERGIA ELÉTRICA DE CASTRO,Castro-Dis — COOPERATIVA DE DISTRIBUIÇÃO DE ENERGIA ELÉTRICA DE CASTRO,2354,pos_2022,REN_1000
2023,12,cedrap,cedrap,Cedrap,COOPERATIVA DE ELETRIFICAÇÃO DA REGIÃO DO ALTO DA PARAÍBA,Cedrap,COOPERATIVA DE ELETRIFICAÇÃO DA REGIÃO DO ALTO DA PARAÍBA,Cedrap — COOPERATIVA DE ELETRIFICAÇÃO DA REGIÃO DO ALTO DA PARAÍBA,7744,pos_2022,REN_1000
2023,12,cedri,cedri,Cedri,COOPERATIVA DE ELETRIFICAÇÃO E DISTRIBUIÇÃO DA REGIÃO DE ITARIRI,Cedri,COOPERATIVA DE ELETRIFICAÇÃO E DISTRIBUIÇÃO DA REGIÃO DE ITARIRI,Cedri — COOPERATIVA DE ELETRIFICAÇÃO E DISTRIBUIÇÃO DA REGIÃO DE ITARIRI,3026,pos_2022,REN_1000
2023,12,cegero,cegero,Cegero,COOPERATIVA DE ELETRICIDADE DE SÃO LUDGERO,Cegero,COOPERATIVA DE ELETRICIDADE DE SÃO LUDGERO,Cegero — COOPERATIVA DE ELETRICIDADE DE SÃO LUDGERO,6951,pos_2022,REN_1000
2023,12,cejama,cejama,Cejama,COOPERATIVA DE ELETRICIDADE JACINTO MACHADO,Cejama,COOPERATIVA DE ELETRICIDADE JACINTO MACHADO,Cejama — COOPERATIVA DE ELETRICIDADE JACINTO MACHADO,5698,pos_2022,REN_1000
2023,12,celetro,celetro,Celetro,COOPERATIVA DE ELETRIFICAÇÃO CENTRO JACUÍ LTDA.,Celetro,COOPERATIVA DE ELETRIFICAÇÃO CENTRO JACUÍ LTDA.,Celetro — COOPERATIVA DE ELETRIFICAÇÃO CENTRO JACUÍ LTDA.,24029,pos_2022,REN_1000
2023,12,cemig,cemig_d,Cemig-D,CEMIG DISTRIBUIÇÃO S.A.,Cemig-D,CEMIG DISTRIBUIÇÃO S.A.,Cemig-D — CEMIG DISTRIBUIÇÃO S.A.,10407904,pos_2022,REN_1000
2023,12,cemirim,cemirim,Cemirim,COOPERATIVA DE ELETRIFICAÇÃO E DESENVOLVIMENTO DA REGIÃO DE MOGI MIRIM,Cemirim,COOPERATIVA DE ELETRIFICAÇÃO E DESENVOLVIMENTO DA REGIÃO DE MOGI MIRIM,Cemirim — COOPERATIVA DE ELETRIFICAÇÃO E DESENVOLVIMENTO DA REGIÃO DE MOGI MIRIM,16894,pos_2022,REN_1000
2023,12,ceprag,ceprag,Ceprag,COOPERATIVA DE ELETRICIDADE PRAIA GRANDE,Ceprag,COOPERATIVA DE ELETRICIDADE PRAIA GRANDE,Ceprag — COOPERATIVA DE ELETRICIDADE PRAIA GRANDE,20931,pos_2022,REN_1000
2023,12,ceraca,ceraca,Ceraçá,COOPERATIVA DISTRIBUIDORA DE ENERGIA VALE DO ARAÇÁ,Ceraçá,COOPERATIVA DISTRIBUIDORA DE ENERGIA VALE DO ARAÇÁ,Ceraçá — COOPERATIVA DISTRIBUIDORA DE ENERGIA VALE DO ARAÇÁ,12832,pos_2022,REN_1000
2023,12,ceral,ceral_araruama,Ceral Araruama,COOPERATIVA DE ELETRIFICAÇÃO RURAL DE ARARUAMA,Ceral Araruama,COOPERATIVA DE ELETRIFICAÇÃO RURAL DE ARARUAMA,Ceral Araruama — COOPERATIVA DE ELETRIFICAÇÃO RURAL DE ARARUAMA,7610,pos_2022,REN_1000
2023,12,cerbranorte,cerbranorte,Cerbranorte,COOPERATIVA DE ELETRIFICAÇÃO DE BRAÇO DO NORTE,Cerbranorte,COOPERATIVA DE ELETRIFICAÇÃO DE BRAÇO DO NORTE,Cerbranorte — COOPERATIVA DE ELETRIFICAÇÃO DE BRAÇO DO NORTE,18058,pos_2022,REN_1000
2023,12,cerci,cerci,Cerci,COOPERATIVA DE ELETRIFICAÇÃO RURAL CACHOEIRAS- ITABORAÍ LTDA,Cerci,COOPERATIVA DE ELETRIFICAÇÃO RURAL CACHOEIRAS- ITABORAÍ LTDA,Cerci — COOPERATIVA DE ELETRIFICAÇÃO RURAL CACHOEIRAS- ITABORAÍ LTDA,17863,pos_2022,REN_1000
2023,12,cerej,cerej,Cerej,COOPERATIVA DE PRESTAÇÃO DE SERVIÇOS PÚBLICOS DE DISTRIBUIÇÃO DE ENERGIA ELÉTRICA SENADOR ESTEVES JÚNIOR,Cerej,COOPERATIVA DE PRESTAÇÃO DE SERVIÇOS PÚBLICOS DE DISTRIBUIÇÃO DE ENERGIA ELÉTRICA SENADOR ESTEVES JÚNIOR,Cerej — COOPERATIVA DE PRESTAÇÃO DE SERVIÇOS PÚBLICOS DE DISTRIBUIÇÃO DE ENERGIA ELÉTRICA SENADOR ESTEVES JÚNIOR,15686,pos_2022,REN_1000
2023,12,ceres,ceres,Ceres,COOPERATIVA DE ELETRIFICAÇÃO RURAL DE RESENDE LTDA.,Ceres,COOPERATIVA DE ELETRIFICAÇÃO RURAL DE RESENDE LTDA.,Ceres — COOPERATIVA DE ELETRIFICAÇÃO RURAL DE RESENDE LTDA.,5849,pos_2022,REN_1000
2023,12,cerfox,cerfox,Cerfox,COOPERATIVA DE DISTRIBUIÇÃO DE ENERGIA FONTOURA XAVIER,Cerfox,COOPERATIVA DE DISTRIBUIÇÃO DE ENERGIA FONTOURA XAVIER,Cerfox — COOPERATIVA DE DISTRIBUIÇÃO DE ENERGIA FONTOURA XAVIER,16116,pos_2022,REN_1000
2023,12,cergal,cergal,Cergal,COOPERATIVA DE ELETRIFICAÇÃO RURAL ANITA GARIBALDI LTDA,Cergal,COOPERATIVA DE ELETRIFICAÇÃO RURAL ANITA GARIBALDI LTDA,Cergal — COOPERATIVA DE ELETRIFICAÇÃO RURAL ANITA GARIBALDI LTDA,20504,pos_2022,REN_1000
2023,12,cergapa,cergapa,Cergapa,COOPERATIVA DE ELETRICIDADE DE GRÃO PARÁ,Cergapa,COOPERATIVA DE ELETRICIDADE DE GRÃO PARÁ,Cergapa — COOPERATIVA DE ELETRICIDADE DE GRÃO PARÁ,3992,pos_2022,REN_1000
2023,12,cergral,cergral,Cergral,COOPERATIVA DE ELETRICIDADE DE GRAVATAL,Cergral,COOPERATIVA DE ELETRICIDADE DE GRAVATAL,Cergral — COOPERATIVA DE ELETRICIDADE DE GRAVATAL,6924,pos_2022,REN_1000
2023,12,ceriluz,ceriluz,Ceriluz,COOPERATIVA REGIONAL DE ENERGIA E DESENVOLVIMENTO IJUÍ LTDA,Ceriluz,COOPERATIVA REGIONAL DE ENERGIA E DESENVOLVIMENTO IJUÍ LTDA,Ceriluz — COOPERATIVA REGIONAL DE ENERGIA E DESENVOLVIMENTO IJUÍ LTDA,15027,pos_2022,REN_1000
2023,12,cerim,cerim,Cerim,COOPERATIVA DE ELETRIFICAÇÃO E DESENVOLVIMENTO DA REGIÃO DE ITU-MAIRINQUE,Cerim,COOPERATIVA DE ELETRIFICAÇÃO E DESENVOLVIMENTO DA REGIÃO DE ITU-MAIRINQUE,Cerim — COOPERATIVA DE ELETRIFICAÇÃO E DESENVOLVIMENTO DA REGIÃO DE ITU-MAIRINQUE,15761,pos_2022,REN_1000
2023,12,ceripa,ceripa,Ceripa,COOPERATIVA DE ELETRIFICAÇÃO RURAL DE ITAÍ-PARANAPANEMA-AVARÉ,Ceripa,COOPERATIVA DE ELETRIFICAÇÃO RURAL DE ITAÍ-PARANAPANEMA-AVARÉ,Ceripa — COOPERATIVA DE ELETRIFICAÇÃO RURAL DE ITAÍ-PARANAPANEMA-AVARÉ,7649,pos_2022,REN_1000
2023,12,ceris,ceris,Ceris,COOPERATIVA DE ELETRIFICAÇÃO RURAL DA REGIÃO DE ITAPECERICA DA SERRA,Ceris,COOPERATIVA DE ELETRIFICAÇÃO RURAL DA REGIÃO DE ITAPECERICA DA SERRA,Ceris — COOPERATIVA DE ELETRIFICAÇÃO RURAL DA REGIÃO DE ITAPECERICA DA SERRA,7072,pos_2022,REN_1000
2023,12,cermc,cermc,Cermc,COOPERATIVA DE ELETRIFICAÇÃO E DESENVOLVIMENTO DA REGIÃO DE MOGI DAS CRUZES,Cermc,COOPERATIVA DE ELETRIFICAÇÃO E DESENVOLVIMENTO DA REGIÃO DE MOGI DAS CRUZES,Cermc — COOPERATIVA DE ELETRIFICAÇÃO E DESENVOLVIMENTO DA REGIÃO DE MOGI DAS CRUZES,3470,pos_2022,REN_1000
2023,12,cermissoes,cermissoes,Cermissões,COOPERATIVA DE DISTRIBUIÇÃO E GERAÇÃO DE ENERGIA DAS MISSÕES,Cermissões,COOPERATIVA DE DISTRIBUIÇÃO E GERAÇÃO DE ENERGIA DAS MISSÕES,Cermissões — COOPERATIVA DE DISTRIBUIÇÃO E GERAÇÃO DE ENERGIA DAS MISSÕES,28539,pos_2022,REN_1000
2023,12,cermoful,cermoful,Cermoful,COOPERATIVA FUMACENSE DE ELETRICIDADE,Cermoful,COOPERATIVA FUMACENSE DE ELETRICIDADE,Cermoful — COOPERATIVA FUMACENSE DE ELETRICIDADE,16264,pos_2022,REN_1000
2023,12,cernhe,cernhe,Cernhe,COOPERATIVA DE ELETRIFICAÇÃO E DESENVOLVIMENTO RURAL DA REGIÃO DE NOVO HORIZONTE,Cernhe,COOPERATIVA DE ELETRIFICAÇÃO E DESENVOLVIMENTO RURAL DA REGIÃO DE NOVO HORIZONTE,Cernhe — COOPERATIVA DE ELETRIFICAÇÃO E DESENVOLVIMENTO RURAL DA REGIÃO DE NOVO HORIZONTE,4735,pos_2022,REN_1000
2023,12,cerpalo,cerpalo,Cerpalo,COOPERATIVA DE ELETRIFICAÇÃO DE PAULO LOPES,Cerpalo,COOPERATIVA DE ELETRIFICAÇÃO DE PAULO LOPES,Cerpalo — COOPERATIVA DE ELETRIFICAÇÃO DE PAULO LOPES,16917,pos_2022,REN_1000
2023,12,cerpro,cerpro,Cerpro,COOPERATIVA DE ELETRIFICAÇÃO RURAL DA REGIÃO DE PROMISSÃO,Cerpro,COOPERATIVA DE ELETRIFICAÇÃO RURAL DA REGIÃO DE PROMISSÃO,Cerpro — COOPERATIVA DE ELETRIFICAÇÃO RURAL DA REGIÃO DE PROMISSÃO,2050,pos_2022,REN_1000
2023,12,cerrp,cerrp,Cerrp,COOPERATIVA DE ELETRIFICAÇÃO E DESENVOLVIMENTO DA REGIÃO DE SÃO JOSÉ DO RIO PRETO,Cerrp,COOPERATIVA DE ELETRIFICAÇÃO E DESENVOLVIMENTO DA REGIÃO DE SÃO JOSÉ DO RIO PRETO,Cerrp — COOPERATIVA DE ELETRIFICAÇÃO E DESENVOLVIMENTO DA REGIÃO DE SÃO JOSÉ DO RIO PRETO,3499,pos_2022,REN_1000
2023,12,cersad,cersad,Cersad,COOPERATIVA DE DISTRIBUIÇÃO DE ENERGIA ELÉTRICA SALTO DONNER,Cersad,COOPERATIVA DE DISTRIBUIÇÃO DE ENERGIA ELÉTRICA SALTO DONNER,Cersad — COOPERATIVA DE DISTRIBUIÇÃO DE ENERGIA ELÉTRICA SALTO DONNER,1394,pos_2022,REN_1000
2023,12,cersul,cersul,Cersul,COOPERATIVA DE DISTRIBUIÇÃOI DE ENERGIA,Cersul,COOPERATIVA DE DISTRIBUIÇÃOI DE ENERGIA,Cersul — COOPERATIVA DE DISTRIBUIÇÃOI DE ENERGIA,18691,pos_2022,REN_1000
2023,12,certaja,certaja_energia,Certaja Energia,COOPERATIVA REGIONAL DE ENERGIA TAQUARI JACUÍ,Certaja Energia,COOPERATIVA REGIONAL DE ENERGIA TAQUARI JACUÍ,Certaja Energia — COOPERATIVA REGIONAL DE ENERGIA TAQUARI JACUÍ,26572,pos_2022,REN_1000
2023,12,certel,certel_energia,Certel Energia,COOPERATIVA DE DISTRIBUIÇÃO DE ENERGIA TEUTÔNIA,Certel Energia,COOPERATIVA DE DISTRIBUIÇÃO DE ENERGIA TEUTÔNIA,Certel Energia — COOPERATIVA DE DISTRIBUIÇÃO DE ENERGIA TEUTÔNIA,74074,pos_2022,REN_1000
2023,12,certrel,certrel,Certrel,COOPERATIVA DE ENERGIA TREVISO,Certrel,COOPERATIVA DE ENERGIA TREVISO,Certrel — COOPERATIVA DE ENERGIA TREVISO,4704,pos_2022,REN_1000
2023,12,cervam,cervam,Cervam,COOPERATIVA DE ENERGIZAÇÃO E DE DESENVOLVIMENTO DO VALE DO MOGI,Cervam,COOPERATIVA DE ENERGIZAÇÃO E DE DESENVOLVIMENTO DO VALE DO MOGI,Cervam — COOPERATIVA DE ENERGIZAÇÃO E DE DESENVOLVIMENTO DO VALE DO MOGI,4597,pos_2022,REN_1000
2023,12,cetril,cetril,Cetril,COOPERATIVA DE ELETRIFICAÇÃO DE IBIÚNA E REGIÃO,Cetril,COOPERATIVA DE ELETRIFICAÇÃO DE IBIÚNA E REGIÃO,Cetril — COOPERATIVA DE ELETRIFICAÇÃO DE IBIÚNA E REGIÃO,32467,pos_2022,REN_1000
2023,12,chesp,chesp,Chesp,COMPANHIA HIDROELÉTRICA SÃO PATRÍCIO,Chesp,COMPANHIA HIDROELÉTRICA SÃO PATRÍCIO,Chesp — COMPANHIA HIDROELÉTRICA SÃO PATRÍCIO,16517,pos_2022,REN_1000
2023,12,cocel,cocel,Cocel,COMPANHIA CAMPOLARGUENSE DE ENERGIA,Cocel,COMPANHIA CAMPOLARGUENSE DE ENERGIA,Cocel — COMPANHIA CAMPOLARGUENSE DE ENERGIA,59637,pos_2022,REN_1000
2023,12,coopera,coopera,Coopera,COOPERATIVA PIONEIRA DE ELETRIFICAÇÃO,Coopera,COOPERATIVA PIONEIRA DE ELETRIFICAÇÃO,Coopera — COOPERATIVA PIONEIRA DE ELETRIFICAÇÃO,27545,pos_2022,REN_1000
2023,12,cooperalianca,cooperalianca,Cooperaliança,COOPERATIVA ALIANÇA,Cooperaliança,COOPERATIVA ALIANÇA,Cooperaliança — COOPERATIVA ALIANÇA,44401,pos_2022,REN_1000
2023,12,coopercocal,coopercocal,Coopercocal,COOPERATIVA ENERGÉTICA COCAL,Coopercocal,COOPERATIVA ENERGÉTICA COCAL,Coopercocal — COOPERATIVA ENERGÉTICA COCAL,11878,pos_2022,REN_1000
2023,12,cooperluz,cooperluz,Cooperluz,COOPERATIVA DISTRIBUIDORA DE ENERGIA FRONTEIRA NOROESTE,Cooperluz,COOPERATIVA DISTRIBUIDORA DE ENERGIA FRONTEIRA NOROESTE,Cooperluz — COOPERATIVA DISTRIBUIDORA DE ENERGIA FRONTEIRA NOROESTE,17131,pos_2022,REN_1000
2023,12,coopermila,coopermila,Coopermila,COOPERATIVA DE ELETRIFICAÇÃO LAURO MÜLLER,Coopermila,COOPERATIVA DE ELETRIFICAÇÃO LAURO MÜLLER,Coopermila — COOPERATIVA DE ELETRIFICAÇÃO LAURO MÜLLER,1384,pos_2022,REN_1000
2023,12,coopernorte,coopernorte,Coopernorte,COOPERATIVA REGIONAL DE DISTRIBUIÇÃO DE ENERGIA DO LITORAL NORTE,Coopernorte,COOPERATIVA REGIONAL DE DISTRIBUIÇÃO DE ENERGIA DO LITORAL NORTE,Coopernorte — COOPERATIVA REGIONAL DE DISTRIBUIÇÃO DE ENERGIA DO LITORAL NORTE,7030,pos_2022,REN_1000
2023,12,coopersul,coopersul,Coopersul,COOPERATIVA REGIONAL DE ELETRIFICAÇÃO RURAL FRONTEIRA SUL LTDA,Coopersul,COOPERATIVA REGIONAL DE ELETRIFICAÇÃO RURAL FRONTEIRA SUL LTDA,Coopersul — COOPERATIVA REGIONAL DE ELETRIFICAÇÃO RURAL FRONTEIRA SUL LTDA,5763,pos_2022,REN_1000
2023,12,cooperzem,cooperzem,Cooperzem,COOPERZEM COOPERATIVA DE DISTRIBUIÇÃO DE ENERGIA ELÉTRICA,Cooperzem,COOPERZEM COOPERATIVA DE DISTRIBUIÇÃO DE ENERGIA ELÉTRICA,Cooperzem — COOPERZEM COOPERATIVA DE DISTRIBUIÇÃO DE ENERGIA ELÉTRICA,8812,pos_2022,REN_1000
2023,12,coorsel,coorsel,Coorsel,COOPERATIVA REGIONAL SUL DE ELETRIFICAÇÃO RURAL,Coorsel,COOPERATIVA REGIONAL SUL DE ELETRIFICAÇÃO RURAL,Coorsel — COOPERATIVA REGIONAL SUL DE ELETRIFICAÇÃO RURAL,9414,pos_2022,REN_1000
2023,12,copel,copel_dis,Copel-Dis,COPEL DISTRIBUIÇÃO S.A.,Copel-Dis,COPEL DISTRIBUIÇÃO S.A.,Copel-Dis — COPEL DISTRIBUIÇÃO S.A.,5214193,pos_2022,REN_1000
2023,12,cpfl,cpfl_paulista,CPFL Paulista,COMPANHIA PAULISTA DE FORÇA E LUZ,CPFL Paulista,COMPANHIA PAULISTA DE FORÇA E LUZ,CPFL Paulista — COMPANHIA PAULISTA DE FORÇA E LUZ,4951689,pos_2022,REN_1000
2023,12,cpfl,cpfl_piratininga,CPFL Piratininga,COMPANHIA PIRATININGA DE FORÇA E LUZ,CPFL Piratininga,COMPANHIA PIRATININGA DE FORÇA E LUZ,CPFL Piratininga — COMPANHIA PIRATININGA DE FORÇA E LUZ,1942178,pos_2022,REN_1000
2023,12,cpfl,cpfl_santa_cruz,CPFL Santa Cruz,COMPANHIA JAGUARI DE ENERGIA - CPFL SANTA CRUZ,CPFL Santa Cruz,COMPANHIA JAGUARI DE ENERGIA - CPFL SANTA CRUZ,CPFL Santa Cruz — COMPANHIA JAGUARI DE ENERGIA - CPFL SANTA CRUZ,504142,pos_2022,REN_1000
2023,12,creluz_d,creluz_d,Creluz-D,COOPERATIVA DE DISTRIBUIÇÃO DE ENERGIA,Creluz-D,COOPERATIVA DE DISTRIBUIÇÃO DE ENERGIA,Creluz-D — COOPERATIVA DE DISTRIBUIÇÃO DE ENERGIA,25305,pos_2022,REN_1000
2023,12,creral,creral,Creral,COOPERATIVA REGIONAL DE ELETRIFICAÇÃO RURAL DO ALTO URUGUAI,Creral,COOPERATIVA REGIONAL DE ELETRIFICAÇÃO RURAL DO ALTO URUGUAI,Creral — COOPERATIVA REGIONAL DE ELETRIFICAÇÃO RURAL DO ALTO URUGUAI,8003,pos_2022,REN_1000
2023,12,dcelt,dcelt,Dcelt,DISTRIBUIDORA CATARINENSE DE ENERGIA ELÉTRICA S/A.,Dcelt,DISTRIBUIDORA CATARINENSE DE ENERGIA ELÉTRICA S/A.,Dcelt — DISTRIBUIDORA CATARINENSE DE ENERGIA ELÉTRICA S/A.,40829,pos_2022,REN_1000
2023,12,demei,demei,Demei,DEPARTAMENTO MUNICIPAL DE ENERGIA DE IJUÍ,Demei,DEPARTAMENTO MUNICIPAL DE ENERGIA DE IJUÍ,Demei — DEPARTAMENTO MUNICIPAL DE ENERGIA DE IJUÍ,36260,pos_2022,REN_1000
2023,12,dmed,dmed,Dmed,DME DISTRIBUIÇÃO S.A.,Dmed,DME DISTRIBUIÇÃO S.A.,Dmed — DME DISTRIBUIÇÃO S.A.,88541,pos_2022,REN_1000
2023,12,edp,edp_es,EDP ES,EDP ESPÍRITO SANTO DISTRIBUIÇÃO DE ENERGIA S.A.,EDP ES,EDP ESPÍRITO SANTO DISTRIBUIÇÃO DE ENERGIA S.A.,EDP ES — EDP ESPÍRITO SANTO DISTRIBUIÇÃO DE ENERGIA S.A.,1796699,pos_2022,REN_1000
2023,12,edp,edp_sp,EDP SP,EDP SÃO PAULO DISTRIBUIÇÃO DE ENERGIA S.A.,EDP SP,EDP SÃO PAULO DISTRIBUIÇÃO DE ENERGIA S.A.,EDP SP — EDP SÃO PAULO DISTRIBUIÇÃO DE ENERGIA S.A.,2259427,pos_2022,REN_1000
2023,12,eflul,eflul,Eflul,EMPRESA FORÇA E LUZ DE URUSSANGA LTDA.,Eflul,EMPRESA FORÇA E LUZ DE URUSSANGA LTDA.,Eflul — EMPRESA FORÇA E LUZ DE URUSSANGA LTDA.,7572,pos_2022,REN_1000
2023,12,eletrocar,eletrocar,Eletrocar,CENTRAIS ELÉTRICAS DE CARAZINHO S.A.,Eletrocar,CENTRAIS ELÉTRICAS DE CARAZINHO S.A.,Eletrocar — CENTRAIS ELÉTRICAS DE CARAZINHO S.A.,39980,pos_2022,REN_1000
2023,12,enel,enel_ce,Enel CE,COMPANHIA ENERGÉTICA DO CEARÁ,Enel CE,COMPANHIA ENERGÉTICA DO CEARÁ,Enel CE — COMPANHIA ENERGÉTICA DO CEARÁ,4187989,pos_2022,REN_1000
2023,12,enel,enel_go,Enel GO,CELG DISTRIBUIÇÃO S.A.,Enel GO,CELG DISTRIBUIÇÃO S.A.,Enel GO — CELG DISTRIBUIÇÃO S.A.,3445134,pos_2022,REN_1000
2023,12,enel,enel_rj,Enel RJ,AMPLA ENERGIA E SERVIÇOS S.A.,Enel RJ,AMPLA ENERGIA E SERVIÇOS S.A.,Enel RJ — AMPLA ENERGIA E SERVIÇOS S.A.,3084369,pos_2022,REN_1000
2023,12,enel,enel_sp,Enel SP,ELETROPAULO METROPOLITANA ELETRICIDADE DE SÃO PAULO S.A.,Enel SP,ELETROPAULO METROPOLITANA ELETRICIDADE DE SÃO PAULO S.A.,Enel SP — ELETROPAULO METROPOLITANA ELETRICIDADE DE SÃO PAULO S.A.,8381435,pos_2022,REN_1000
2023,12,energisa,energisa_ac,Energisa AC,ENERGISA ACRE - DISTRIBUIDORA DE ENERGIA S.A.,Energisa AC,ENERGISA ACRE - DISTRIBUIDORA DE ENERGIA S.A.,Energisa AC — ENERGISA ACRE - DISTRIBUIDORA DE ENERGIA S.A.,291986,pos_2022,REN_1000
2023,12,energisa,energisa_minas_rio,Energisa Minas Rio,ENERGISA MINAS RIO - DISTRIBUIDORA DE ENERGIA S.A.,Energisa Minas Rio,ENERGISA MINAS RIO - DISTRIBUIDORA DE ENERGIA S.A.,Energisa Minas Rio — ENERGISA MINAS RIO - DISTRIBUIDORA DE ENERGIA S.A.,599030,pos_2022,REN_1000
2023,12,energisa,energisa_ms,Energisa MS,ENERGISA MATO GROSSO DO SUL DISTRIBUIDORA DE ENERGIA S.A.,Energisa MS,ENERGISA MATO GROSSO DO SUL DISTRIBUIDORA DE ENERGIA S.A.,Energisa MS — ENERGISA MATO GROSSO DO SUL DISTRIBUIDORA DE ENERGIA S.A.,1119829,pos_2022,REN_1000
2023,12,energisa,energisa_mt,Energisa MT,ENERGISA MATO GROSSO DISTRIBUIDORA DE ENERGIA S.A.,Energisa MT,ENERGISA MATO GROSSO DISTRIBUIDORA DE ENERGIA S.A.,Energisa MT — ENERGISA MATO GROSSO DISTRIBUIDORA DE ENERGIA S.A.,1619692,pos_2022,REN_1000
2023,12,energisa,energisa_pb,Energisa PB,ENERGISA PARAÍBA DISTRIBUIDORA DE ENERGIA S.A.,Energisa PB,ENERGISA PARAÍBA DISTRIBUIDORA DE ENERGIA S.A.,Energisa PB — ENERGISA PARAÍBA DISTRIBUIDORA DE ENERGIA S.A.,1811437,pos_2022,REN_1000
2023,12,energisa,energisa_ro,Energisa RO,ENERGISA RONDÔNIA DISTRIBUIDORA DE ENERGIA S.A.,Energisa RO,ENERGISA RONDÔNIA DISTRIBUIDORA DE ENERGIA S.A.,Energisa RO — ENERGISA RONDÔNIA DISTRIBUIDORA DE ENERGIA S.A.,694216,pos_2022,REN_1000
2023,12,energisa,energisa_se,Energisa SE,ENERGISA SERGIPE DISTRIBUIDORA DE ENERGIA S.A.,Energisa SE,ENERGISA SERGIPE DISTRIBUIDORA DE ENERGIA S.A.,Energisa SE — ENERGISA SERGIPE DISTRIBUIDORA DE ENERGIA S.A.,862399,pos_2022,REN_1000
2023,12,energisa,energisa_sul_sudeste,Energisa Sul-Sudeste,ENERGISA SUL-SUDESTE DISTRIBUIDORA DE ENERGIA S.A.,Energisa Sul-Sudeste,ENERGISA SUL-SUDESTE DISTRIBUIDORA DE ENERGIA S.A.,Energisa Sul-Sudeste — ENERGISA SUL-SUDESTE DISTRIBUIDORA DE ENERGIA S.A.,864757,pos_2022,REN_1000
2023,12,energisa,energisa_to,Energisa TO,ENERGISA TOCANTINS DISTRIBUIDORA DE ENERGIA S.A.,Energisa TO,ENERGISA TOCANTINS DISTRIBUIDORA DE ENERGIA S.A.,Energisa TO — ENERGISA TOCANTINS DISTRIBUIDORA DE ENERGIA S.A.,660915,pos_2022,REN_1000
2023,12,equatorial,cea_equatorial,CEA Equatorial,COMPANHIA DE ELETRICIDADE DO AMAPA,CEA Equatorial,COMPANHIA DE ELETRICIDADE DO AMAPA,CEA Equatorial — COMPANHIA DE ELETRICIDADE DO AMAPA,239091,pos_2022,REN_1000
2023,12,equatorial,ceee_equatorial,CEEE Equatorial,COMPANHIA ESTADUAL DE DISTRIBUIÇÃO DE ENERGIA ELÉTRICA,CEEE Equatorial,COMPANHIA ESTADUAL DE DISTRIBUIÇÃO DE ENERGIA ELÉTRICA,CEEE Equatorial — COMPANHIA ESTADUAL DE DISTRIBUIÇÃO DE ENERGIA ELÉTRICA,1930740,pos_2022,REN_1000
2023,12,equatorial,equatorial_al,Equatorial AL,EQUATORIAL ALAGOAS DISTRIBUIDORA DE ENERGIA S.A.,Equatorial AL,EQUATORIAL ALAGOAS DISTRIBUIDORA DE ENERGIA S.A.,Equatorial AL — EQUATORIAL ALAGOAS DISTRIBUIDORA DE ENERGIA S.A.,1358106,pos_2022,REN_1000
2023,12,equatorial,equatorial_ma,Equatorial MA,EQUATORIAL MARANHÃO DISTRIBUIDORA DE ENERGIA S.A.,Equatorial MA,EQUATORIAL MARANHÃO DISTRIBUIDORA DE ENERGIA S.A.,Equatorial MA — EQUATORIAL MARANHÃO DISTRIBUIDORA DE ENERGIA S.A.,2762365,pos_2022,REN_1000
2023,12,equatorial,equatorial_pa,Equatorial PA,EQUATORIAL PARÁ DISTRIBUIDORA DE ENERGIA S.A.,Equatorial PA,EQUATORIAL PARÁ DISTRIBUIDORA DE ENERGIA S.A.,Equatorial PA — EQUATORIAL PARÁ DISTRIBUIDORA DE ENERGIA S.A.,3020869,pos_2022,REN_1000
2023,12,equatorial,equatorial_pi,Equatorial PI,EQUATORIAL PIAUÍ DISTRIBUIDORA DE ENERGIA S.A.,Equatorial PI,EQUATORIAL PIAUÍ DISTRIBUIDORA DE ENERGIA S.A.,Equatorial PI — EQUATORIAL PIAUÍ DISTRIBUIDORA DE ENERGIA S.A.,1504018,pos_2022,REN_1000
2023,12,forcel,forcel,Forcel,FORÇA E LUZ CORONEL VIVIDA LTDA,Forcel,FORÇA E LUZ CORONEL VIVIDA LTDA,Forcel — FORÇA E LUZ CORONEL VIVIDA LTDA,8667,pos_2022,REN_1000
2023,12,hidropan,hidropan,Hidropan,HIDROPAN DISTRIBUIÇÃO DE ENERGIA S.A.,Hidropan,HIDROPAN DISTRIBUIÇÃO DE ENERGIA S.A.,Hidropan — HIDROPAN DISTRIBUIÇÃO DE ENERGIA S.A.,20102,pos_2022,REN_1000
2023,12,joao,joao_cesa,João Cesa,EMPRESA FORÇA E LUZ JOÃO CESA LTDA.,João Cesa,EMPRESA FORÇA E LUZ JOÃO CESA LTDA.,João Cesa — EMPRESA FORÇA E LUZ JOÃO CESA LTDA.,3960,pos_2022,REN_1000
2023,12,light,light,Light,LIGHT SERVIÇOS DE ELETRICIDADE S.A.,Light,LIGHT SERVIÇOS DE ELETRICIDADE S.A.,Light — LIGHT SERVIÇOS DE ELETRICIDADE S.A.,4607469,pos_2022,REN_1000
2023,12,mux,mux_energia,Mux Energia,"MUXFELDT, MARIN & CIA LTDA",Mux Energia,"MUXFELDT, MARIN & CIA LTDA","Mux Energia — MUXFELDT, MARIN & CIA LTDA",12811,pos_2022,REN_1000
2023,12,neoenergia,neoenergia_brasilia,Neoenergia Brasília,NEOENERGIA DISTRIBUIÇÃO BRASÍLIA S.A.,Neoenergia Brasília,NEOENERGIA DISTRIBUIÇÃO BRASÍLIA S.A.,Neoenergia Brasília — NEOENERGIA DISTRIBUIÇÃO BRASÍLIA S.A.,1180271,pos_2022,REN_1000
2023,12,neoenergia,neoenergia_coelba,Neoenergia Coelba,COMPANHIA DE ELETRICIDADE DO ESTADO DA BAHIA,Neoenergia Coelba,COMPANHIA DE ELETRICIDADE DO ESTADO DA BAHIA,Neoenergia Coelba — COMPANHIA DE ELETRICIDADE DO ESTADO DA BAHIA,6687174,pos_2022,REN_1000
2023,12,neoenergia,neoenergia_cosern,Neoenergia Cosern,COMPANHIA ENERGÉTICA DO RIO GRANDE DO NORTE,Neoenergia Cosern,COMPANHIA ENERGÉTICA DO RIO GRANDE DO NORTE,Neoenergia Cosern — COMPANHIA ENERGÉTICA DO RIO GRANDE DO NORTE,1588988,pos_2022,REN_1000
2023,12,neoenergia,neoenergia_elektro,Neoenergia Elektro,ELEKTRO REDES S.A.,Neoenergia Elektro,ELEKTRO REDES S.A.,Neoenergia Elektro — ELEKTRO REDES S.A.,2976605,pos_2022,REN_1000
2023,12,neoenergia,neoenergia_pernambuco,Neoenergia Pernambuco,COMPANHIA ENERGÉTICA DE PERNAMBUCO,Neoenergia Pernambuco,COMPANHIA ENERGÉTICA DE PERNAMBUCO,Neoenergia Pernambuco — COMPANHIA ENERGÉTICA DE PERNAMBUCO,4056283,pos_2022,REN_1000
2023,12,nova,nova_palma,Nova Palma,NOVA PALMA ENERGIA LTDA.,Nova Palma,NOVA PALMA ENERGIA LTDA.,Nova Palma — NOVA PALMA ENERGIA LTDA.,17301,pos_2022,REN_1000
2023,12,rge,rge,RGE,RGE SUL DISTRIBUIDORA DE ENERGIA S.A.,RGE,RGE SUL DISTRIBUIDORA DE ENERGIA S.A.,RGE — RGE SUL DISTRIBUIDORA DE ENERGIA S.A.,3102975,pos_2022,REN_1000
2023,12,roraima,roraima_energia,Roraima Energia,RORAIMA ENERGIA S.A.,Roraima Energia,RORAIMA ENERGIA S.A.,Roraima Energia — RORAIMA ENERGIA S.A.,215451,pos_2022,REN_1000
2023,12,santa,santa_maria,Santa Maria,EMPRESA LUZ E FORÇA SANTA MARIA S.A.,Santa Maria,EMPRESA LUZ E FORÇA SANTA MARIA S.A.,Santa Maria — EMPRESA LUZ E FORÇA SANTA MARIA S.A.,138738,pos_2022,REN_1000
2023,12,sulgipe,sulgipe,Sulgipe,COMPANHIA SUL SERGIPANA DE ELETRICIDADE,Sulgipe,COMPANHIA SUL SERGIPANA DE ELETRICIDADE,Sulgipe — COMPANHIA SUL SERGIPANA DE ELETRICIDADE,168056,pos_2022,REN_1000
2024,1,amazonas,amazonas_energia,Amazonas Energia,AMAZONAS ENERGIA S.A.,Amazonas Energia,AMAZONAS ENERGIA S.A.,Amazonas Energia — AMAZONAS ENERGIA S.A.,1166699,pos_2022,REN_1000
2024,1,cegero,cegero,Cegero,COOPERATIVA DE ELETRICIDADE DE SÃO LUDGERO,Cegero,COOPERATIVA DE ELETRICIDADE DE SÃO LUDGERO,Cegero — COOPERATIVA DE ELETRICIDADE DE SÃO LUDGERO,6972,pos_2022,REN_1000
2024,1,celetro,celetro,Celetro,COOPERATIVA DE ELETRIFICAÇÃO CENTRO JACUÍ LTDA.,Celetro,COOPERATIVA DE ELETRIFICAÇÃO CENTRO JACUÍ LTDA.,Celetro — COOPERATIVA DE ELETRIFICAÇÃO CENTRO JACUÍ LTDA.,24050,pos_2022,REN_1000
2024,1,cemig,cemig_d,Cemig-D,CEMIG DISTRIBUIÇÃO S.A.,Cemig-D,CEMIG DISTRIBUIÇÃO S.A.,Cemig-D — CEMIG DISTRIBUIÇÃO S.A.,10390137,pos_2022,REN_1000
2024,1,cemirim,cemirim,Cemirim,COOPERATIVA DE ELETRIFICAÇÃO E DESENVOLVIMENTO DA REGIÃO DE MOGI MIRIM,Cemirim,COOPERATIVA DE ELETRIFICAÇÃO E DESENVOLVIMENTO DA REGIÃO DE MOGI MIRIM,Cemirim — COOPERATIVA DE ELETRIFICAÇÃO E DESENVOLVIMENTO DA REGIÃO DE MOGI MIRIM,16935,pos_2022,REN_1000
2024,1,ceprag,ceprag,Ceprag,COOPERATIVA DE ELETRICIDADE PRAIA GRANDE,Ceprag,COOPERATIVA DE ELETRICIDADE PRAIA GRANDE,Ceprag — COOPERATIVA DE ELETRICIDADE PRAIA GRANDE,21063,pos_2022,REN_1000
2024,1,ceraca,ceraca,Ceraçá,COOPERATIVA DISTRIBUIDORA DE ENERGIA VALE DO ARAÇÁ,Ceraçá,COOPERATIVA DISTRIBUIDORA DE ENERGIA VALE DO ARAÇÁ,Ceraçá — COOPERATIVA DISTRIBUIDORA DE ENERGIA VALE DO ARAÇÁ,12845,pos_2022,REN_1000
2024,1,ceral,ceral_araruama,Ceral Araruama,COOPERATIVA DE ELETRIFICAÇÃO RURAL DE ARARUAMA,Ceral Araruama,COOPERATIVA DE ELETRIFICAÇÃO RURAL DE ARARUAMA,Ceral Araruama — COOPERATIVA DE ELETRIFICAÇÃO RURAL DE ARARUAMA,7639,pos_2022,REN_1000
2024,1,ceres,ceres,Ceres,COOPERATIVA DE ELETRIFICAÇÃO RURAL DE RESENDE LTDA.,Ceres,COOPERATIVA DE ELETRIFICAÇÃO RURAL DE RESENDE LTDA.,Ceres — COOPERATIVA DE ELETRIFICAÇÃO RURAL DE RESENDE LTDA.,5870,pos_2022,REN_1000
2024,1,cergal,cergal,Cergal,COOPERATIVA DE ELETRIFICAÇÃO RURAL ANITA GARIBALDI LTDA,Cergal,COOPERATIVA DE ELETRIFICAÇÃO RURAL ANITA GARIBALDI LTDA,Cergal — COOPERATIVA DE ELETRIFICAÇÃO RURAL ANITA GARIBALDI LTDA,20522,pos_2022,REN_1000
2024,1,cergapa,cergapa,Cergapa,COOPERATIVA DE ELETRICIDADE DE GRÃO PARÁ,Cergapa,COOPERATIVA DE ELETRICIDADE DE GRÃO PARÁ,Cergapa — COOPERATIVA DE ELETRICIDADE DE GRÃO PARÁ,3989,pos_2022,REN_1000
2024,1,cergral,cergral,Cergral,COOPERATIVA DE ELETRICIDADE DE GRAVATAL,Cergral,COOPERATIVA DE ELETRICIDADE DE GRAVATAL,Cergral — COOPERATIVA DE ELETRICIDADE DE GRAVATAL,6890,pos_2022,REN_1000
2024,1,ceriluz,ceriluz,Ceriluz,COOPERATIVA REGIONAL DE ENERGIA E DESENVOLVIMENTO IJUÍ LTDA,Ceriluz,COOPERATIVA REGIONAL DE ENERGIA E DESENVOLVIMENTO IJUÍ LTDA,Ceriluz — COOPERATIVA REGIONAL DE ENERGIA E DESENVOLVIMENTO IJUÍ LTDA,15028,pos_2022,REN_1000
2024,1,cerim,cerim,Cerim,COOPERATIVA DE ELETRIFICAÇÃO E DESENVOLVIMENTO DA REGIÃO DE ITU-MAIRINQUE,Cerim,COOPERATIVA DE ELETRIFICAÇÃO E DESENVOLVIMENTO DA REGIÃO DE ITU-MAIRINQUE,Cerim — COOPERATIVA DE ELETRIFICAÇÃO E DESENVOLVIMENTO DA REGIÃO DE ITU-MAIRINQUE,15787,pos_2022,REN_1000
2024,1,ceris,ceris,Ceris,COOPERATIVA DE ELETRIFICAÇÃO RURAL DA REGIÃO DE ITAPECERICA DA SERRA,Ceris,COOPERATIVA DE ELETRIFICAÇÃO RURAL DA REGIÃO DE ITAPECERICA DA SERRA,Ceris — COOPERATIVA DE ELETRIFICAÇÃO RURAL DA REGIÃO DE ITAPECERICA DA SERRA,7085,pos_2022,REN_1000
2024,1,cerpalo,cerpalo,Cerpalo,COOPERATIVA DE ELETRIFICAÇÃO DE PAULO LOPES,Cerpalo,COOPERATIVA DE ELETRIFICAÇÃO DE PAULO LOPES,Cerpalo — COOPERATIVA DE ELETRIFICAÇÃO DE PAULO LOPES,16931,pos_2022,REN_1000
2024,1,cerpro,cerpro,Cerpro,COOPERATIVA DE ELETRIFICAÇÃO RURAL DA REGIÃO DE PROMISSÃO,Cerpro,COOPERATIVA DE ELETRIFICAÇÃO RURAL DA REGIÃO DE PROMISSÃO,Cerpro — COOPERATIVA DE ELETRIFICAÇÃO RURAL DA REGIÃO DE PROMISSÃO,2052,pos_2022,REN_1000
2024,1,cerrp,cerrp,Cerrp,COOPERATIVA DE ELETRIFICAÇÃO E DESENVOLVIMENTO DA REGIÃO DE SÃO JOSÉ DO RIO PRETO,Cerrp,COOPERATIVA DE ELETRIFICAÇÃO E DESENVOLVIMENTO DA REGIÃO DE SÃO JOSÉ DO RIO PRETO,Cerrp — COOPERATIVA DE ELETRIFICAÇÃO E DESENVOLVIMENTO DA REGIÃO DE SÃO JOSÉ DO RIO PRETO,3504,pos_2022,REN_1000
2024,1,cersad,cersad,Cersad,COOPERATIVA DE DISTRIBUIÇÃO DE ENERGIA ELÉTRICA SALTO DONNER,Cersad,COOPERATIVA DE DISTRIBUIÇÃO DE ENERGIA ELÉTRICA SALTO DONNER,Cersad — COOPERATIVA DE DISTRIBUIÇÃO DE ENERGIA ELÉTRICA SALTO DONNER,1394,pos_2022,REN_1000
2024,1,cersul,cersul,Cersul,COOPERATIVA DE DISTRIBUIÇÃOI DE ENERGIA,Cersul,COOPERATIVA DE DISTRIBUIÇÃOI DE ENERGIA,Cersul — COOPERATIVA DE DISTRIBUIÇÃOI DE ENERGIA,18638,pos_2022,REN_1000
2024,1,certel,certel_energia,Certel Energia,COOPERATIVA DE DISTRIBUIÇÃO DE ENERGIA TEUTÔNIA,Certel Energia,COOPERATIVA DE DISTRIBUIÇÃO DE ENERGIA TEUTÔNIA,Certel Energia — COOPERATIVA DE DISTRIBUIÇÃO DE ENERGIA TEUTÔNIA,74189,pos_2022,REN_1000
2024,1,certrel,certrel,Certrel,COOPERATIVA DE ENERGIA TREVISO,Certrel,COOPERATIVA DE ENERGIA TREVISO,Certrel — COOPERATIVA DE ENERGIA TREVISO,4709,pos_2022,REN_1000
2024,1,cervam,cervam,Cervam,COOPERATIVA DE ENERGIZAÇÃO E DE DESENVOLVIMENTO DO VALE DO MOGI,Cervam,COOPERATIVA DE ENERGIZAÇÃO E DE DESENVOLVIMENTO DO VALE DO MOGI,Cervam — COOPERATIVA DE ENERGIZAÇÃO E DE DESENVOLVIMENTO DO VALE DO MOGI,4612,pos_2022,REN_1000
2024,1,cetril,cetril,Cetril,COOPERATIVA DE ELETRIFICAÇÃO DE IBIÚNA E REGIÃO,Cetril,COOPERATIVA DE ELETRIFICAÇÃO DE IBIÚNA E REGIÃO,Cetril — COOPERATIVA DE ELETRIFICAÇÃO DE IBIÚNA E REGIÃO,32577,pos_2022,REN_1000
2024,1,chesp,chesp,Chesp,COMPANHIA HIDROELÉTRICA SÃO PATRÍCIO,Chesp,COMPANHIA HIDROELÉTRICA SÃO PATRÍCIO,Chesp — COMPANHIA HIDROELÉTRICA SÃO PATRÍCIO,16529,pos_2022,REN_1000
2024,1,cocel,cocel,Cocel,COMPANHIA CAMPOLARGUENSE DE ENERGIA,Cocel,COMPANHIA CAMPOLARGUENSE DE ENERGIA,Cocel — COMPANHIA CAMPOLARGUENSE DE ENERGIA,59685,pos_2022,REN_1000
2024,1,cooperalianca,cooperalianca,Cooperaliança,COOPERATIVA ALIANÇA,Cooperaliança,COOPERATIVA ALIANÇA,Cooperaliança — COOPERATIVA ALIANÇA,44487,pos_2022,REN_1000
2024,1,coopercocal,coopercocal,Coopercocal,COOPERATIVA ENERGÉTICA COCAL,Coopercocal,COOPERATIVA ENERGÉTICA COCAL,Coopercocal — COOPERATIVA ENERGÉTICA COCAL,11893,pos_2022,REN_1000
2024,1,cooperluz,cooperluz,Cooperluz,COOPERATIVA DISTRIBUIDORA DE ENERGIA FRONTEIRA NOROESTE,Cooperluz,COOPERATIVA DISTRIBUIDORA DE ENERGIA FRONTEIRA NOROESTE,Cooperluz — COOPERATIVA DISTRIBUIDORA DE ENERGIA FRONTEIRA NOROESTE,17145,pos_2022,REN_1000
2024,1,coopermila,coopermila,Coopermila,COOPERATIVA DE ELETRIFICAÇÃO LAURO MÜLLER,Coopermila,COOPERATIVA DE ELETRIFICAÇÃO LAURO MÜLLER,Coopermila — COOPERATIVA DE ELETRIFICAÇÃO LAURO MÜLLER,1385,pos_2022,REN_1000
2024,1,copel,copel_dis,Copel-Dis,COPEL DISTRIBUIÇÃO S.A.,Copel-Dis,COPEL DISTRIBUIÇÃO S.A.,Copel-Dis — COPEL DISTRIBUIÇÃO S.A.,5220855,pos_2022,REN_1000
2024,1,cpfl,cpfl_paulista,CPFL Paulista,COMPANHIA PAULISTA DE FORÇA E LUZ,CPFL Paulista,COMPANHIA PAULISTA DE FORÇA E LUZ,CPFL Paulista — COMPANHIA PAULISTA DE FORÇA E LUZ,4954905,pos_2022,REN_1000
2024,1,cpfl,cpfl_piratininga,CPFL Piratininga,COMPANHIA PIRATININGA DE FORÇA E LUZ,CPFL Piratininga,COMPANHIA PIRATININGA DE FORÇA E LUZ,CPFL Piratininga — COMPANHIA PIRATININGA DE FORÇA E LUZ,1944187,pos_2022,REN_1000
2024,1,cpfl,cpfl_santa_cruz,CPFL Santa Cruz,COMPANHIA JAGUARI DE ENERGIA - CPFL SANTA CRUZ,CPFL Santa Cruz,COMPANHIA JAGUARI DE ENERGIA - CPFL SANTA CRUZ,CPFL Santa Cruz — COMPANHIA JAGUARI DE ENERGIA - CPFL SANTA CRUZ,504565,pos_2022,REN_1000
2024,1,creral,creral,Creral,COOPERATIVA REGIONAL DE ELETRIFICAÇÃO RURAL DO ALTO URUGUAI,Creral,COOPERATIVA REGIONAL DE ELETRIFICAÇÃO RURAL DO ALTO URUGUAI,Creral — COOPERATIVA REGIONAL DE ELETRIFICAÇÃO RURAL DO ALTO URUGUAI,8013,pos_2022,REN_1000
2024,1,dmed,dmed,Dmed,DME DISTRIBUIÇÃO S.A.,Dmed,DME DISTRIBUIÇÃO S.A.,Dmed — DME DISTRIBUIÇÃO S.A.,88769,pos_2022,REN_1000
2024,1,edp,edp_es,EDP ES,EDP ESPÍRITO SANTO DISTRIBUIÇÃO DE ENERGIA S.A.,EDP ES,EDP ESPÍRITO SANTO DISTRIBUIÇÃO DE ENERGIA S.A.,EDP ES — EDP ESPÍRITO SANTO DISTRIBUIÇÃO DE ENERGIA S.A.,1799597,pos_2022,REN_1000
2024,1,eletrocar,eletrocar,Eletrocar,CENTRAIS ELÉTRICAS DE CARAZINHO S.A.,Eletrocar,CENTRAIS ELÉTRICAS DE CARAZINHO S.A.,Eletrocar — CENTRAIS ELÉTRICAS DE CARAZINHO S.A.,40031,pos_2022,REN_1000
2024,1,enel,enel_go,Enel GO,CELG DISTRIBUIÇÃO S.A.,Enel GO,CELG DISTRIBUIÇÃO S.A.,Enel GO — CELG DISTRIBUIÇÃO S.A.,3451689,pos_2022,REN_1000
2024,1,enel,enel_rj,Enel RJ,AMPLA ENERGIA E SERVIÇOS S.A.,Enel RJ,AMPLA ENERGIA E SERVIÇOS S.A.,Enel RJ — AMPLA ENERGIA E SERVIÇOS S.A.,3083579,pos_2022,REN_1000
2024,1,enel,enel_sp,Enel SP,ELETROPAULO METROPOLITANA ELETRICIDADE DE SÃO PAULO S.A.,Enel SP,ELETROPAULO METROPOLITANA ELETRICIDADE DE SÃO PAULO S.A.,Enel SP — ELETROPAULO METROPOLITANA ELETRICIDADE DE SÃO PAULO S.A.,8392744,pos_2022,REN_1000
2024,1,energisa,energisa_ac,Energisa AC,ENERGISA ACRE - DISTRIBUIDORA DE ENERGIA S.A.,Energisa AC,ENERGISA ACRE - DISTRIBUIDORA DE ENERGIA S.A.,Energisa AC — ENERGISA ACRE - DISTRIBUIDORA DE ENERGIA S.A.,292414,pos_2022,REN_1000
2024,1,energisa,energisa_ms,Energisa MS,ENERGISA MATO GROSSO DO SUL DISTRIBUIDORA DE ENERGIA S.A.,Energisa MS,ENERGISA MATO GROSSO DO SUL DISTRIBUIDORA DE ENERGIA S.A.,Energisa MS — ENERGISA MATO GROSSO DO SUL DISTRIBUIDORA DE ENERGIA S.A.,1120879,pos_2022,REN_1000
2024,1,energisa,energisa_mt,Energisa MT,ENERGISA MATO GROSSO DISTRIBUIDORA DE ENERGIA S.A.,Energisa MT,ENERGISA MATO GROSSO DISTRIBUIDORA DE ENERGIA S.A.,Energisa MT — ENERGISA MATO GROSSO DISTRIBUIDORA DE ENERGIA S.A.,1621783,pos_2022,REN_1000
2024,1,energisa,energisa_se,Energisa SE,ENERGISA SERGIPE DISTRIBUIDORA DE ENERGIA S.A.,Energisa SE,ENERGISA SERGIPE DISTRIBUIDORA DE ENERGIA S.A.,Energisa SE — ENERGISA SERGIPE DISTRIBUIDORA DE ENERGIA S.A.,864434,pos_2022,REN_1000
2024,1,energisa,energisa_sul_sudeste,Energisa Sul-Sudeste,ENERGISA SUL-SUDESTE DISTRIBUIDORA DE ENERGIA S.A.,Energisa Sul-Sudeste,ENERGISA SUL-SUDESTE DISTRIBUIDORA DE ENERGIA S.A.,Energisa Sul-Sudeste — ENERGISA SUL-SUDESTE DISTRIBUIDORA DE ENERGIA S.A.,865514,pos_2022,REN_1000
2024,1,energisa,energisa_to,Energisa TO,ENERGISA TOCANTINS DISTRIBUIDORA DE ENERGIA S.A.,Energisa TO,ENERGISA TOCANTINS DISTRIBUIDORA DE ENERGIA S.A.,Energisa TO — ENERGISA TOCANTINS DISTRIBUIDORA DE ENERGIA S.A.,661290,pos_2022,REN_1000
2024,1,equatorial,cea_equatorial,CEA Equatorial,COMPANHIA DE ELETRICIDADE DO AMAPA,CEA Equatorial,COMPANHIA DE ELETRICIDADE DO AMAPA,CEA Equatorial — COMPANHIA DE ELETRICIDADE DO AMAPA,240605,pos_2022,REN_1000
2024,1,equatorial,equatorial_ma,Equatorial MA,EQUATORIAL MARANHÃO DISTRIBUIDORA DE ENERGIA S.A.,Equatorial MA,EQUATORIAL MARANHÃO DISTRIBUIDORA DE ENERGIA S.A.,Equatorial MA — EQUATORIAL MARANHÃO DISTRIBUIDORA DE ENERGIA S.A.,2766554,pos_2022,REN_1000
2024,1,forcel,forcel,Forcel,FORÇA E LUZ CORONEL VIVIDA LTDA,Forcel,FORÇA E LUZ CORONEL VIVIDA LTDA,Forcel — FORÇA E LUZ CORONEL VIVIDA LTDA,8697,pos_2022,REN_1000
2024,1,joao,joao_cesa,João Cesa,EMPRESA FORÇA E LUZ JOÃO CESA LTDA.,João Cesa,EMPRESA FORÇA E LUZ JOÃO CESA LTDA.,João Cesa — EMPRESA FORÇA E LUZ JOÃO CESA LTDA.,3974,pos_2022,REN_1000
2024,1,light,light,Light,LIGHT SERVIÇOS DE ELETRICIDADE S.A.,Light,LIGHT SERVIÇOS DE ELETRICIDADE S.A.,Light — LIGHT SERVIÇOS DE ELETRICIDADE S.A.,4610071,pos_2022,REN_1000
2024,1,mux,mux_energia,Mux Energia,"MUXFELDT, MARIN & CIA LTDA",Mux Energia,"MUXFELDT, MARIN & CIA LTDA","Mux Energia — MUXFELDT, MARIN & CIA LTDA",12845,pos_2022,REN_1000
2024,1,rge,rge,RGE,RGE SUL DISTRIBUIDORA DE ENERGIA S.A.,RGE,RGE SUL DISTRIBUIDORA DE ENERGIA S.A.,RGE — RGE SUL DISTRIBUIDORA DE ENERGIA S.A.,3103404,pos_2022,REN_1000
