ano,mes,group_id,distributor_id,sigagente,nomagente,distributor_name_sig,distributor_name_legal,distributor_label,classe_local_servico,qtd_serv_realizado,qtd_fora_prazo,compensacao_rs,uc_ativa_mes,bucket_porte,rank_porte_ano,uc_ativa_media_mensal,taxa_fora_prazo,flag_uc_ativa_ausente,flag_taxa_fora_prazo_invalida,fora_prazo_por_100k_uc_mes,compensacao_rs_por_uc_mes,compensacao_media_por_transgressao_rs,periodo_regulatorio,regime_regulatorio,ano_comparavel_principal
2023,1,amazonas,amazonas_energia,Amazonas Energia,AMAZONAS ENERGIA S.A.,Amazonas Energia,AMAZONAS ENERGIA S.A.,Amazonas Energia — AMAZONAS ENERGIA S.A.,grupo_a,43,0,0.0,13915502,GG,26,13915502.0,0.0,False,False,0.0,0.0,,pos_2022,REN_1000,True
2023,1,amazonas,amazonas_energia,Amazonas Energia,AMAZONAS ENERGIA S.A.,Amazonas Energia,AMAZONAS ENERGIA S.A.,Amazonas Energia — AMAZONAS ENERGIA S.A.,nao_classificado,401951,912,669686.9999999999,13915502,GG,26,13915502.0,0.002268933277936863,False,False,6.553841895175611,0.04812524909270251,734.3059210526314,pos_2022,REN_1000,True
2023,1,amazonas,amazonas_energia,Amazonas Energia,AMAZONAS ENERGIA S.A.,Amazonas Energia,AMAZONAS ENERGIA S.A.,Amazonas Energia — AMAZONAS ENERGIA S.A.,rural,22154,569,95295.89,13915502,GG,26,13915502.0,0.025683849417712377,False,False,4.088964954336538,0.006848181977193493,167.4795957820738,pos_2022,REN_1000,True
2023,1,amazonas,amazonas_energia,Amazonas Energia,AMAZONAS ENERGIA S.A.,Amazonas Energia,AMAZONAS ENERGIA S.A.,Amazonas Energia — AMAZONAS ENERGIA S.A.,urbana,265076,2377,566127.1799999999,13915502,GG,26,13915502.0,0.008967239584119272,False,False,17.081669062316255,0.04068320208642131,238.1687757677745,pos_2022,REN_1000,True
2023,1,castro_dis,castro_dis,Castro-Dis,COOPERATIVA DE DISTRIBUIÇÃO DE ENERGIA ELÉTRICA DE CASTRO,Castro-Dis,COOPERATIVA DE DISTRIBUIÇÃO DE ENERGIA ELÉTRICA DE CASTRO,Castro-Dis — COOPERATIVA DE DISTRIBUIÇÃO DE ENERGIA ELÉTRICA DE CASTRO,grupo_a,0,0,0.0,27930,P,98,27930.0,,False,False,0.0,0.0,,pos_2022,REN_1000,True
2023,1,castro_dis,castro_dis,Castro-Dis,COOPERATIVA DE DISTRIBUIÇÃO DE ENERGIA ELÉTRICA DE CASTRO,Castro-Dis,COOPERATIVA DE DISTRIBUIÇÃO DE ENERGIA ELÉTRICA DE CASTRO,Castro-Dis — COOPERATIVA DE DISTRIBUIÇÃO DE ENERGIA ELÉTRICA DE CASTRO,nao_classificado,8156,10,0.0,27930,P,98,27930.0,0.0012260912211868563,False,False,35.80379520229145,0.0,0.0,pos_2022,REN_1000,True
2023,1,castro_dis,castro_dis,Castro-Dis,COOPERATIVA DE DISTRIBUIÇÃO DE ENERGIA ELÉTRICA DE CASTRO,Castro-Dis,COOPERATIVA DE DISTRIBUIÇÃO DE ENERGIA ELÉTRICA DE CASTRO,Castro-Dis — COOPERATIVA DE DISTRIBUIÇÃO DE ENERGIA ELÉTRICA DE CASTRO,rural,138,0,0.0,27930,P,98,27930.0,0.0,False,False,0.0,0.0,,pos_2022,REN_1000,True
2023,1,castro_dis,castro_dis,Castro-Dis,COOPERATIVA DE DISTRIBUIÇÃO DE ENERGIA ELÉTRICA DE CASTRO,Castro-Dis,COOPERATIVA DE DISTRIBUIÇÃO DE ENERGIA ELÉTRICA DE CASTRO,Castro-Dis — COOPERATIVA DE DISTRIBUIÇÃO DE ENERGIA ELÉTRICA DE CASTRO,urbana,308,1,0.0,27930,P,98,27930.0,0.003246753246753247,False,False,3.580379520229144,0.0,0.0,pos_2022,REN_1000,True
2023,1,cedrap,cedrap,Cedrap,COOPERATIVA DE ELETRIFICAÇÃO DA REGIÃO DO ALTO DA PARAÍBA,Cedrap,COOPERATIVA DE ELETRIFICAÇÃO DA REGIÃO DO ALTO DA PARAÍBA,Cedrap — COOPERATIVA DE ELETRIFICAÇÃO DA REGIÃO DO ALTO DA PARAÍBA,grupo_a,0,0,0.0,91619,M,77,91619.0,,False,False,0.0,0.0,,pos_2022,REN_1000,True
2023,1,cedrap,cedrap,Cedrap,COOPERATIVA DE ELETRIFICAÇÃO DA REGIÃO DO ALTO DA PARAÍBA,Cedrap,COOPERATIVA DE ELETRIFICAÇÃO DA REGIÃO DO ALTO DA PARAÍBA,Cedrap — COOPERATIVA DE ELETRIFICAÇÃO DA REGIÃO DO ALTO DA PARAÍBA,nao_classificado,10683,33,0.0,91619,M,77,91619.0,0.003089019938219601,False,False,36.01872973946452,0.0,0.0,pos_2022,REN_1000,True
2023,1,cedrap,cedrap,Cedrap,COOPERATIVA DE ELETRIFICAÇÃO DA REGIÃO DO ALTO DA PARAÍBA,Cedrap,COOPERATIVA DE ELETRIFICAÇÃO DA REGIÃO DO ALTO DA PARAÍBA,Cedrap — COOPERATIVA DE ELETRIFICAÇÃO DA REGIÃO DO ALTO DA PARAÍBA,rural,1498,0,0.0,91619,M,77,91619.0,0.0,False,False,0.0,0.0,,pos_2022,REN_1000,True
2023,1,cedrap,cedrap,Cedrap,COOPERATIVA DE ELETRIFICAÇÃO DA REGIÃO DO ALTO DA PARAÍBA,Cedrap,COOPERATIVA DE ELETRIFICAÇÃO DA REGIÃO DO ALTO DA PARAÍBA,Cedrap — COOPERATIVA DE ELETRIFICAÇÃO DA REGIÃO DO ALTO DA PARAÍBA,urbana,172,0,0.0,91619,M,77,91619.0,0.0,False,False,0.0,0.0,,pos_2022,REN_1000,True
2023,1,cedri,cedri,Cedri,COOPERATIVA DE ELETRIFICAÇÃO E DISTRIBUIÇÃO DA REGIÃO DE ITARIRI,Cedri,COOPERATIVA DE ELETRIFICAÇÃO E DISTRIBUIÇÃO DA REGIÃO DE ITARIRI,Cedri — COOPERATIVA DE ELETRIFICAÇÃO E DISTRIBUIÇÃO DA REGIÃO DE ITARIRI,grupo_a,0,0,0.0,36331,P,97,36331.0,,False,False,0.0,0.0,,pos_2022,REN_1000,True
2023,1,cedri,cedri,Cedri,COOPERATIVA DE ELETRIFICAÇÃO E DISTRIBUIÇÃO DA REGIÃO DE ITARIRI,Cedri,COOPERATIVA DE ELETRIFICAÇÃO E DISTRIBUIÇÃO DA REGIÃO DE ITARIRI,Cedri — COOPERATIVA DE ELETRIFICAÇÃO E DISTRIBUIÇÃO DA REGIÃO DE ITARIRI,nao_classificado,10581,4,0.0,36331,P,97,36331.0,0.00037803610244778376,False,False,11.009881368528253,0.0,0.0,pos_2022,REN_1000,True
2023,1,cedri,cedri,Cedri,COOPERATIVA DE ELETRIFICAÇÃO E DISTRIBUIÇÃO DA REGIÃO DE ITARIRI,Cedri,COOPERATIVA DE ELETRIFICAÇÃO E DISTRIBUIÇÃO DA REGIÃO DE ITARIRI,Cedri — COOPERATIVA DE ELETRIFICAÇÃO E DISTRIBUIÇÃO DA REGIÃO DE ITARIRI,rural,88,0,0.0,36331,P,97,36331.0,0.0,False,False,0.0,0.0,,pos_2022,REN_1000,True
2023,1,cedri,cedri,Cedri,COOPERATIVA DE ELETRIFICAÇÃO E DISTRIBUIÇÃO DA REGIÃO DE ITARIRI,Cedri,COOPERATIVA DE ELETRIFICAÇÃO E DISTRIBUIÇÃO DA REGIÃO DE ITARIRI,Cedri — COOPERATIVA DE ELETRIFICAÇÃO E DISTRIBUIÇÃO DA REGIÃO DE ITARIRI,urbana,38,0,0.0,36331,P,97,36331.0,0.0,False,False,0.0,0.0,,pos_2022,REN_1000,True
2023,1,cegero,cegero,Cegero,COOPERATIVA DE ELETRICIDADE DE SÃO LUDGERO,Cegero,COOPERATIVA DE ELETRICIDADE DE SÃO LUDGERO,Cegero — COOPERATIVA DE ELETRICIDADE DE SÃO LUDGERO,grupo_a,0,0,0.0,82549,P,84,82549.0,,False,False,0.0,0.0,,pos_2022,REN_1000,True
2023,1,cegero,cegero,Cegero,COOPERATIVA DE ELETRICIDADE DE SÃO LUDGERO,Cegero,COOPERATIVA DE ELETRICIDADE DE SÃO LUDGERO,Cegero — COOPERATIVA DE ELETRICIDADE DE SÃO LUDGERO,nao_classificado,16070,21,0.0,82549,P,84,82549.0,0.0013067828251400123,False,False,25.439435971362464,0.0,0.0,pos_2022,REN_1000,True
2023,1,cegero,cegero,Cegero,COOPERATIVA DE ELETRICIDADE DE SÃO LUDGERO,Cegero,COOPERATIVA DE ELETRICIDADE DE SÃO LUDGERO,Cegero — COOPERATIVA DE ELETRICIDADE DE SÃO LUDGERO,rural,211,0,0.0,82549,P,84,82549.0,0.0,False,False,0.0,0.0,,pos_2022,REN_1000,True
2023,1,cegero,cegero,Cegero,COOPERATIVA DE ELETRICIDADE DE SÃO LUDGERO,Cegero,COOPERATIVA DE ELETRICIDADE DE SÃO LUDGERO,Cegero — COOPERATIVA DE ELETRICIDADE DE SÃO LUDGERO,urbana,965,2,0.0,82549,P,84,82549.0,0.002072538860103627,False,False,2.422803425844044,0.0,0.0,pos_2022,REN_1000,True
2023,1,cejama,cejama,Cejama,COOPERATIVA DE ELETRICIDADE JACINTO MACHADO,Cejama,COOPERATIVA DE ELETRICIDADE JACINTO MACHADO,Cejama — COOPERATIVA DE ELETRICIDADE JACINTO MACHADO,grupo_a,0,0,0.0,67130,P,88,67130.0,,False,False,0.0,0.0,,pos_2022,REN_1000,True
2023,1,cejama,cejama,Cejama,COOPERATIVA DE ELETRICIDADE JACINTO MACHADO,Cejama,COOPERATIVA DE ELETRICIDADE JACINTO MACHADO,Cejama — COOPERATIVA DE ELETRICIDADE JACINTO MACHADO,nao_classificado,5464,4,0.0,67130,P,88,67130.0,0.0007320644216691069,False,False,5.9585878146879185,0.0,0.0,pos_2022,REN_1000,True
2023,1,cejama,cejama,Cejama,COOPERATIVA DE ELETRICIDADE JACINTO MACHADO,Cejama,COOPERATIVA DE ELETRICIDADE JACINTO MACHADO,Cejama — COOPERATIVA DE ELETRICIDADE JACINTO MACHADO,rural,297,4,0.0,67130,P,88,67130.0,0.013468013468013467,False,False,5.9585878146879185,0.0,0.0,pos_2022,REN_1000,True
2023,1,cejama,cejama,Cejama,COOPERATIVA DE ELETRICIDADE JACINTO MACHADO,Cejama,COOPERATIVA DE ELETRICIDADE JACINTO MACHADO,Cejama — COOPERATIVA DE ELETRICIDADE JACINTO MACHADO,urbana,494,3,0.0,67130,P,88,67130.0,0.006072874493927126,False,False,4.468940861015939,0.0,0.0,pos_2022,REN_1000,True
2023,1,celesc,celesc_dis,Celesc-Dis,CELESC DISTRIBUIÇÃO S.A.,Celesc-Dis,CELESC DISTRIBUIÇÃO S.A.,Celesc-Dis — CELESC DISTRIBUIÇÃO S.A.,grupo_a,0,0,0.0,40436408,GG,10,40436408.0,,False,False,0.0,0.0,,pos_2022,REN_1000,True
2023,1,celesc,celesc_dis,Celesc-Dis,CELESC DISTRIBUIÇÃO S.A.,Celesc-Dis,CELESC DISTRIBUIÇÃO S.A.,Celesc-Dis — CELESC DISTRIBUIÇÃO S.A.,nao_classificado,828798,6876,2425207.96,40436408,GG,10,40436408.0,0.008296352066486648,False,False,17.004477746885925,0.05997585047613527,352.7062187318208,pos_2022,REN_1000,True
2023,1,celesc,celesc_dis,Celesc-Dis,CELESC DISTRIBUIÇÃO S.A.,Celesc-Dis,CELESC DISTRIBUIÇÃO S.A.,Celesc-Dis — CELESC DISTRIBUIÇÃO S.A.,rural,48900,751,199711.42,40436408,GG,10,40436408.0,0.015357873210633947,False,False,1.8572371710167725,0.004938901101205627,265.9273235685753,pos_2022,REN_1000,True
2023,1,celesc,celesc_dis,Celesc-Dis,CELESC DISTRIBUIÇÃO S.A.,Celesc-Dis,CELESC DISTRIBUIÇÃO S.A.,Celesc-Dis — CELESC DISTRIBUIÇÃO S.A.,urbana,635719,2976,1099042.2,40436408,GG,10,40436408.0,0.004681313599247466,False,False,7.3597041557202605,0.027179520990093877,369.301814516129,pos_2022,REN_1000,True
2023,1,celetro,celetro,Celetro,COOPERATIVA DE ELETRIFICAÇÃO CENTRO JACUÍ LTDA.,Celetro,COOPERATIVA DE ELETRIFICAÇÃO CENTRO JACUÍ LTDA.,Celetro — COOPERATIVA DE ELETRIFICAÇÃO CENTRO JACUÍ LTDA.,grupo_a,0,0,0.0,287447,M,53,287447.0,,False,False,0.0,0.0,,pos_2022,REN_1000,True
2023,1,celetro,celetro,Celetro,COOPERATIVA DE ELETRIFICAÇÃO CENTRO JACUÍ LTDA.,Celetro,COOPERATIVA DE ELETRIFICAÇÃO CENTRO JACUÍ LTDA.,Celetro — COOPERATIVA DE ELETRIFICAÇÃO CENTRO JACUÍ LTDA.,nao_classificado,30755,47,151.61,287447,M,53,287447.0,0.001528206795642985,False,False,16.350840328825836,0.00052743636218155,3.225744680851064,pos_2022,REN_1000,True
2023,1,celetro,celetro,Celetro,COOPERATIVA DE ELETRIFICAÇÃO CENTRO JACUÍ LTDA.,Celetro,COOPERATIVA DE ELETRIFICAÇÃO CENTRO JACUÍ LTDA.,Celetro — COOPERATIVA DE ELETRIFICAÇÃO CENTRO JACUÍ LTDA.,rural,2877,5,404.46000000000004,287447,M,53,287447.0,0.001737921445950643,False,False,1.7394510988112593,0.0014070767828504038,80.89200000000001,pos_2022,REN_1000,True
2023,1,celetro,celetro,Celetro,COOPERATIVA DE ELETRIFICAÇÃO CENTRO JACUÍ LTDA.,Celetro,COOPERATIVA DE ELETRIFICAÇÃO CENTRO JACUÍ LTDA.,Celetro — COOPERATIVA DE ELETRIFICAÇÃO CENTRO JACUÍ LTDA.,urbana,849,4,188.05,287447,M,53,287447.0,0.004711425206124852,False,False,1.3915608790490073,0.0006542075582629146,47.0125,pos_2022,REN_1000,True
2023,1,cemig,cemig_d,Cemig-D,CEMIG DISTRIBUIÇÃO S.A.,Cemig-D,CEMIG DISTRIBUIÇÃO S.A.,Cemig-D — CEMIG DISTRIBUIÇÃO S.A.,grupo_a,372,1,478225.71,124046670,GG,1,124046670.0,0.002688172043010753,False,False,0.0008061482021242489,0.0038552079632609244,478225.71,pos_2022,REN_1000,True
2023,1,cemig,cemig_d,Cemig-D,CEMIG DISTRIBUIÇÃO S.A.,Cemig-D,CEMIG DISTRIBUIÇÃO S.A.,Cemig-D — CEMIG DISTRIBUIÇÃO S.A.,nao_classificado,60674649,77370,48242200.58,124046670,GG,1,124046670.0,0.001275161888451963,False,False,62.37168639835314,0.38890363264084393,623.525921933566,pos_2022,REN_1000,True
2023,1,cemig,cemig_d,Cemig-D,CEMIG DISTRIBUIÇÃO S.A.,Cemig-D,CEMIG DISTRIBUIÇÃO S.A.,Cemig-D — CEMIG DISTRIBUIÇÃO S.A.,rural,64992,11253,18186308.02,124046670,GG,1,124046670.0,0.1731443870014771,False,False,9.071585718504172,0.14660859513600807,1616.1297449569004,pos_2022,REN_1000,True
2023,1,cemig,cemig_d,Cemig-D,CEMIG DISTRIBUIÇÃO S.A.,Cemig-D,CEMIG DISTRIBUIÇÃO S.A.,Cemig-D — CEMIG DISTRIBUIÇÃO S.A.,urbana,1250406,18680,14520485.74,124046670,GG,1,124046670.0,0.014939147764805991,False,False,15.05884841568097,0.11705663473271793,777.3279304068523,pos_2022,REN_1000,True
2023,1,cemirim,cemirim,Cemirim,COOPERATIVA DE ELETRIFICAÇÃO E DESENVOLVIMENTO DA REGIÃO DE MOGI MIRIM,Cemirim,COOPERATIVA DE ELETRIFICAÇÃO E DESENVOLVIMENTO DA REGIÃO DE MOGI MIRIM,Cemirim — COOPERATIVA DE ELETRIFICAÇÃO E DESENVOLVIMENTO DA REGIÃO DE MOGI MIRIM,grupo_a,0,0,0.0,199708,M,62,199708.0,,False,False,0.0,0.0,,pos_2022,REN_1000,True
2023,1,cemirim,cemirim,Cemirim,COOPERATIVA DE ELETRIFICAÇÃO E DESENVOLVIMENTO DA REGIÃO DE MOGI MIRIM,Cemirim,COOPERATIVA DE ELETRIFICAÇÃO E DESENVOLVIMENTO DA REGIÃO DE MOGI MIRIM,Cemirim — COOPERATIVA DE ELETRIFICAÇÃO E DESENVOLVIMENTO DA REGIÃO DE MOGI MIRIM,nao_classificado,33804,108,0.0,199708,M,62,199708.0,0.003194888178913738,False,False,54.078955274701066,0.0,0.0,pos_2022,REN_1000,True
2023,1,cemirim,cemirim,Cemirim,COOPERATIVA DE ELETRIFICAÇÃO E DESENVOLVIMENTO DA REGIÃO DE MOGI MIRIM,Cemirim,COOPERATIVA DE ELETRIFICAÇÃO E DESENVOLVIMENTO DA REGIÃO DE MOGI MIRIM,Cemirim — COOPERATIVA DE ELETRIFICAÇÃO E DESENVOLVIMENTO DA REGIÃO DE MOGI MIRIM,rural,970,1,0.0,199708,M,62,199708.0,0.0010309278350515464,False,False,0.5007310673583432,0.0,0.0,pos_2022,REN_1000,True
2023,1,cemirim,cemirim,Cemirim,COOPERATIVA DE ELETRIFICAÇÃO E DESENVOLVIMENTO DA REGIÃO DE MOGI MIRIM,Cemirim,COOPERATIVA DE ELETRIFICAÇÃO E DESENVOLVIMENTO DA REGIÃO DE MOGI MIRIM,Cemirim — COOPERATIVA DE ELETRIFICAÇÃO E DESENVOLVIMENTO DA REGIÃO DE MOGI MIRIM,urbana,3614,3,0.0,199708,M,62,199708.0,0.0008301051466519093,False,False,1.5021932020750295,0.0,0.0,pos_2022,REN_1000,True
2023,1,ceprag,ceprag,Ceprag,COOPERATIVA DE ELETRICIDADE PRAIA GRANDE,Ceprag,COOPERATIVA DE ELETRICIDADE PRAIA GRANDE,Ceprag — COOPERATIVA DE ELETRICIDADE PRAIA GRANDE,grupo_a,0,0,0.0,246352,M,54,246352.0,,False,False,0.0,0.0,,pos_2022,REN_1000,True
2023,1,ceprag,ceprag,Ceprag,COOPERATIVA DE ELETRICIDADE PRAIA GRANDE,Ceprag,COOPERATIVA DE ELETRICIDADE PRAIA GRANDE,Ceprag — COOPERATIVA DE ELETRICIDADE PRAIA GRANDE,nao_classificado,66628,12,4444.3099999999995,246352,M,54,246352.0,0.00018010446058714055,False,False,4.871078781580827,0.018040486783139572,370.3591666666666,pos_2022,REN_1000,True
2023,1,ceprag,ceprag,Ceprag,COOPERATIVA DE ELETRICIDADE PRAIA GRANDE,Ceprag,COOPERATIVA DE ELETRICIDADE PRAIA GRANDE,Ceprag — COOPERATIVA DE ELETRICIDADE PRAIA GRANDE,rural,1460,3,0.0,246352,M,54,246352.0,0.002054794520547945,False,False,1.2177696953952069,0.0,0.0,pos_2022,REN_1000,True
2023,1,ceprag,ceprag,Ceprag,COOPERATIVA DE ELETRICIDADE PRAIA GRANDE,Ceprag,COOPERATIVA DE ELETRICIDADE PRAIA GRANDE,Ceprag — COOPERATIVA DE ELETRICIDADE PRAIA GRANDE,urbana,4247,7,699.62,246352,M,54,246352.0,0.0016482222745467388,False,False,2.841462622588816,0.002839920114307982,99.94571428571429,pos_2022,REN_1000,True
2023,1,ceraca,ceraca,Ceraçá,COOPERATIVA DISTRIBUIDORA DE ENERGIA VALE DO ARAÇÁ,Ceraçá,COOPERATIVA DISTRIBUIDORA DE ENERGIA VALE DO ARAÇÁ,Ceraçá — COOPERATIVA DISTRIBUIDORA DE ENERGIA VALE DO ARAÇÁ,grupo_a,15,0,0.0,152587,M,70,152587.0,0.0,False,False,0.0,0.0,,pos_2022,REN_1000,True
2023,1,ceraca,ceraca,Ceraçá,COOPERATIVA DISTRIBUIDORA DE ENERGIA VALE DO ARAÇÁ,Ceraçá,COOPERATIVA DISTRIBUIDORA DE ENERGIA VALE DO ARAÇÁ,Ceraçá — COOPERATIVA DISTRIBUIDORA DE ENERGIA VALE DO ARAÇÁ,nao_classificado,24002,70,0.0,152587,M,70,152587.0,0.002916423631364053,False,False,45.87546776593025,0.0,0.0,pos_2022,REN_1000,True
2023,1,ceraca,ceraca,Ceraçá,COOPERATIVA DISTRIBUIDORA DE ENERGIA VALE DO ARAÇÁ,Ceraçá,COOPERATIVA DISTRIBUIDORA DE ENERGIA VALE DO ARAÇÁ,Ceraçá — COOPERATIVA DISTRIBUIDORA DE ENERGIA VALE DO ARAÇÁ,rural,756,4,314.91999999999996,152587,M,70,152587.0,0.005291005291005291,False,False,2.6214553009103003,0.002063871758406679,78.72999999999999,pos_2022,REN_1000,True
2023,1,ceraca,ceraca,Ceraçá,COOPERATIVA DISTRIBUIDORA DE ENERGIA VALE DO ARAÇÁ,Ceraçá,COOPERATIVA DISTRIBUIDORA DE ENERGIA VALE DO ARAÇÁ,Ceraçá — COOPERATIVA DISTRIBUIDORA DE ENERGIA VALE DO ARAÇÁ,urbana,366,6,0.0,152587,M,70,152587.0,0.01639344262295082,False,False,3.932182951365451,0.0,0.0,pos_2022,REN_1000,True
2023,1,ceral,ceral_anitapolis,Ceral Anitápolis,COOPERATIVA DE DISTRIBUIÇÃO DE ENERGIA ELÉTRICA DE ANITÁPOLIS,Ceral Anitápolis,COOPERATIVA DE DISTRIBUIÇÃO DE ENERGIA ELÉTRICA DE ANITÁPOLIS,Ceral Anitápolis — COOPERATIVA DE DISTRIBUIÇÃO DE ENERGIA ELÉTRICA DE ANITÁPOLIS,grupo_a,0,0,0.0,46365,P,95,46365.0,,False,False,0.0,0.0,,pos_2022,REN_1000,True
2023,1,ceral,ceral_anitapolis,Ceral Anitápolis,COOPERATIVA DE DISTRIBUIÇÃO DE ENERGIA ELÉTRICA DE ANITÁPOLIS,Ceral Anitápolis,COOPERATIVA DE DISTRIBUIÇÃO DE ENERGIA ELÉTRICA DE ANITÁPOLIS,Ceral Anitápolis — COOPERATIVA DE DISTRIBUIÇÃO DE ENERGIA ELÉTRICA DE ANITÁPOLIS,nao_classificado,829,7,0.0,46365,P,95,46365.0,0.008443908323281062,False,False,15.097595168769548,0.0,0.0,pos_2022,REN_1000,True
2023,1,ceral,ceral_anitapolis,Ceral Anitápolis,COOPERATIVA DE DISTRIBUIÇÃO DE ENERGIA ELÉTRICA DE ANITÁPOLIS,Ceral Anitápolis,COOPERATIVA DE DISTRIBUIÇÃO DE ENERGIA ELÉTRICA DE ANITÁPOLIS,Ceral Anitápolis — COOPERATIVA DE DISTRIBUIÇÃO DE ENERGIA ELÉTRICA DE ANITÁPOLIS,rural,110,1,0.0,46365,P,95,46365.0,0.00909090909090909,False,False,2.156799309824221,0.0,0.0,pos_2022,REN_1000,True
2023,1,ceral,ceral_anitapolis,Ceral Anitápolis,COOPERATIVA DE DISTRIBUIÇÃO DE ENERGIA ELÉTRICA DE ANITÁPOLIS,Ceral Anitápolis,COOPERATIVA DE DISTRIBUIÇÃO DE ENERGIA ELÉTRICA DE ANITÁPOLIS,Ceral Anitápolis — COOPERATIVA DE DISTRIBUIÇÃO DE ENERGIA ELÉTRICA DE ANITÁPOLIS,urbana,60,0,0.0,46365,P,95,46365.0,0.0,False,False,0.0,0.0,,pos_2022,REN_1000,True
2023,1,ceral,ceral_araruama,Ceral Araruama,COOPERATIVA DE ELETRIFICAÇÃO RURAL DE ARARUAMA,Ceral Araruama,COOPERATIVA DE ELETRIFICAÇÃO RURAL DE ARARUAMA,Ceral Araruama — COOPERATIVA DE ELETRIFICAÇÃO RURAL DE ARARUAMA,grupo_a,0,0,0.0,89778,P,79,89778.0,,False,False,0.0,0.0,,pos_2022,REN_1000,True
2023,1,ceral,ceral_araruama,Ceral Araruama,COOPERATIVA DE ELETRIFICAÇÃO RURAL DE ARARUAMA,Ceral Araruama,COOPERATIVA DE ELETRIFICAÇÃO RURAL DE ARARUAMA,Ceral Araruama — COOPERATIVA DE ELETRIFICAÇÃO RURAL DE ARARUAMA,nao_classificado,30447,11,0.0,89778,P,79,89778.0,0.0003612835418924689,False,False,12.252444919690793,0.0,0.0,pos_2022,REN_1000,True
2023,1,ceral,ceral_araruama,Ceral Araruama,COOPERATIVA DE ELETRIFICAÇÃO RURAL DE ARARUAMA,Ceral Araruama,COOPERATIVA DE ELETRIFICAÇÃO RURAL DE ARARUAMA,Ceral Araruama — COOPERATIVA DE ELETRIFICAÇÃO RURAL DE ARARUAMA,rural,1325,2,0.0,89778,P,79,89778.0,0.0015094339622641509,False,False,2.227717258125599,0.0,0.0,pos_2022,REN_1000,True
2023,1,ceral,ceral_araruama,Ceral Araruama,COOPERATIVA DE ELETRIFICAÇÃO RURAL DE ARARUAMA,Ceral Araruama,COOPERATIVA DE ELETRIFICAÇÃO RURAL DE ARARUAMA,Ceral Araruama — COOPERATIVA DE ELETRIFICAÇÃO RURAL DE ARARUAMA,urbana,276,0,0.0,89778,P,79,89778.0,0.0,False,False,0.0,0.0,,pos_2022,REN_1000,True
2023,1,cerbranorte,cerbranorte,Cerbranorte,COOPERATIVA DE ELETRIFICAÇÃO DE BRAÇO DO NORTE,Cerbranorte,COOPERATIVA DE ELETRIFICAÇÃO DE BRAÇO DO NORTE,Cerbranorte — COOPERATIVA DE ELETRIFICAÇÃO DE BRAÇO DO NORTE,grupo_a,0,0,0.0,215380,M,58,215380.0,,False,False,0.0,0.0,,pos_2022,REN_1000,True
2023,1,cerbranorte,cerbranorte,Cerbranorte,COOPERATIVA DE ELETRIFICAÇÃO DE BRAÇO DO NORTE,Cerbranorte,COOPERATIVA DE ELETRIFICAÇÃO DE BRAÇO DO NORTE,Cerbranorte — COOPERATIVA DE ELETRIFICAÇÃO DE BRAÇO DO NORTE,nao_classificado,54159,21,1189.3400000000001,215380,M,58,215380.0,0.00038774718883288094,False,False,9.750208933048565,0.005522054044015229,56.6352380952381,pos_2022,REN_1000,True
2023,1,cerbranorte,cerbranorte,Cerbranorte,COOPERATIVA DE ELETRIFICAÇÃO DE BRAÇO DO NORTE,Cerbranorte,COOPERATIVA DE ELETRIFICAÇÃO DE BRAÇO DO NORTE,Cerbranorte — COOPERATIVA DE ELETRIFICAÇÃO DE BRAÇO DO NORTE,rural,456,0,0.0,215380,M,58,215380.0,0.0,False,False,0.0,0.0,,pos_2022,REN_1000,True
2023,1,cerbranorte,cerbranorte,Cerbranorte,COOPERATIVA DE ELETRIFICAÇÃO DE BRAÇO DO NORTE,Cerbranorte,COOPERATIVA DE ELETRIFICAÇÃO DE BRAÇO DO NORTE,Cerbranorte — COOPERATIVA DE ELETRIFICAÇÃO DE BRAÇO DO NORTE,urbana,3421,0,0.0,215380,M,58,215380.0,0.0,False,False,0.0,0.0,,pos_2022,REN_1000,True
2023,1,cerci,cerci,Cerci,COOPERATIVA DE ELETRIFICAÇÃO RURAL CACHOEIRAS- ITABORAÍ LTDA,Cerci,COOPERATIVA DE ELETRIFICAÇÃO RURAL CACHOEIRAS- ITABORAÍ LTDA,Cerci — COOPERATIVA DE ELETRIFICAÇÃO RURAL CACHOEIRAS- ITABORAÍ LTDA,nao_classificado,37074,153,311.33000000000004,214999,M,59,214999.0,0.0041268813723903544,False,False,71.16312168893809,0.0014480532467592874,2.0348366013071897,pos_2022,REN_1000,True
2023,1,cerci,cerci,Cerci,COOPERATIVA DE ELETRIFICAÇÃO RURAL CACHOEIRAS- ITABORAÍ LTDA,Cerci,COOPERATIVA DE ELETRIFICAÇÃO RURAL CACHOEIRAS- ITABORAÍ LTDA,Cerci — COOPERATIVA DE ELETRIFICAÇÃO RURAL CACHOEIRAS- ITABORAÍ LTDA,rural,1343,0,0.0,214999,M,59,214999.0,0.0,False,False,0.0,0.0,,pos_2022,REN_1000,True
2023,1,cerci,cerci,Cerci,COOPERATIVA DE ELETRIFICAÇÃO RURAL CACHOEIRAS- ITABORAÍ LTDA,Cerci,COOPERATIVA DE ELETRIFICAÇÃO RURAL CACHOEIRAS- ITABORAÍ LTDA,Cerci — COOPERATIVA DE ELETRIFICAÇÃO RURAL CACHOEIRAS- ITABORAÍ LTDA,urbana,2215,2,0.0,214999,M,59,214999.0,0.0009029345372460496,False,False,0.9302368848227202,0.0,0.0,pos_2022,REN_1000,True
2023,1,cercos,cercos,Cercos,COOPERATIVA DE ELETRIFICAÇÃO E DESENVOLVIMENTO RURAL CENTRO SUL DE SERGIPE LTDA,Cercos,COOPERATIVA DE ELETRIFICAÇÃO E DESENVOLVIMENTO RURAL CENTRO SUL DE SERGIPE LTDA,Cercos — COOPERATIVA DE ELETRIFICAÇÃO E DESENVOLVIMENTO RURAL CENTRO SUL DE SERGIPE LTDA,nao_classificado,2025,55,15366.640000000001,87310,P,81,87310.0,0.027160493827160494,False,False,62.99392967586759,0.17600091627534076,279.3934545454546,pos_2022,REN_1000,True
2023,1,cercos,cercos,Cercos,COOPERATIVA DE ELETRIFICAÇÃO E DESENVOLVIMENTO RURAL CENTRO SUL DE SERGIPE LTDA,Cercos,COOPERATIVA DE ELETRIFICAÇÃO E DESENVOLVIMENTO RURAL CENTRO SUL DE SERGIPE LTDA,Cercos — COOPERATIVA DE ELETRIFICAÇÃO E DESENVOLVIMENTO RURAL CENTRO SUL DE SERGIPE LTDA,rural,1363,13,1598.32,87310,P,81,87310.0,0.009537784299339692,False,False,14.889474287023251,0.018306265032642308,122.94769230769231,pos_2022,REN_1000,True
2023,1,cerej,cerej,Cerej,COOPERATIVA DE PRESTAÇÃO DE SERVIÇOS PÚBLICOS DE DISTRIBUIÇÃO DE ENERGIA ELÉTRICA SENADOR ESTEVES JÚNIOR,Cerej,COOPERATIVA DE PRESTAÇÃO DE SERVIÇOS PÚBLICOS DE DISTRIBUIÇÃO DE ENERGIA ELÉTRICA SENADOR ESTEVES JÚNIOR,Cerej — COOPERATIVA DE PRESTAÇÃO DE SERVIÇOS PÚBLICOS DE DISTRIBUIÇÃO DE ENERGIA ELÉTRICA SENADOR ESTEVES JÚNIOR,grupo_a,0,0,0.0,185554,M,67,185554.0,,False,False,0.0,0.0,,pos_2022,REN_1000,True
2023,1,cerej,cerej,Cerej,COOPERATIVA DE PRESTAÇÃO DE SERVIÇOS PÚBLICOS DE DISTRIBUIÇÃO DE ENERGIA ELÉTRICA SENADOR ESTEVES JÚNIOR,Cerej,COOPERATIVA DE PRESTAÇÃO DE SERVIÇOS PÚBLICOS DE DISTRIBUIÇÃO DE ENERGIA ELÉTRICA SENADOR ESTEVES JÚNIOR,Cerej — COOPERATIVA DE PRESTAÇÃO DE SERVIÇOS PÚBLICOS DE DISTRIBUIÇÃO DE ENERGIA ELÉTRICA SENADOR ESTEVES JÚNIOR,nao_classificado,46073,114,0.0,185554,M,67,185554.0,0.00247433420875567,False,False,61.437640794593484,0.0,0.0,pos_2022,REN_1000,True
2023,1,cerej,cerej,Cerej,COOPERATIVA DE PRESTAÇÃO DE SERVIÇOS PÚBLICOS DE DISTRIBUIÇÃO DE ENERGIA ELÉTRICA SENADOR ESTEVES JÚNIOR,Cerej,COOPERATIVA DE PRESTAÇÃO DE SERVIÇOS PÚBLICOS DE DISTRIBUIÇÃO DE ENERGIA ELÉTRICA SENADOR ESTEVES JÚNIOR,Cerej — COOPERATIVA DE PRESTAÇÃO DE SERVIÇOS PÚBLICOS DE DISTRIBUIÇÃO DE ENERGIA ELÉTRICA SENADOR ESTEVES JÚNIOR,rural,912,9,0.0,185554,M,67,185554.0,0.009868421052631578,False,False,4.850340062731065,0.0,0.0,pos_2022,REN_1000,True
2023,1,cerej,cerej,Cerej,COOPERATIVA DE PRESTAÇÃO DE SERVIÇOS PÚBLICOS DE DISTRIBUIÇÃO DE ENERGIA ELÉTRICA SENADOR ESTEVES JÚNIOR,Cerej,COOPERATIVA DE PRESTAÇÃO DE SERVIÇOS PÚBLICOS DE DISTRIBUIÇÃO DE ENERGIA ELÉTRICA SENADOR ESTEVES JÚNIOR,Cerej — COOPERATIVA DE PRESTAÇÃO DE SERVIÇOS PÚBLICOS DE DISTRIBUIÇÃO DE ENERGIA ELÉTRICA SENADOR ESTEVES JÚNIOR,urbana,0,0,0.0,185554,M,67,185554.0,,False,False,0.0,0.0,,pos_2022,REN_1000,True
2023,1,ceres,ceres,Ceres,COOPERATIVA DE ELETRIFICAÇÃO RURAL DE RESENDE LTDA.,Ceres,COOPERATIVA DE ELETRIFICAÇÃO RURAL DE RESENDE LTDA.,Ceres — COOPERATIVA DE ELETRIFICAÇÃO RURAL DE RESENDE LTDA.,nao_classificado,6680,94,309.76,69735,P,86,69735.0,0.01407185628742515,False,False,134.79601347960136,0.004441958844195884,3.29531914893617,pos_2022,REN_1000,True
2023,1,ceres,ceres,Ceres,COOPERATIVA DE ELETRIFICAÇÃO RURAL DE RESENDE LTDA.,Ceres,COOPERATIVA DE ELETRIFICAÇÃO RURAL DE RESENDE LTDA.,Ceres — COOPERATIVA DE ELETRIFICAÇÃO RURAL DE RESENDE LTDA.,rural,172,1,83.96,69735,P,86,69735.0,0.005813953488372093,False,False,1.4340001434000145,0.001203986520398652,83.96,pos_2022,REN_1000,True
2023,1,ceres,ceres,Ceres,COOPERATIVA DE ELETRIFICAÇÃO RURAL DE RESENDE LTDA.,Ceres,COOPERATIVA DE ELETRIFICAÇÃO RURAL DE RESENDE LTDA.,Ceres — COOPERATIVA DE ELETRIFICAÇÃO RURAL DE RESENDE LTDA.,urbana,506,23,201.33,69735,P,86,69735.0,0.045454545454545456,False,False,32.982003298200326,0.0028870724887072492,8.753478260869565,pos_2022,REN_1000,True
2023,1,cerfox,cerfox,Cerfox,COOPERATIVA DE DISTRIBUIÇÃO DE ENERGIA FONTOURA XAVIER,Cerfox,COOPERATIVA DE DISTRIBUIÇÃO DE ENERGIA FONTOURA XAVIER,Cerfox — COOPERATIVA DE DISTRIBUIÇÃO DE ENERGIA FONTOURA XAVIER,grupo_a,0,0,0.0,193631,M,64,193631.0,,False,False,0.0,0.0,,pos_2022,REN_1000,True
2023,1,cerfox,cerfox,Cerfox,COOPERATIVA DE DISTRIBUIÇÃO DE ENERGIA FONTOURA XAVIER,Cerfox,COOPERATIVA DE DISTRIBUIÇÃO DE ENERGIA FONTOURA XAVIER,Cerfox — COOPERATIVA DE DISTRIBUIÇÃO DE ENERGIA FONTOURA XAVIER,nao_classificado,28185,130,0.0,193631,M,64,193631.0,0.004612382472946603,False,False,67.13800992609654,0.0,0.0,pos_2022,REN_1000,True
2023,1,cerfox,cerfox,Cerfox,COOPERATIVA DE DISTRIBUIÇÃO DE ENERGIA FONTOURA XAVIER,Cerfox,COOPERATIVA DE DISTRIBUIÇÃO DE ENERGIA FONTOURA XAVIER,Cerfox — COOPERATIVA DE DISTRIBUIÇÃO DE ENERGIA FONTOURA XAVIER,rural,1696,15,0.0,193631,M,64,193631.0,0.00884433962264151,False,False,7.746693453011139,0.0,0.0,pos_2022,REN_1000,True
2023,1,cerfox,cerfox,Cerfox,COOPERATIVA DE DISTRIBUIÇÃO DE ENERGIA FONTOURA XAVIER,Cerfox,COOPERATIVA DE DISTRIBUIÇÃO DE ENERGIA FONTOURA XAVIER,Cerfox — COOPERATIVA DE DISTRIBUIÇÃO DE ENERGIA FONTOURA XAVIER,urbana,797,9,88.27,193631,M,64,193631.0,0.011292346298619825,False,False,4.648016071806684,0.0004558670873981955,9.807777777777778,pos_2022,REN_1000,True
2023,1,cergal,cergal,Cergal,COOPERATIVA DE ELETRIFICAÇÃO RURAL ANITA GARIBALDI LTDA,Cergal,COOPERATIVA DE ELETRIFICAÇÃO RURAL ANITA GARIBALDI LTDA,Cergal — COOPERATIVA DE ELETRIFICAÇÃO RURAL ANITA GARIBALDI LTDA,grupo_a,0,0,0.0,243916,M,55,243916.0,,False,False,0.0,0.0,,pos_2022,REN_1000,True
2023,1,cergal,cergal,Cergal,COOPERATIVA DE ELETRIFICAÇÃO RURAL ANITA GARIBALDI LTDA,Cergal,COOPERATIVA DE ELETRIFICAÇÃO RURAL ANITA GARIBALDI LTDA,Cergal — COOPERATIVA DE ELETRIFICAÇÃO RURAL ANITA GARIBALDI LTDA,nao_classificado,51851,16,251.44,243916,M,55,243916.0,0.00030857649804246786,False,False,6.559635284278194,0.0010308466849243182,15.715,pos_2022,REN_1000,True
2023,1,cergal,cergal,Cergal,COOPERATIVA DE ELETRIFICAÇÃO RURAL ANITA GARIBALDI LTDA,Cergal,COOPERATIVA DE ELETRIFICAÇÃO RURAL ANITA GARIBALDI LTDA,Cergal — COOPERATIVA DE ELETRIFICAÇÃO RURAL ANITA GARIBALDI LTDA,rural,630,4,0.0,243916,M,55,243916.0,0.006349206349206349,False,False,1.6399088210695485,0.0,0.0,pos_2022,REN_1000,True
2023,1,cergal,cergal,Cergal,COOPERATIVA DE ELETRIFICAÇÃO RURAL ANITA GARIBALDI LTDA,Cergal,COOPERATIVA DE ELETRIFICAÇÃO RURAL ANITA GARIBALDI LTDA,Cergal — COOPERATIVA DE ELETRIFICAÇÃO RURAL ANITA GARIBALDI LTDA,urbana,2760,21,0.0,243916,M,55,243916.0,0.007608695652173913,False,False,8.60952131061513,0.0,0.0,pos_2022,REN_1000,True
2023,1,cergapa,cergapa,Cergapa,COOPERATIVA DE ELETRICIDADE DE GRÃO PARÁ,Cergapa,COOPERATIVA DE ELETRICIDADE DE GRÃO PARÁ,Cergapa — COOPERATIVA DE ELETRICIDADE DE GRÃO PARÁ,grupo_a,0,0,0.0,47709,P,94,47709.0,,False,False,0.0,0.0,,pos_2022,REN_1000,True
2023,1,cergapa,cergapa,Cergapa,COOPERATIVA DE ELETRICIDADE DE GRÃO PARÁ,Cergapa,COOPERATIVA DE ELETRICIDADE DE GRÃO PARÁ,Cergapa — COOPERATIVA DE ELETRICIDADE DE GRÃO PARÁ,nao_classificado,2603,6,0.0,47709,P,94,47709.0,0.002305032654629274,False,False,12.576243476073698,0.0,0.0,pos_2022,REN_1000,True
2023,1,cergapa,cergapa,Cergapa,COOPERATIVA DE ELETRICIDADE DE GRÃO PARÁ,Cergapa,COOPERATIVA DE ELETRICIDADE DE GRÃO PARÁ,Cergapa — COOPERATIVA DE ELETRICIDADE DE GRÃO PARÁ,rural,211,0,1.0,47709,P,94,47709.0,0.0,False,False,0.0,2.0960405793456162e-05,,pos_2022,REN_1000,True
2023,1,cergapa,cergapa,Cergapa,COOPERATIVA DE ELETRICIDADE DE GRÃO PARÁ,Cergapa,COOPERATIVA DE ELETRICIDADE DE GRÃO PARÁ,Cergapa — COOPERATIVA DE ELETRICIDADE DE GRÃO PARÁ,urbana,228,0,0.0,47709,P,94,47709.0,0.0,False,False,0.0,0.0,,pos_2022,REN_1000,True
2023,1,cergral,cergral,Cergral,COOPERATIVA DE ELETRICIDADE DE GRAVATAL,Cergral,COOPERATIVA DE ELETRICIDADE DE GRAVATAL,Cergral — COOPERATIVA DE ELETRICIDADE DE GRAVATAL,grupo_a,0,0,0.0,82236,P,85,82236.0,,False,False,0.0,0.0,,pos_2022,REN_1000,True
2023,1,cergral,cergral,Cergral,COOPERATIVA DE ELETRICIDADE DE GRAVATAL,Cergral,COOPERATIVA DE ELETRICIDADE DE GRAVATAL,Cergral — COOPERATIVA DE ELETRICIDADE DE GRAVATAL,nao_classificado,25456,25,0.0,82236,P,85,82236.0,0.0009820867379006914,False,False,30.400311299187702,0.0,0.0,pos_2022,REN_1000,True
2023,1,cergral,cergral,Cergral,COOPERATIVA DE ELETRICIDADE DE GRAVATAL,Cergral,COOPERATIVA DE ELETRICIDADE DE GRAVATAL,Cergral — COOPERATIVA DE ELETRICIDADE DE GRAVATAL,rural,1362,7,0.0,82236,P,85,82236.0,0.005139500734214391,False,False,8.512087163772556,0.0,0.0,pos_2022,REN_1000,True
2023,1,cergral,cergral,Cergral,COOPERATIVA DE ELETRICIDADE DE GRAVATAL,Cergral,COOPERATIVA DE ELETRICIDADE DE GRAVATAL,Cergral — COOPERATIVA DE ELETRICIDADE DE GRAVATAL,urbana,1069,33,71.09,82236,P,85,82236.0,0.03086997193638915,False,False,40.12841091492777,0.0008644632521037016,2.1542424242424243,pos_2022,REN_1000,True
2023,1,ceriluz,ceriluz,Ceriluz,COOPERATIVA REGIONAL DE ENERGIA E DESENVOLVIMENTO IJUÍ LTDA,Ceriluz,COOPERATIVA REGIONAL DE ENERGIA E DESENVOLVIMENTO IJUÍ LTDA,Ceriluz — COOPERATIVA REGIONAL DE ENERGIA E DESENVOLVIMENTO IJUÍ LTDA,grupo_a,0,0,0.0,179421,M,68,179421.0,,False,False,0.0,0.0,,pos_2022,REN_1000,True
2023,1,ceriluz,ceriluz,Ceriluz,COOPERATIVA REGIONAL DE ENERGIA E DESENVOLVIMENTO IJUÍ LTDA,Ceriluz,COOPERATIVA REGIONAL DE ENERGIA E DESENVOLVIMENTO IJUÍ LTDA,Ceriluz — COOPERATIVA REGIONAL DE ENERGIA E DESENVOLVIMENTO IJUÍ LTDA,nao_classificado,45745,6,340.69,179421,M,68,179421.0,0.0001311618756148213,False,False,3.3440901566706236,0.0018988301257935247,56.781666666666666,pos_2022,REN_1000,True
2023,1,ceriluz,ceriluz,Ceriluz,COOPERATIVA REGIONAL DE ENERGIA E DESENVOLVIMENTO IJUÍ LTDA,Ceriluz,COOPERATIVA REGIONAL DE ENERGIA E DESENVOLVIMENTO IJUÍ LTDA,Ceriluz — COOPERATIVA REGIONAL DE ENERGIA E DESENVOLVIMENTO IJUÍ LTDA,rural,1075,0,0.0,179421,M,68,179421.0,0.0,False,False,0.0,0.0,,pos_2022,REN_1000,True
2023,1,ceriluz,ceriluz,Ceriluz,COOPERATIVA REGIONAL DE ENERGIA E DESENVOLVIMENTO IJUÍ LTDA,Ceriluz,COOPERATIVA REGIONAL DE ENERGIA E DESENVOLVIMENTO IJUÍ LTDA,Ceriluz — COOPERATIVA REGIONAL DE ENERGIA E DESENVOLVIMENTO IJUÍ LTDA,urbana,238,0,0.0,179421,M,68,179421.0,0.0,False,False,0.0,0.0,,pos_2022,REN_1000,True
2023,1,cerim,cerim,Cerim,COOPERATIVA DE ELETRIFICAÇÃO E DESENVOLVIMENTO DA REGIÃO DE ITU-MAIRINQUE,Cerim,COOPERATIVA DE ELETRIFICAÇÃO E DESENVOLVIMENTO DA REGIÃO DE ITU-MAIRINQUE,Cerim — COOPERATIVA DE ELETRIFICAÇÃO E DESENVOLVIMENTO DA REGIÃO DE ITU-MAIRINQUE,grupo_a,0,0,0.0,186069,M,66,186069.0,,False,False,0.0,0.0,,pos_2022,REN_1000,True
2023,1,cerim,cerim,Cerim,COOPERATIVA DE ELETRIFICAÇÃO E DESENVOLVIMENTO DA REGIÃO DE ITU-MAIRINQUE,Cerim,COOPERATIVA DE ELETRIFICAÇÃO E DESENVOLVIMENTO DA REGIÃO DE ITU-MAIRINQUE,Cerim — COOPERATIVA DE ELETRIFICAÇÃO E DESENVOLVIMENTO DA REGIÃO DE ITU-MAIRINQUE,nao_classificado,37452,10,103.3,186069,M,66,186069.0,0.00026700843746662396,False,False,5.3743503753983735,0.000555170393778652,10.33,pos_2022,REN_1000,True
2023,1,cerim,cerim,Cerim,COOPERATIVA DE ELETRIFICAÇÃO E DESENVOLVIMENTO DA REGIÃO DE ITU-MAIRINQUE,Cerim,COOPERATIVA DE ELETRIFICAÇÃO E DESENVOLVIMENTO DA REGIÃO DE ITU-MAIRINQUE,Cerim — COOPERATIVA DE ELETRIFICAÇÃO E DESENVOLVIMENTO DA REGIÃO DE ITU-MAIRINQUE,rural,1854,0,0.0,186069,M,66,186069.0,0.0,False,False,0.0,0.0,,pos_2022,REN_1000,True
2023,1,cerim,cerim,Cerim,COOPERATIVA DE ELETRIFICAÇÃO E DESENVOLVIMENTO DA REGIÃO DE ITU-MAIRINQUE,Cerim,COOPERATIVA DE ELETRIFICAÇÃO E DESENVOLVIMENTO DA REGIÃO DE ITU-MAIRINQUE,Cerim — COOPERATIVA DE ELETRIFICAÇÃO E DESENVOLVIMENTO DA REGIÃO DE ITU-MAIRINQUE,urbana,3135,12,0.0,186069,M,66,186069.0,0.003827751196172249,False,False,6.449220450478048,0.0,0.0,pos_2022,REN_1000,True
2023,1,ceripa,ceripa,Ceripa,COOPERATIVA DE ELETRIFICAÇÃO RURAL DE ITAÍ-PARANAPANEMA-AVARÉ,Ceripa,COOPERATIVA DE ELETRIFICAÇÃO RURAL DE ITAÍ-PARANAPANEMA-AVARÉ,Ceripa — COOPERATIVA DE ELETRIFICAÇÃO RURAL DE ITAÍ-PARANAPANEMA-AVARÉ,grupo_a,0,0,0.0,89441,P,80,89441.0,,False,False,0.0,0.0,,pos_2022,REN_1000,True
2023,1,ceripa,ceripa,Ceripa,COOPERATIVA DE ELETRIFICAÇÃO RURAL DE ITAÍ-PARANAPANEMA-AVARÉ,Ceripa,COOPERATIVA DE ELETRIFICAÇÃO RURAL DE ITAÍ-PARANAPANEMA-AVARÉ,Ceripa — COOPERATIVA DE ELETRIFICAÇÃO RURAL DE ITAÍ-PARANAPANEMA-AVARÉ,nao_classificado,26629,4,0.0,89441,P,80,89441.0,0.00015021217469675917,False,False,4.472221911651256,0.0,0.0,pos_2022,REN_1000,True
2023,1,ceripa,ceripa,Ceripa,COOPERATIVA DE ELETRIFICAÇÃO RURAL DE ITAÍ-PARANAPANEMA-AVARÉ,Ceripa,COOPERATIVA DE ELETRIFICAÇÃO RURAL DE ITAÍ-PARANAPANEMA-AVARÉ,Ceripa — COOPERATIVA DE ELETRIFICAÇÃO RURAL DE ITAÍ-PARANAPANEMA-AVARÉ,rural,182,0,0.0,89441,P,80,89441.0,0.0,False,False,0.0,0.0,,pos_2022,REN_1000,True
2023,1,ceripa,ceripa,Ceripa,COOPERATIVA DE ELETRIFICAÇÃO RURAL DE ITAÍ-PARANAPANEMA-AVARÉ,Ceripa,COOPERATIVA DE ELETRIFICAÇÃO RURAL DE ITAÍ-PARANAPANEMA-AVARÉ,Ceripa — COOPERATIVA DE ELETRIFICAÇÃO RURAL DE ITAÍ-PARANAPANEMA-AVARÉ,urbana,787,0,0.0,89441,P,80,89441.0,0.0,False,False,0.0,0.0,,pos_2022,REN_1000,True
2023,1,ceris,ceris,Ceris,COOPERATIVA DE ELETRIFICAÇÃO RURAL DA REGIÃO DE ITAPECERICA DA SERRA,Ceris,COOPERATIVA DE ELETRIFICAÇÃO RURAL DA REGIÃO DE ITAPECERICA DA SERRA,Ceris — COOPERATIVA DE ELETRIFICAÇÃO RURAL DA REGIÃO DE ITAPECERICA DA SERRA,grupo_a,0,0,0.0,84136,P,82,84136.0,,False,False,0.0,0.0,,pos_2022,REN_1000,True
2023,1,ceris,ceris,Ceris,COOPERATIVA DE ELETRIFICAÇÃO RURAL DA REGIÃO DE ITAPECERICA DA SERRA,Ceris,COOPERATIVA DE ELETRIFICAÇÃO RURAL DA REGIÃO DE ITAPECERICA DA SERRA,Ceris — COOPERATIVA DE ELETRIFICAÇÃO RURAL DA REGIÃO DE ITAPECERICA DA SERRA,nao_classificado,28619,3,4.35,84136,P,82,84136.0,0.00010482546559977637,False,False,3.5656556052106114,5.170200627555386e-05,1.45,pos_2022,REN_1000,True
2023,1,ceris,ceris,Ceris,COOPERATIVA DE ELETRIFICAÇÃO RURAL DA REGIÃO DE ITAPECERICA DA SERRA,Ceris,COOPERATIVA DE ELETRIFICAÇÃO RURAL DA REGIÃO DE ITAPECERICA DA SERRA,Ceris — COOPERATIVA DE ELETRIFICAÇÃO RURAL DA REGIÃO DE ITAPECERICA DA SERRA,rural,890,0,0.0,84136,P,82,84136.0,0.0,False,False,0.0,0.0,,pos_2022,REN_1000,True
2023,1,ceris,ceris,Ceris,COOPERATIVA DE ELETRIFICAÇÃO RURAL DA REGIÃO DE ITAPECERICA DA SERRA,Ceris,COOPERATIVA DE ELETRIFICAÇÃO RURAL DA REGIÃO DE ITAPECERICA DA SERRA,Ceris — COOPERATIVA DE ELETRIFICAÇÃO RURAL DA REGIÃO DE ITAPECERICA DA SERRA,urbana,263,1,0.0,84136,P,82,84136.0,0.0038022813688212928,False,False,1.188551868403537,0.0,0.0,pos_2022,REN_1000,True
2023,1,cermc,cermc,Cermc,COOPERATIVA DE ELETRIFICAÇÃO E DESENVOLVIMENTO DA REGIÃO DE MOGI DAS CRUZES,Cermc,COOPERATIVA DE ELETRIFICAÇÃO E DESENVOLVIMENTO DA REGIÃO DE MOGI DAS CRUZES,Cermc — COOPERATIVA DE ELETRIFICAÇÃO E DESENVOLVIMENTO DA REGIÃO DE MOGI DAS CRUZES,grupo_a,0,0,0.0,40744,P,96,40744.0,,False,False,0.0,0.0,,pos_2022,REN_1000,True
2023,1,cermc,cermc,Cermc,COOPERATIVA DE ELETRIFICAÇÃO E DESENVOLVIMENTO DA REGIÃO DE MOGI DAS CRUZES,Cermc,COOPERATIVA DE ELETRIFICAÇÃO E DESENVOLVIMENTO DA REGIÃO DE MOGI DAS CRUZES,Cermc — COOPERATIVA DE ELETRIFICAÇÃO E DESENVOLVIMENTO DA REGIÃO DE MOGI DAS CRUZES,nao_classificado,10012,48,0.0,40744,P,96,40744.0,0.004794246903715541,False,False,117.80875711761242,0.0,0.0,pos_2022,REN_1000,True
2023,1,cermc,cermc,Cermc,COOPERATIVA DE ELETRIFICAÇÃO E DESENVOLVIMENTO DA REGIÃO DE MOGI DAS CRUZES,Cermc,COOPERATIVA DE ELETRIFICAÇÃO E DESENVOLVIMENTO DA REGIÃO DE MOGI DAS CRUZES,Cermc — COOPERATIVA DE ELETRIFICAÇÃO E DESENVOLVIMENTO DA REGIÃO DE MOGI DAS CRUZES,rural,412,1,0.0,40744,P,96,40744.0,0.0024271844660194173,False,False,2.454349106616925,0.0,0.0,pos_2022,REN_1000,True
2023,1,cermc,cermc,Cermc,COOPERATIVA DE ELETRIFICAÇÃO E DESENVOLVIMENTO DA REGIÃO DE MOGI DAS CRUZES,Cermc,COOPERATIVA DE ELETRIFICAÇÃO E DESENVOLVIMENTO DA REGIÃO DE MOGI DAS CRUZES,Cermc — COOPERATIVA DE ELETRIFICAÇÃO E DESENVOLVIMENTO DA REGIÃO DE MOGI DAS CRUZES,urbana,283,1,0.0,40744,P,96,40744.0,0.0035335689045936395,False,False,2.454349106616925,0.0,0.0,pos_2022,REN_1000,True
2023,1,cermissoes,cermissoes,Cermissões,COOPERATIVA DE DISTRIBUIÇÃO E GERAÇÃO DE ENERGIA DAS MISSÕES,Cermissões,COOPERATIVA DE DISTRIBUIÇÃO E GERAÇÃO DE ENERGIA DAS MISSÕES,Cermissões — COOPERATIVA DE DISTRIBUIÇÃO E GERAÇÃO DE ENERGIA DAS MISSÕES,grupo_a,0,0,0.0,341076,G,49,341076.0,,False,False,0.0,0.0,,pos_2022,REN_1000,True
2023,1,cermissoes,cermissoes,Cermissões,COOPERATIVA DE DISTRIBUIÇÃO E GERAÇÃO DE ENERGIA DAS MISSÕES,Cermissões,COOPERATIVA DE DISTRIBUIÇÃO E GERAÇÃO DE ENERGIA DAS MISSÕES,Cermissões — COOPERATIVA DE DISTRIBUIÇÃO E GERAÇÃO DE ENERGIA DAS MISSÕES,nao_classificado,67003,129,43440.3,341076,G,49,341076.0,0.0019252869274510097,False,False,37.821482602118,0.12736252330858813,336.746511627907,pos_2022,REN_1000,True
2023,1,cermissoes,cermissoes,Cermissões,COOPERATIVA DE DISTRIBUIÇÃO E GERAÇÃO DE ENERGIA DAS MISSÕES,Cermissões,COOPERATIVA DE DISTRIBUIÇÃO E GERAÇÃO DE ENERGIA DAS MISSÕES,Cermissões — COOPERATIVA DE DISTRIBUIÇÃO E GERAÇÃO DE ENERGIA DAS MISSÕES,rural,11141,42,860.12,341076,G,49,341076.0,0.003769859079077282,False,False,12.31397107975935,0.0025217840012196693,20.47904761904762,pos_2022,REN_1000,True
2023,1,cermissoes,cermissoes,Cermissões,COOPERATIVA DE DISTRIBUIÇÃO E GERAÇÃO DE ENERGIA DAS MISSÕES,Cermissões,COOPERATIVA DE DISTRIBUIÇÃO E GERAÇÃO DE ENERGIA DAS MISSÕES,Cermissões — COOPERATIVA DE DISTRIBUIÇÃO E GERAÇÃO DE ENERGIA DAS MISSÕES,urbana,10188,47,8255.080000000002,341076,G,49,341076.0,0.004613270514330585,False,False,13.779920017825939,0.024203051519309484,175.64000000000004,pos_2022,REN_1000,True
2023,1,cermoful,cermoful,Cermoful,COOPERATIVA FUMACENSE DE ELETRICIDADE,Cermoful,COOPERATIVA FUMACENSE DE ELETRICIDADE,Cermoful — COOPERATIVA FUMACENSE DE ELETRICIDADE,grupo_a,0,0,0.0,193334,M,65,193334.0,,False,False,0.0,0.0,,pos_2022,REN_1000,True
2023,1,cermoful,cermoful,Cermoful,COOPERATIVA FUMACENSE DE ELETRICIDADE,Cermoful,COOPERATIVA FUMACENSE DE ELETRICIDADE,Cermoful — COOPERATIVA FUMACENSE DE ELETRICIDADE,nao_classificado,36371,45,888.85,193334,M,65,193334.0,0.0012372494569849605,False,False,23.27578180764894,0.004597484146606391,19.752222222222223,pos_2022,REN_1000,True
2023,1,cermoful,cermoful,Cermoful,COOPERATIVA FUMACENSE DE ELETRICIDADE,Cermoful,COOPERATIVA FUMACENSE DE ELETRICIDADE,Cermoful — COOPERATIVA FUMACENSE DE ELETRICIDADE,rural,160,0,0.0,193334,M,65,193334.0,0.0,False,False,0.0,0.0,,pos_2022,REN_1000,True
2023,1,cermoful,cermoful,Cermoful,COOPERATIVA FUMACENSE DE ELETRICIDADE,Cermoful,COOPERATIVA FUMACENSE DE ELETRICIDADE,Cermoful — COOPERATIVA FUMACENSE DE ELETRICIDADE,urbana,2896,9,568.72,193334,M,65,193334.0,0.003107734806629834,False,False,4.655156361529788,0.0029416450288102455,63.19111111111111,pos_2022,REN_1000,True
2023,1,cernhe,cernhe,Cernhe,COOPERATIVA DE ELETRIFICAÇÃO E DESENVOLVIMENTO RURAL DA REGIÃO DE NOVO HORIZONTE,Cernhe,COOPERATIVA DE ELETRIFICAÇÃO E DESENVOLVIMENTO RURAL DA REGIÃO DE NOVO HORIZONTE,Cernhe — COOPERATIVA DE ELETRIFICAÇÃO E DESENVOLVIMENTO RURAL DA REGIÃO DE NOVO HORIZONTE,grupo_a,0,0,0.0,56083,P,90,56083.0,,False,False,0.0,0.0,,pos_2022,REN_1000,True
2023,1,cernhe,cernhe,Cernhe,COOPERATIVA DE ELETRIFICAÇÃO E DESENVOLVIMENTO RURAL DA REGIÃO DE NOVO HORIZONTE,Cernhe,COOPERATIVA DE ELETRIFICAÇÃO E DESENVOLVIMENTO RURAL DA REGIÃO DE NOVO HORIZONTE,Cernhe — COOPERATIVA DE ELETRIFICAÇÃO E DESENVOLVIMENTO RURAL DA REGIÃO DE NOVO HORIZONTE,nao_classificado,7415,24,0.0,56083,P,90,56083.0,0.003236682400539447,False,False,42.79371645596705,0.0,0.0,pos_2022,REN_1000,True
2023,1,cernhe,cernhe,Cernhe,COOPERATIVA DE ELETRIFICAÇÃO E DESENVOLVIMENTO RURAL DA REGIÃO DE NOVO HORIZONTE,Cernhe,COOPERATIVA DE ELETRIFICAÇÃO E DESENVOLVIMENTO RURAL DA REGIÃO DE NOVO HORIZONTE,Cernhe — COOPERATIVA DE ELETRIFICAÇÃO E DESENVOLVIMENTO RURAL DA REGIÃO DE NOVO HORIZONTE,rural,380,1,0.0,56083,P,90,56083.0,0.002631578947368421,False,False,1.783071518998627,0.0,0.0,pos_2022,REN_1000,True
2023,1,cernhe,cernhe,Cernhe,COOPERATIVA DE ELETRIFICAÇÃO E DESENVOLVIMENTO RURAL DA REGIÃO DE NOVO HORIZONTE,Cernhe,COOPERATIVA DE ELETRIFICAÇÃO E DESENVOLVIMENTO RURAL DA REGIÃO DE NOVO HORIZONTE,Cernhe — COOPERATIVA DE ELETRIFICAÇÃO E DESENVOLVIMENTO RURAL DA REGIÃO DE NOVO HORIZONTE,urbana,0,0,0.0,56083,P,90,56083.0,,False,False,0.0,0.0,,pos_2022,REN_1000,True
2023,1,cerpalo,cerpalo,Cerpalo,COOPERATIVA DE ELETRIFICAÇÃO DE PAULO LOPES,Cerpalo,COOPERATIVA DE ELETRIFICAÇÃO DE PAULO LOPES,Cerpalo — COOPERATIVA DE ELETRIFICAÇÃO DE PAULO LOPES,grupo_a,0,0,0.0,199366,M,63,199366.0,,False,False,0.0,0.0,,pos_2022,REN_1000,True
2023,1,cerpalo,cerpalo,Cerpalo,COOPERATIVA DE ELETRIFICAÇÃO DE PAULO LOPES,Cerpalo,COOPERATIVA DE ELETRIFICAÇÃO DE PAULO LOPES,Cerpalo — COOPERATIVA DE ELETRIFICAÇÃO DE PAULO LOPES,nao_classificado,70118,7,0.0,199366,M,63,199366.0,9.983171225648193e-05,False,False,3.511130282997101,0.0,0.0,pos_2022,REN_1000,True
2023,1,cerpalo,cerpalo,Cerpalo,COOPERATIVA DE ELETRIFICAÇÃO DE PAULO LOPES,Cerpalo,COOPERATIVA DE ELETRIFICAÇÃO DE PAULO LOPES,Cerpalo — COOPERATIVA DE ELETRIFICAÇÃO DE PAULO LOPES,rural,303,0,0.0,199366,M,63,199366.0,0.0,False,False,0.0,0.0,,pos_2022,REN_1000,True
2023,1,cerpalo,cerpalo,Cerpalo,COOPERATIVA DE ELETRIFICAÇÃO DE PAULO LOPES,Cerpalo,COOPERATIVA DE ELETRIFICAÇÃO DE PAULO LOPES,Cerpalo — COOPERATIVA DE ELETRIFICAÇÃO DE PAULO LOPES,urbana,4343,3,0.0,199366,M,63,199366.0,0.000690766751093714,False,False,1.504770121284472,0.0,0.0,pos_2022,REN_1000,True
2023,1,cerpro,cerpro,Cerpro,COOPERATIVA DE ELETRIFICAÇÃO RURAL DA REGIÃO DE PROMISSÃO,Cerpro,COOPERATIVA DE ELETRIFICAÇÃO RURAL DA REGIÃO DE PROMISSÃO,Cerpro — COOPERATIVA DE ELETRIFICAÇÃO RURAL DA REGIÃO DE PROMISSÃO,grupo_a,0,0,0.0,24464,P,99,24464.0,,False,False,0.0,0.0,,pos_2022,REN_1000,True
2023,1,cerpro,cerpro,Cerpro,COOPERATIVA DE ELETRIFICAÇÃO RURAL DA REGIÃO DE PROMISSÃO,Cerpro,COOPERATIVA DE ELETRIFICAÇÃO RURAL DA REGIÃO DE PROMISSÃO,Cerpro — COOPERATIVA DE ELETRIFICAÇÃO RURAL DA REGIÃO DE PROMISSÃO,nao_classificado,4690,1,0.0,24464,P,99,24464.0,0.00021321961620469082,False,False,4.087638979725311,0.0,0.0,pos_2022,REN_1000,True
2023,1,cerpro,cerpro,Cerpro,COOPERATIVA DE ELETRIFICAÇÃO RURAL DA REGIÃO DE PROMISSÃO,Cerpro,COOPERATIVA DE ELETRIFICAÇÃO RURAL DA REGIÃO DE PROMISSÃO,Cerpro — COOPERATIVA DE ELETRIFICAÇÃO RURAL DA REGIÃO DE PROMISSÃO,rural,176,1,0.0,24464,P,99,24464.0,0.005681818181818182,False,False,4.087638979725311,0.0,0.0,pos_2022,REN_1000,True
2023,1,cerpro,cerpro,Cerpro,COOPERATIVA DE ELETRIFICAÇÃO RURAL DA REGIÃO DE PROMISSÃO,Cerpro,COOPERATIVA DE ELETRIFICAÇÃO RURAL DA REGIÃO DE PROMISSÃO,Cerpro — COOPERATIVA DE ELETRIFICAÇÃO RURAL DA REGIÃO DE PROMISSÃO,urbana,83,0,0.0,24464,P,99,24464.0,0.0,False,False,0.0,0.0,,pos_2022,REN_1000,True
2023,1,cerrp,cerrp,Cerrp,COOPERATIVA DE ELETRIFICAÇÃO E DESENVOLVIMENTO DA REGIÃO DE SÃO JOSÉ DO RIO PRETO,Cerrp,COOPERATIVA DE ELETRIFICAÇÃO E DESENVOLVIMENTO DA REGIÃO DE SÃO JOSÉ DO RIO PRETO,Cerrp — COOPERATIVA DE ELETRIFICAÇÃO E DESENVOLVIMENTO DA REGIÃO DE SÃO JOSÉ DO RIO PRETO,grupo_a,0,0,0.0,62892,P,89,62892.0,,False,False,0.0,0.0,,pos_2022,REN_1000,True
2023,1,cerrp,cerrp,Cerrp,COOPERATIVA DE ELETRIFICAÇÃO E DESENVOLVIMENTO DA REGIÃO DE SÃO JOSÉ DO RIO PRETO,Cerrp,COOPERATIVA DE ELETRIFICAÇÃO E DESENVOLVIMENTO DA REGIÃO DE SÃO JOSÉ DO RIO PRETO,Cerrp — COOPERATIVA DE ELETRIFICAÇÃO E DESENVOLVIMENTO DA REGIÃO DE SÃO JOSÉ DO RIO PRETO,nao_classificado,12798,16,0.0,62892,P,89,62892.0,0.0012501953430223472,False,False,25.440437575526303,0.0,0.0,pos_2022,REN_1000,True
2023,1,cerrp,cerrp,Cerrp,COOPERATIVA DE ELETRIFICAÇÃO E DESENVOLVIMENTO DA REGIÃO DE SÃO JOSÉ DO RIO PRETO,Cerrp,COOPERATIVA DE ELETRIFICAÇÃO E DESENVOLVIMENTO DA REGIÃO DE SÃO JOSÉ DO RIO PRETO,Cerrp — COOPERATIVA DE ELETRIFICAÇÃO E DESENVOLVIMENTO DA REGIÃO DE SÃO JOSÉ DO RIO PRETO,rural,673,0,0.0,62892,P,89,62892.0,0.0,False,False,0.0,0.0,,pos_2022,REN_1000,True
2023,1,cerrp,cerrp,Cerrp,COOPERATIVA DE ELETRIFICAÇÃO E DESENVOLVIMENTO DA REGIÃO DE SÃO JOSÉ DO RIO PRETO,Cerrp,COOPERATIVA DE ELETRIFICAÇÃO E DESENVOLVIMENTO DA REGIÃO DE SÃO JOSÉ DO RIO PRETO,Cerrp — COOPERATIVA DE ELETRIFICAÇÃO E DESENVOLVIMENTO DA REGIÃO DE SÃO JOSÉ DO RIO PRETO,urbana,57,0,0.0,62892,P,89,62892.0,0.0,False,False,0.0,0.0,,pos_2022,REN_1000,True
2023,1,cersad,cersad,Cersad,COOPERATIVA DE DISTRIBUIÇÃO DE ENERGIA ELÉTRICA SALTO DONNER,Cersad,COOPERATIVA DE DISTRIBUIÇÃO DE ENERGIA ELÉTRICA SALTO DONNER,Cersad — COOPERATIVA DE DISTRIBUIÇÃO DE ENERGIA ELÉTRICA SALTO DONNER,grupo_a,0,0,0.0,16531,P,100,16531.0,,False,False,0.0,0.0,,pos_2022,REN_1000,True
2023,1,cersad,cersad,Cersad,COOPERATIVA DE DISTRIBUIÇÃO DE ENERGIA ELÉTRICA SALTO DONNER,Cersad,COOPERATIVA DE DISTRIBUIÇÃO DE ENERGIA ELÉTRICA SALTO DONNER,Cersad — COOPERATIVA DE DISTRIBUIÇÃO DE ENERGIA ELÉTRICA SALTO DONNER,nao_classificado,1294,0,0.0,16531,P,100,16531.0,0.0,False,False,0.0,0.0,,pos_2022,REN_1000,True
2023,1,cersad,cersad,Cersad,COOPERATIVA DE DISTRIBUIÇÃO DE ENERGIA ELÉTRICA SALTO DONNER,Cersad,COOPERATIVA DE DISTRIBUIÇÃO DE ENERGIA ELÉTRICA SALTO DONNER,Cersad — COOPERATIVA DE DISTRIBUIÇÃO DE ENERGIA ELÉTRICA SALTO DONNER,rural,226,0,0.0,16531,P,100,16531.0,0.0,False,False,0.0,0.0,,pos_2022,REN_1000,True
2023,1,cersad,cersad,Cersad,COOPERATIVA DE DISTRIBUIÇÃO DE ENERGIA ELÉTRICA SALTO DONNER,Cersad,COOPERATIVA DE DISTRIBUIÇÃO DE ENERGIA ELÉTRICA SALTO DONNER,Cersad — COOPERATIVA DE DISTRIBUIÇÃO DE ENERGIA ELÉTRICA SALTO DONNER,urbana,0,0,0.0,16531,P,100,16531.0,,False,False,0.0,0.0,,pos_2022,REN_1000,True
2023,1,cersul,cersul,Cersul,COOPERATIVA DE DISTRIBUIÇÃOI DE ENERGIA,Cersul,COOPERATIVA DE DISTRIBUIÇÃOI DE ENERGIA,Cersul — COOPERATIVA DE DISTRIBUIÇÃOI DE ENERGIA,grupo_a,0,0,0.0,222624,M,57,222624.0,,False,False,0.0,0.0,,pos_2022,REN_1000,True
2023,1,cersul,cersul,Cersul,COOPERATIVA DE DISTRIBUIÇÃOI DE ENERGIA,Cersul,COOPERATIVA DE DISTRIBUIÇÃOI DE ENERGIA,Cersul — COOPERATIVA DE DISTRIBUIÇÃOI DE ENERGIA,nao_classificado,70089,18,5812.8099999999995,222624,M,57,222624.0,0.0002568163335188118,False,False,8.085381630012938,0.02611043732930861,322.9338888888889,pos_2022,REN_1000,True
2023,1,cersul,cersul,Cersul,COOPERATIVA DE DISTRIBUIÇÃOI DE ENERGIA,Cersul,COOPERATIVA DE DISTRIBUIÇÃOI DE ENERGIA,Cersul — COOPERATIVA DE DISTRIBUIÇÃOI DE ENERGIA,rural,1121,0,0.0,222624,M,57,222624.0,0.0,False,False,0.0,0.0,,pos_2022,REN_1000,True
2023,1,cersul,cersul,Cersul,COOPERATIVA DE DISTRIBUIÇÃOI DE ENERGIA,Cersul,COOPERATIVA DE DISTRIBUIÇÃOI DE ENERGIA,Cersul — COOPERATIVA DE DISTRIBUIÇÃOI DE ENERGIA,urbana,1177,0,0.0,222624,M,57,222624.0,0.0,False,False,0.0,0.0,,pos_2022,REN_1000,True
2023,1,certaja,certaja_energia,Certaja Energia,COOPERATIVA REGIONAL DE ENERGIA TAQUARI JACUÍ,Certaja Energia,COOPERATIVA REGIONAL DE ENERGIA TAQUARI JACUÍ,Certaja Energia — COOPERATIVA REGIONAL DE ENERGIA TAQUARI JACUÍ,grupo_a,0,0,0.0,316205,G,51,316205.0,,False,False,0.0,0.0,,pos_2022,REN_1000,True
2023,1,certaja,certaja_energia,Certaja Energia,COOPERATIVA REGIONAL DE ENERGIA TAQUARI JACUÍ,Certaja Energia,COOPERATIVA REGIONAL DE ENERGIA TAQUARI JACUÍ,Certaja Energia — COOPERATIVA REGIONAL DE ENERGIA TAQUARI JACUÍ,nao_classificado,49678,19,0.0,316205,G,51,316205.0,0.0003824630621200531,False,False,6.008760139782736,0.0,0.0,pos_2022,REN_1000,True
2023,1,certaja,certaja_energia,Certaja Energia,COOPERATIVA REGIONAL DE ENERGIA TAQUARI JACUÍ,Certaja Energia,COOPERATIVA REGIONAL DE ENERGIA TAQUARI JACUÍ,Certaja Energia — COOPERATIVA REGIONAL DE ENERGIA TAQUARI JACUÍ,rural,5307,12,0.0,316205,G,51,316205.0,0.0022611644997173543,False,False,3.795006404073307,0.0,0.0,pos_2022,REN_1000,True
2023,1,certaja,certaja_energia,Certaja Energia,COOPERATIVA REGIONAL DE ENERGIA TAQUARI JACUÍ,Certaja Energia,COOPERATIVA REGIONAL DE ENERGIA TAQUARI JACUÍ,Certaja Energia — COOPERATIVA REGIONAL DE ENERGIA TAQUARI JACUÍ,urbana,1502,4,0.0,316205,G,51,316205.0,0.002663115845539281,False,False,1.2650021346911022,0.0,0.0,pos_2022,REN_1000,True
2023,1,certel,certel_energia,Certel Energia,COOPERATIVA DE DISTRIBUIÇÃO DE ENERGIA TEUTÔNIA,Certel Energia,COOPERATIVA DE DISTRIBUIÇÃO DE ENERGIA TEUTÔNIA,Certel Energia — COOPERATIVA DE DISTRIBUIÇÃO DE ENERGIA TEUTÔNIA,grupo_a,0,0,0.0,881781,G,40,881781.0,,False,False,0.0,0.0,,pos_2022,REN_1000,True
2023,1,certel,certel_energia,Certel Energia,COOPERATIVA DE DISTRIBUIÇÃO DE ENERGIA TEUTÔNIA,Certel Energia,COOPERATIVA DE DISTRIBUIÇÃO DE ENERGIA TEUTÔNIA,Certel Energia — COOPERATIVA DE DISTRIBUIÇÃO DE ENERGIA TEUTÔNIA,nao_classificado,116243,80,0.0,881781,G,40,881781.0,0.0006882134838226818,False,False,9.07254749195095,0.0,0.0,pos_2022,REN_1000,True
2023,1,certel,certel_energia,Certel Energia,COOPERATIVA DE DISTRIBUIÇÃO DE ENERGIA TEUTÔNIA,Certel Energia,COOPERATIVA DE DISTRIBUIÇÃO DE ENERGIA TEUTÔNIA,Certel Energia — COOPERATIVA DE DISTRIBUIÇÃO DE ENERGIA TEUTÔNIA,rural,2048,12,0.0,881781,G,40,881781.0,0.005859375,False,False,1.3608821237926423,0.0,0.0,pos_2022,REN_1000,True
2023,1,certel,certel_energia,Certel Energia,COOPERATIVA DE DISTRIBUIÇÃO DE ENERGIA TEUTÔNIA,Certel Energia,COOPERATIVA DE DISTRIBUIÇÃO DE ENERGIA TEUTÔNIA,Certel Energia — COOPERATIVA DE DISTRIBUIÇÃO DE ENERGIA TEUTÔNIA,urbana,9765,10,0.0,881781,G,40,881781.0,0.0010240655401945725,False,False,1.1340684364938687,0.0,0.0,pos_2022,REN_1000,True
2023,1,certhil,certhil,Certhil,COOPERATIVA DE DISTRIBUIÇÃO DE ENERGIA ENTRE RIOS LTDA,Certhil,COOPERATIVA DE DISTRIBUIÇÃO DE ENERGIA ENTRE RIOS LTDA,Certhil — COOPERATIVA DE DISTRIBUIÇÃO DE ENERGIA ENTRE RIOS LTDA,grupo_a,0,0,0.0,103554,M,74,103554.0,,False,False,0.0,0.0,,pos_2022,REN_1000,True
2023,1,certhil,certhil,Certhil,COOPERATIVA DE DISTRIBUIÇÃO DE ENERGIA ENTRE RIOS LTDA,Certhil,COOPERATIVA DE DISTRIBUIÇÃO DE ENERGIA ENTRE RIOS LTDA,Certhil — COOPERATIVA DE DISTRIBUIÇÃO DE ENERGIA ENTRE RIOS LTDA,nao_classificado,15635,4,0.0,103554,M,74,103554.0,0.00025583626479053407,False,False,3.862718967881492,0.0,0.0,pos_2022,REN_1000,True
2023,1,certhil,certhil,Certhil,COOPERATIVA DE DISTRIBUIÇÃO DE ENERGIA ENTRE RIOS LTDA,Certhil,COOPERATIVA DE DISTRIBUIÇÃO DE ENERGIA ENTRE RIOS LTDA,Certhil — COOPERATIVA DE DISTRIBUIÇÃO DE ENERGIA ENTRE RIOS LTDA,rural,1097,3,0.0,103554,M,74,103554.0,0.0027347310847766638,False,False,2.8970392259111186,0.0,0.0,pos_2022,REN_1000,True
2023,1,certhil,certhil,Certhil,COOPERATIVA DE DISTRIBUIÇÃO DE ENERGIA ENTRE RIOS LTDA,Certhil,COOPERATIVA DE DISTRIBUIÇÃO DE ENERGIA ENTRE RIOS LTDA,Certhil — COOPERATIVA DE DISTRIBUIÇÃO DE ENERGIA ENTRE RIOS LTDA,urbana,0,0,0.0,103554,M,74,103554.0,,False,False,0.0,0.0,,pos_2022,REN_1000,True
2023,1,certrel,certrel,Certrel,COOPERATIVA DE ENERGIA TREVISO,Certrel,COOPERATIVA DE ENERGIA TREVISO,Certrel — COOPERATIVA DE ENERGIA TREVISO,grupo_a,0,0,0.0,55976,P,91,55976.0,,False,False,0.0,0.0,,pos_2022,REN_1000,True
2023,1,certrel,certrel,Certrel,COOPERATIVA DE ENERGIA TREVISO,Certrel,COOPERATIVA DE ENERGIA TREVISO,Certrel — COOPERATIVA DE ENERGIA TREVISO,nao_classificado,11410,17,0.0,55976,P,91,55976.0,0.0014899211218229623,False,False,30.370158639416893,0.0,0.0,pos_2022,REN_1000,True
2023,1,certrel,certrel,Certrel,COOPERATIVA DE ENERGIA TREVISO,Certrel,COOPERATIVA DE ENERGIA TREVISO,Certrel — COOPERATIVA DE ENERGIA TREVISO,rural,275,0,0.0,55976,P,91,55976.0,0.0,False,False,0.0,0.0,,pos_2022,REN_1000,True
2023,1,certrel,certrel,Certrel,COOPERATIVA DE ENERGIA TREVISO,Certrel,COOPERATIVA DE ENERGIA TREVISO,Certrel — COOPERATIVA DE ENERGIA TREVISO,urbana,253,0,0.0,55976,P,91,55976.0,0.0,False,False,0.0,0.0,,pos_2022,REN_1000,True
2023,1,cervam,cervam,Cervam,COOPERATIVA DE ENERGIZAÇÃO E DE DESENVOLVIMENTO DO VALE DO MOGI,Cervam,COOPERATIVA DE ENERGIZAÇÃO E DE DESENVOLVIMENTO DO VALE DO MOGI,Cervam — COOPERATIVA DE ENERGIZAÇÃO E DE DESENVOLVIMENTO DO VALE DO MOGI,grupo_a,0,0,0.0,55940,P,92,55940.0,,False,False,0.0,0.0,,pos_2022,REN_1000,True
2023,1,cervam,cervam,Cervam,COOPERATIVA DE ENERGIZAÇÃO E DE DESENVOLVIMENTO DO VALE DO MOGI,Cervam,COOPERATIVA DE ENERGIZAÇÃO E DE DESENVOLVIMENTO DO VALE DO MOGI,Cervam — COOPERATIVA DE ENERGIZAÇÃO E DE DESENVOLVIMENTO DO VALE DO MOGI,nao_classificado,7696,14,0.0,55940,P,92,55940.0,0.0018191268191268192,False,False,25.026814444047194,0.0,0.0,pos_2022,REN_1000,True
2023,1,cervam,cervam,Cervam,COOPERATIVA DE ENERGIZAÇÃO E DE DESENVOLVIMENTO DO VALE DO MOGI,Cervam,COOPERATIVA DE ENERGIZAÇÃO E DE DESENVOLVIMENTO DO VALE DO MOGI,Cervam — COOPERATIVA DE ENERGIZAÇÃO E DE DESENVOLVIMENTO DO VALE DO MOGI,rural,189,1,0.0,55940,P,92,55940.0,0.005291005291005291,False,False,1.7876296031462282,0.0,0.0,pos_2022,REN_1000,True
2023,1,cervam,cervam,Cervam,COOPERATIVA DE ENERGIZAÇÃO E DE DESENVOLVIMENTO DO VALE DO MOGI,Cervam,COOPERATIVA DE ENERGIZAÇÃO E DE DESENVOLVIMENTO DO VALE DO MOGI,Cervam — COOPERATIVA DE ENERGIZAÇÃO E DE DESENVOLVIMENTO DO VALE DO MOGI,urbana,830,0,0.0,55940,P,92,55940.0,0.0,False,False,0.0,0.0,,pos_2022,REN_1000,True
2023,1,cetril,cetril,Cetril,COOPERATIVA DE ELETRIFICAÇÃO DE IBIÚNA E REGIÃO,Cetril,COOPERATIVA DE ELETRIFICAÇÃO DE IBIÚNA E REGIÃO,Cetril — COOPERATIVA DE ELETRIFICAÇÃO DE IBIÚNA E REGIÃO,grupo_a,0,0,0.0,385358,G,48,385358.0,,False,False,0.0,0.0,,pos_2022,REN_1000,True
2023,1,cetril,cetril,Cetril,COOPERATIVA DE ELETRIFICAÇÃO DE IBIÚNA E REGIÃO,Cetril,COOPERATIVA DE ELETRIFICAÇÃO DE IBIÚNA E REGIÃO,Cetril — COOPERATIVA DE ELETRIFICAÇÃO DE IBIÚNA E REGIÃO,nao_classificado,86649,78,0.0,385358,G,48,385358.0,0.0009001834989440155,False,False,20.240918833915476,0.0,0.0,pos_2022,REN_1000,True
2023,1,cetril,cetril,Cetril,COOPERATIVA DE ELETRIFICAÇÃO DE IBIÚNA E REGIÃO,Cetril,COOPERATIVA DE ELETRIFICAÇÃO DE IBIÚNA E REGIÃO,Cetril — COOPERATIVA DE ELETRIFICAÇÃO DE IBIÚNA E REGIÃO,rural,7967,7,0.0,385358,G,48,385358.0,0.0008786243253420359,False,False,1.8164927158642095,0.0,0.0,pos_2022,REN_1000,True
2023,1,cetril,cetril,Cetril,COOPERATIVA DE ELETRIFICAÇÃO DE IBIÚNA E REGIÃO,Cetril,COOPERATIVA DE ELETRIFICAÇÃO DE IBIÚNA E REGIÃO,Cetril — COOPERATIVA DE ELETRIFICAÇÃO DE IBIÚNA E REGIÃO,urbana,0,0,0.0,385358,G,48,385358.0,,False,False,0.0,0.0,,pos_2022,REN_1000,True
2023,1,chesp,chesp,Chesp,COMPANHIA HIDROELÉTRICA SÃO PATRÍCIO,Chesp,COMPANHIA HIDROELÉTRICA SÃO PATRÍCIO,Chesp — COMPANHIA HIDROELÉTRICA SÃO PATRÍCIO,grupo_a,0,0,0.0,482498,G,45,482498.0,,False,False,0.0,0.0,,pos_2022,REN_1000,True
2023,1,chesp,chesp,Chesp,COMPANHIA HIDROELÉTRICA SÃO PATRÍCIO,Chesp,COMPANHIA HIDROELÉTRICA SÃO PATRÍCIO,Chesp — COMPANHIA HIDROELÉTRICA SÃO PATRÍCIO,nao_classificado,23669,11,0.0,482498,G,45,482498.0,0.00046474291267058177,False,False,2.279802196071279,0.0,0.0,pos_2022,REN_1000,True
2023,1,chesp,chesp,Chesp,COMPANHIA HIDROELÉTRICA SÃO PATRÍCIO,Chesp,COMPANHIA HIDROELÉTRICA SÃO PATRÍCIO,Chesp — COMPANHIA HIDROELÉTRICA SÃO PATRÍCIO,rural,273,3,0.0,482498,G,45,482498.0,0.01098901098901099,False,False,0.621764235292167,0.0,0.0,pos_2022,REN_1000,True
2023,1,chesp,chesp,Chesp,COMPANHIA HIDROELÉTRICA SÃO PATRÍCIO,Chesp,COMPANHIA HIDROELÉTRICA SÃO PATRÍCIO,Chesp — COMPANHIA HIDROELÉTRICA SÃO PATRÍCIO,urbana,3340,0,0.0,482498,G,45,482498.0,0.0,False,False,0.0,0.0,,pos_2022,REN_1000,True
2023,1,cocel,cocel,Cocel,COMPANHIA CAMPOLARGUENSE DE ENERGIA,Cocel,COMPANHIA CAMPOLARGUENSE DE ENERGIA,Cocel — COMPANHIA CAMPOLARGUENSE DE ENERGIA,grupo_a,0,0,0.0,708079,G,41,708079.0,,False,False,0.0,0.0,,pos_2022,REN_1000,True
2023,1,cocel,cocel,Cocel,COMPANHIA CAMPOLARGUENSE DE ENERGIA,Cocel,COMPANHIA CAMPOLARGUENSE DE ENERGIA,Cocel — COMPANHIA CAMPOLARGUENSE DE ENERGIA,nao_classificado,186828,92,8963.14,708079,G,41,708079.0,0.0004924315413107243,False,False,12.99290050968889,0.012658389812436182,97.42543478260869,pos_2022,REN_1000,True
2023,1,cocel,cocel,Cocel,COMPANHIA CAMPOLARGUENSE DE ENERGIA,Cocel,COMPANHIA CAMPOLARGUENSE DE ENERGIA,Cocel — COMPANHIA CAMPOLARGUENSE DE ENERGIA,rural,889,2,211.27,708079,G,41,708079.0,0.0022497187851518562,False,False,0.28245435890628023,0.0002983706620306491,105.635,pos_2022,REN_1000,True
2023,1,cocel,cocel,Cocel,COMPANHIA CAMPOLARGUENSE DE ENERGIA,Cocel,COMPANHIA CAMPOLARGUENSE DE ENERGIA,Cocel — COMPANHIA CAMPOLARGUENSE DE ENERGIA,urbana,18069,55,7112.360000000001,708079,G,41,708079.0,0.0030438873208257235,False,False,7.767494869922706,0.010044585420553358,129.31563636363637,pos_2022,REN_1000,True
2023,1,codesam,codesam,Codesam,COOPERATIVA DE DISTRIBUIÇÃO DE ENERGIA ELÉTRICA DE SANTA MARIA,Codesam,COOPERATIVA DE DISTRIBUIÇÃO DE ENERGIA ELÉTRICA DE SANTA MARIA,Codesam — COOPERATIVA DE DISTRIBUIÇÃO DE ENERGIA ELÉTRICA DE SANTA MARIA,grupo_a,0,0,0.0,4485,P,102,4485.0,,False,False,0.0,0.0,,pos_2022,REN_1000,True
2023,1,codesam,codesam,Codesam,COOPERATIVA DE DISTRIBUIÇÃO DE ENERGIA ELÉTRICA DE SANTA MARIA,Codesam,COOPERATIVA DE DISTRIBUIÇÃO DE ENERGIA ELÉTRICA DE SANTA MARIA,Codesam — COOPERATIVA DE DISTRIBUIÇÃO DE ENERGIA ELÉTRICA DE SANTA MARIA,nao_classificado,540,0,0.0,4485,P,102,4485.0,0.0,False,False,0.0,0.0,,pos_2022,REN_1000,True
2023,1,codesam,codesam,Codesam,COOPERATIVA DE DISTRIBUIÇÃO DE ENERGIA ELÉTRICA DE SANTA MARIA,Codesam,COOPERATIVA DE DISTRIBUIÇÃO DE ENERGIA ELÉTRICA DE SANTA MARIA,Codesam — COOPERATIVA DE DISTRIBUIÇÃO DE ENERGIA ELÉTRICA DE SANTA MARIA,rural,0,0,0.0,4485,P,102,4485.0,,False,False,0.0,0.0,,pos_2022,REN_1000,True
2023,1,codesam,codesam,Codesam,COOPERATIVA DE DISTRIBUIÇÃO DE ENERGIA ELÉTRICA DE SANTA MARIA,Codesam,COOPERATIVA DE DISTRIBUIÇÃO DE ENERGIA ELÉTRICA DE SANTA MARIA,Codesam — COOPERATIVA DE DISTRIBUIÇÃO DE ENERGIA ELÉTRICA DE SANTA MARIA,urbana,0,0,0.0,4485,P,102,4485.0,,False,False,0.0,0.0,,pos_2022,REN_1000,True
2023,1,coopera,coopera,Coopera,COOPERATIVA PIONEIRA DE ELETRIFICAÇÃO,Coopera,COOPERATIVA PIONEIRA DE ELETRIFICAÇÃO,Coopera — COOPERATIVA PIONEIRA DE ELETRIFICAÇÃO,grupo_a,0,0,0.0,325956,G,50,325956.0,,False,False,0.0,0.0,,pos_2022,REN_1000,True
2023,1,coopera,coopera,Coopera,COOPERATIVA PIONEIRA DE ELETRIFICAÇÃO,Coopera,COOPERATIVA PIONEIRA DE ELETRIFICAÇÃO,Coopera — COOPERATIVA PIONEIRA DE ELETRIFICAÇÃO,nao_classificado,89266,56,7706.83,325956,G,50,325956.0,0.0006273385163444088,False,False,17.180232914871947,0.0236437740063076,137.62196428571428,pos_2022,REN_1000,True
2023,1,coopera,coopera,Coopera,COOPERATIVA PIONEIRA DE ELETRIFICAÇÃO,Coopera,COOPERATIVA PIONEIRA DE ELETRIFICAÇÃO,Coopera — COOPERATIVA PIONEIRA DE ELETRIFICAÇÃO,rural,451,0,0.0,325956,G,50,325956.0,0.0,False,False,0.0,0.0,,pos_2022,REN_1000,True
2023,1,coopera,coopera,Coopera,COOPERATIVA PIONEIRA DE ELETRIFICAÇÃO,Coopera,COOPERATIVA PIONEIRA DE ELETRIFICAÇÃO,Coopera — COOPERATIVA PIONEIRA DE ELETRIFICAÇÃO,urbana,5496,12,234.71,325956,G,50,325956.0,0.002183406113537118,False,False,3.681478481758274,0.0007200665120445705,19.559166666666666,pos_2022,REN_1000,True
2023,1,cooperalianca,cooperalianca,Cooperaliança,COOPERATIVA ALIANÇA,Cooperaliança,COOPERATIVA ALIANÇA,Cooperaliança — COOPERATIVA ALIANÇA,grupo_a,0,0,0.0,526674,G,43,526674.0,,False,False,0.0,0.0,,pos_2022,REN_1000,True
2023,1,cooperalianca,cooperalianca,Cooperaliança,COOPERATIVA ALIANÇA,Cooperaliança,COOPERATIVA ALIANÇA,Cooperaliança — COOPERATIVA ALIANÇA,nao_classificado,129798,13,433.2,526674,G,43,526674.0,0.00010015562643492195,False,False,2.468320061366234,0.0008225201927568097,33.323076923076925,pos_2022,REN_1000,True
2023,1,cooperalianca,cooperalianca,Cooperaliança,COOPERATIVA ALIANÇA,Cooperaliança,COOPERATIVA ALIANÇA,Cooperaliança — COOPERATIVA ALIANÇA,rural,255,0,0.0,526674,G,43,526674.0,0.0,False,False,0.0,0.0,,pos_2022,REN_1000,True
2023,1,cooperalianca,cooperalianca,Cooperaliança,COOPERATIVA ALIANÇA,Cooperaliança,COOPERATIVA ALIANÇA,Cooperaliança — COOPERATIVA ALIANÇA,urbana,7020,23,0.0,526674,G,43,526674.0,0.0032763532763532763,False,False,4.367027800878723,0.0,0.0,pos_2022,REN_1000,True
2023,1,coopercocal,coopercocal,Coopercocal,COOPERATIVA ENERGÉTICA COCAL,Coopercocal,COOPERATIVA ENERGÉTICA COCAL,Coopercocal — COOPERATIVA ENERGÉTICA COCAL,grupo_a,0,0,0.0,140897,M,71,140897.0,,False,False,0.0,0.0,,pos_2022,REN_1000,True
2023,1,coopercocal,coopercocal,Coopercocal,COOPERATIVA ENERGÉTICA COCAL,Coopercocal,COOPERATIVA ENERGÉTICA COCAL,Coopercocal — COOPERATIVA ENERGÉTICA COCAL,nao_classificado,36759,2,0.0,140897,M,71,140897.0,5.4408444190538374e-05,False,False,1.4194766389632143,0.0,0.0,pos_2022,REN_1000,True
2023,1,coopercocal,coopercocal,Coopercocal,COOPERATIVA ENERGÉTICA COCAL,Coopercocal,COOPERATIVA ENERGÉTICA COCAL,Coopercocal — COOPERATIVA ENERGÉTICA COCAL,rural,361,0,0.0,140897,M,71,140897.0,0.0,False,False,0.0,0.0,,pos_2022,REN_1000,True
2023,1,coopercocal,coopercocal,Coopercocal,COOPERATIVA ENERGÉTICA COCAL,Coopercocal,COOPERATIVA ENERGÉTICA COCAL,Coopercocal — COOPERATIVA ENERGÉTICA COCAL,urbana,1523,1,0.0,140897,M,71,140897.0,0.0006565988181221273,False,False,0.7097383194816071,0.0,0.0,pos_2022,REN_1000,True
2023,1,cooperluz,cooperluz,Cooperluz,COOPERATIVA DISTRIBUIDORA DE ENERGIA FRONTEIRA NOROESTE,Cooperluz,COOPERATIVA DISTRIBUIDORA DE ENERGIA FRONTEIRA NOROESTE,Cooperluz — COOPERATIVA DISTRIBUIDORA DE ENERGIA FRONTEIRA NOROESTE,grupo_a,0,0,0.0,204106,M,61,204106.0,,False,False,0.0,0.0,,pos_2022,REN_1000,True
2023,1,cooperluz,cooperluz,Cooperluz,COOPERATIVA DISTRIBUIDORA DE ENERGIA FRONTEIRA NOROESTE,Cooperluz,COOPERATIVA DISTRIBUIDORA DE ENERGIA FRONTEIRA NOROESTE,Cooperluz — COOPERATIVA DISTRIBUIDORA DE ENERGIA FRONTEIRA NOROESTE,nao_classificado,28478,2,0.0,204106,M,61,204106.0,7.022965095863474e-05,False,False,0.9798830019695648,0.0,0.0,pos_2022,REN_1000,True
2023,1,cooperluz,cooperluz,Cooperluz,COOPERATIVA DISTRIBUIDORA DE ENERGIA FRONTEIRA NOROESTE,Cooperluz,COOPERATIVA DISTRIBUIDORA DE ENERGIA FRONTEIRA NOROESTE,Cooperluz — COOPERATIVA DISTRIBUIDORA DE ENERGIA FRONTEIRA NOROESTE,rural,671,1,0.0,204106,M,61,204106.0,0.0014903129657228018,False,False,0.4899415009847824,0.0,0.0,pos_2022,REN_1000,True
2023,1,cooperluz,cooperluz,Cooperluz,COOPERATIVA DISTRIBUIDORA DE ENERGIA FRONTEIRA NOROESTE,Cooperluz,COOPERATIVA DISTRIBUIDORA DE ENERGIA FRONTEIRA NOROESTE,Cooperluz — COOPERATIVA DISTRIBUIDORA DE ENERGIA FRONTEIRA NOROESTE,urbana,471,0,0.0,204106,M,61,204106.0,0.0,False,False,0.0,0.0,,pos_2022,REN_1000,True
2023,1,coopermila,coopermila,Coopermila,COOPERATIVA DE ELETRIFICAÇÃO LAURO MÜLLER,Coopermila,COOPERATIVA DE ELETRIFICAÇÃO LAURO MÜLLER,Coopermila — COOPERATIVA DE ELETRIFICAÇÃO LAURO MÜLLER,grupo_a,0,0,0.0,16421,P,101,16421.0,,False,False,0.0,0.0,,pos_2022,REN_1000,True
2023,1,coopermila,coopermila,Coopermila,COOPERATIVA DE ELETRIFICAÇÃO LAURO MÜLLER,Coopermila,COOPERATIVA DE ELETRIFICAÇÃO LAURO MÜLLER,Coopermila — COOPERATIVA DE ELETRIFICAÇÃO LAURO MÜLLER,nao_classificado,827,1,0.0,16421,P,101,16421.0,0.0012091898428053204,False,False,6.08976310821509,0.0,0.0,pos_2022,REN_1000,True
2023,1,coopermila,coopermila,Coopermila,COOPERATIVA DE ELETRIFICAÇÃO LAURO MÜLLER,Coopermila,COOPERATIVA DE ELETRIFICAÇÃO LAURO MÜLLER,Coopermila — COOPERATIVA DE ELETRIFICAÇÃO LAURO MÜLLER,rural,105,1,429.64,16421,P,101,16421.0,0.009523809523809525,False,False,6.08976310821509,0.026164058218135312,429.64,pos_2022,REN_1000,True
2023,1,coopermila,coopermila,Coopermila,COOPERATIVA DE ELETRIFICAÇÃO LAURO MÜLLER,Coopermila,COOPERATIVA DE ELETRIFICAÇÃO LAURO MÜLLER,Coopermila — COOPERATIVA DE ELETRIFICAÇÃO LAURO MÜLLER,urbana,0,0,0.0,16421,P,101,16421.0,,False,False,0.0,0.0,,pos_2022,REN_1000,True
2023,1,coopernorte,coopernorte,Coopernorte,COOPERATIVA REGIONAL DE DISTRIBUIÇÃO DE ENERGIA DO LITORAL NORTE,Coopernorte,COOPERATIVA REGIONAL DE DISTRIBUIÇÃO DE ENERGIA DO LITORAL NORTE,Coopernorte — COOPERATIVA REGIONAL DE DISTRIBUIÇÃO DE ENERGIA DO LITORAL NORTE,grupo_a,0,0,0.0,83715,P,83,83715.0,,False,False,0.0,0.0,,pos_2022,REN_1000,True
2023,1,coopernorte,coopernorte,Coopernorte,COOPERATIVA REGIONAL DE DISTRIBUIÇÃO DE ENERGIA DO LITORAL NORTE,Coopernorte,COOPERATIVA REGIONAL DE DISTRIBUIÇÃO DE ENERGIA DO LITORAL NORTE,Coopernorte — COOPERATIVA REGIONAL DE DISTRIBUIÇÃO DE ENERGIA DO LITORAL NORTE,nao_classificado,54103,28,2674.13,83715,P,83,83715.0,0.0005175313753396299,False,False,33.446813593740664,0.031943259869796334,95.50464285714285,pos_2022,REN_1000,True
2023,1,coopernorte,coopernorte,Coopernorte,COOPERATIVA REGIONAL DE DISTRIBUIÇÃO DE ENERGIA DO LITORAL NORTE,Coopernorte,COOPERATIVA REGIONAL DE DISTRIBUIÇÃO DE ENERGIA DO LITORAL NORTE,Coopernorte — COOPERATIVA REGIONAL DE DISTRIBUIÇÃO DE ENERGIA DO LITORAL NORTE,rural,2245,24,628.3499999999999,83715,P,83,83715.0,0.010690423162583519,False,False,28.66869736606343,0.0075058233291524805,26.181249999999995,pos_2022,REN_1000,True
2023,1,coopernorte,coopernorte,Coopernorte,COOPERATIVA REGIONAL DE DISTRIBUIÇÃO DE ENERGIA DO LITORAL NORTE,Coopernorte,COOPERATIVA REGIONAL DE DISTRIBUIÇÃO DE ENERGIA DO LITORAL NORTE,Coopernorte — COOPERATIVA REGIONAL DE DISTRIBUIÇÃO DE ENERGIA DO LITORAL NORTE,urbana,22,1,0.0,83715,P,83,83715.0,0.045454545454545456,False,False,1.1945290569193097,0.0,0.0,pos_2022,REN_1000,True
2023,1,coopersul,coopersul,Coopersul,COOPERATIVA REGIONAL DE ELETRIFICAÇÃO RURAL FRONTEIRA SUL LTDA,Coopersul,COOPERATIVA REGIONAL DE ELETRIFICAÇÃO RURAL FRONTEIRA SUL LTDA,Coopersul — COOPERATIVA REGIONAL DE ELETRIFICAÇÃO RURAL FRONTEIRA SUL LTDA,grupo_a,0,0,0.0,68650,P,87,68650.0,,False,False,0.0,0.0,,pos_2022,REN_1000,True
2023,1,coopersul,coopersul,Coopersul,COOPERATIVA REGIONAL DE ELETRIFICAÇÃO RURAL FRONTEIRA SUL LTDA,Coopersul,COOPERATIVA REGIONAL DE ELETRIFICAÇÃO RURAL FRONTEIRA SUL LTDA,Coopersul — COOPERATIVA REGIONAL DE ELETRIFICAÇÃO RURAL FRONTEIRA SUL LTDA,nao_classificado,22858,138,57455.37,68650,P,87,68650.0,0.006037273602239916,False,False,201.01966496722505,0.8369318281136199,416.34326086956526,pos_2022,REN_1000,True
2023,1,coopersul,coopersul,Coopersul,COOPERATIVA REGIONAL DE ELETRIFICAÇÃO RURAL FRONTEIRA SUL LTDA,Coopersul,COOPERATIVA REGIONAL DE ELETRIFICAÇÃO RURAL FRONTEIRA SUL LTDA,Coopersul — COOPERATIVA REGIONAL DE ELETRIFICAÇÃO RURAL FRONTEIRA SUL LTDA,rural,354,0,0.0,68650,P,87,68650.0,0.0,False,False,0.0,0.0,,pos_2022,REN_1000,True
2023,1,coopersul,coopersul,Coopersul,COOPERATIVA REGIONAL DE ELETRIFICAÇÃO RURAL FRONTEIRA SUL LTDA,Coopersul,COOPERATIVA REGIONAL DE ELETRIFICAÇÃO RURAL FRONTEIRA SUL LTDA,Coopersul — COOPERATIVA REGIONAL DE ELETRIFICAÇÃO RURAL FRONTEIRA SUL LTDA,urbana,307,3,178.12,68650,P,87,68650.0,0.009771986970684038,False,False,4.369992716678806,0.0025946103423160963,59.373333333333335,pos_2022,REN_1000,True
2023,1,cooperzem,cooperzem,Cooperzem,COOPERZEM COOPERATIVA DE DISTRIBUIÇÃO DE ENERGIA ELÉTRICA,Cooperzem,COOPERZEM COOPERATIVA DE DISTRIBUIÇÃO DE ENERGIA ELÉTRICA,Cooperzem — COOPERZEM COOPERATIVA DE DISTRIBUIÇÃO DE ENERGIA ELÉTRICA,grupo_a,0,0,0.0,104735,M,73,104735.0,,False,False,0.0,0.0,,pos_2022,REN_1000,True
2023,1,cooperzem,cooperzem,Cooperzem,COOPERZEM COOPERATIVA DE DISTRIBUIÇÃO DE ENERGIA ELÉTRICA,Cooperzem,COOPERZEM COOPERATIVA DE DISTRIBUIÇÃO DE ENERGIA ELÉTRICA,Cooperzem — COOPERZEM COOPERATIVA DE DISTRIBUIÇÃO DE ENERGIA ELÉTRICA,nao_classificado,29579,0,0.0,104735,M,73,104735.0,0.0,False,False,0.0,0.0,,pos_2022,REN_1000,True
2023,1,cooperzem,cooperzem,Cooperzem,COOPERZEM COOPERATIVA DE DISTRIBUIÇÃO DE ENERGIA ELÉTRICA,Cooperzem,COOPERZEM COOPERATIVA DE DISTRIBUIÇÃO DE ENERGIA ELÉTRICA,Cooperzem — COOPERZEM COOPERATIVA DE DISTRIBUIÇÃO DE ENERGIA ELÉTRICA,rural,991,0,0.0,104735,M,73,104735.0,0.0,False,False,0.0,0.0,,pos_2022,REN_1000,True
2023,1,cooperzem,cooperzem,Cooperzem,COOPERZEM COOPERATIVA DE DISTRIBUIÇÃO DE ENERGIA ELÉTRICA,Cooperzem,COOPERZEM COOPERATIVA DE DISTRIBUIÇÃO DE ENERGIA ELÉTRICA,Cooperzem — COOPERZEM COOPERATIVA DE DISTRIBUIÇÃO DE ENERGIA ELÉTRICA,urbana,1027,0,0.0,104735,M,73,104735.0,0.0,False,False,0.0,0.0,,pos_2022,REN_1000,True
2023,1,coorsel,coorsel,Coorsel,COOPERATIVA REGIONAL SUL DE ELETRIFICAÇÃO RURAL,Coorsel,COOPERATIVA REGIONAL SUL DE ELETRIFICAÇÃO RURAL,Coorsel — COOPERATIVA REGIONAL SUL DE ELETRIFICAÇÃO RURAL,grupo_a,0,0,0.0,112027,M,72,112027.0,,False,False,0.0,0.0,,pos_2022,REN_1000,True
2023,1,coorsel,coorsel,Coorsel,COOPERATIVA REGIONAL SUL DE ELETRIFICAÇÃO RURAL,Coorsel,COOPERATIVA REGIONAL SUL DE ELETRIFICAÇÃO RURAL,Coorsel — COOPERATIVA REGIONAL SUL DE ELETRIFICAÇÃO RURAL,nao_classificado,18277,8,0.0,112027,M,72,112027.0,0.00043770859550254417,False,False,7.141135619091826,0.0,0.0,pos_2022,REN_1000,True
2023,1,coorsel,coorsel,Coorsel,COOPERATIVA REGIONAL SUL DE ELETRIFICAÇÃO RURAL,Coorsel,COOPERATIVA REGIONAL SUL DE ELETRIFICAÇÃO RURAL,Coorsel — COOPERATIVA REGIONAL SUL DE ELETRIFICAÇÃO RURAL,rural,381,1,0.0,112027,M,72,112027.0,0.0026246719160104987,False,False,0.8926419523864783,0.0,0.0,pos_2022,REN_1000,True
2023,1,coorsel,coorsel,Coorsel,COOPERATIVA REGIONAL SUL DE ELETRIFICAÇÃO RURAL,Coorsel,COOPERATIVA REGIONAL SUL DE ELETRIFICAÇÃO RURAL,Coorsel — COOPERATIVA REGIONAL SUL DE ELETRIFICAÇÃO RURAL,urbana,500,0,0.0,112027,M,72,112027.0,0.0,False,False,0.0,0.0,,pos_2022,REN_1000,True
2023,1,copel,copel_dis,Copel-Dis,COPEL DISTRIBUIÇÃO S.A.,Copel-Dis,COPEL DISTRIBUIÇÃO S.A.,Copel-Dis — COPEL DISTRIBUIÇÃO S.A.,grupo_a,264,1,0.0,62052315,GG,4,62052315.0,0.003787878787878788,False,False,0.0016115434210633398,0.0,0.0,pos_2022,REN_1000,True
2023,1,copel,copel_dis,Copel-Dis,COPEL DISTRIBUIÇÃO S.A.,Copel-Dis,COPEL DISTRIBUIÇÃO S.A.,Copel-Dis — COPEL DISTRIBUIÇÃO S.A.,nao_classificado,35731632,7099,1216076.1328,62052315,GG,4,62052315.0,0.0001986755041023595,False,False,11.44034674612865,0.019597594913259884,171.30245566981264,pos_2022,REN_1000,True
2023,1,copel,copel_dis,Copel-Dis,COPEL DISTRIBUIÇÃO S.A.,Copel-Dis,COPEL DISTRIBUIÇÃO S.A.,Copel-Dis — COPEL DISTRIBUIÇÃO S.A.,rural,59156,499,75229.1195,62052315,GG,4,62052315.0,0.008435323551288119,False,False,0.8041601671106067,0.0012123499260261281,150.75975851703407,pos_2022,REN_1000,True
2023,1,copel,copel_dis,Copel-Dis,COPEL DISTRIBUIÇÃO S.A.,Copel-Dis,COPEL DISTRIBUIÇÃO S.A.,Copel-Dis — COPEL DISTRIBUIÇÃO S.A.,urbana,892918,3039,445092.8022,62052315,GG,4,62052315.0,0.00340344802098289,False,False,4.89748045661149,0.007172863771480564,146.46028371174728,pos_2022,REN_1000,True
2023,1,coprel,coprel,Coprel,COPREL COOPERATIVA DE ENERGIA,Coprel,COPREL COOPERATIVA DE ENERGIA,Coprel — COPREL COOPERATIVA DE ENERGIA,nao_classificado,18748,107,49931.75,594377,G,42,594377.0,0.005707275442713889,False,False,18.002042474725638,0.08400686769508241,466.6518691588785,pos_2022,REN_1000,True
2023,1,coprel,coprel,Coprel,COPREL COOPERATIVA DE ENERGIA,Coprel,COPREL COOPERATIVA DE ENERGIA,Coprel — COPREL COOPERATIVA DE ENERGIA,rural,374,14,933.57,594377,G,42,594377.0,0.0374331550802139,False,False,2.355407426599616,0.0015706697937504313,66.68357142857143,pos_2022,REN_1000,True
2023,1,coprel,coprel,Coprel,COPREL COOPERATIVA DE ENERGIA,Coprel,COPREL COOPERATIVA DE ENERGIA,Coprel — COPREL COOPERATIVA DE ENERGIA,urbana,133,2,40.43,594377,G,42,594377.0,0.015037593984962405,False,False,0.3364867752285166,6.802080161244463e-05,20.215,pos_2022,REN_1000,True
2023,1,cpfl,cpfl_paulista,CPFL Paulista,COMPANHIA PAULISTA DE FORÇA E LUZ,CPFL Paulista,COMPANHIA PAULISTA DE FORÇA E LUZ,CPFL Paulista — COMPANHIA PAULISTA DE FORÇA E LUZ,grupo_a,257,4,43826.17,58938754,GG,5,58938754.0,0.01556420233463035,False,False,0.006786706077973756,0.0007435883357832776,10956.5425,pos_2022,REN_1000,True
2023,1,cpfl,cpfl_paulista,CPFL Paulista,COMPANHIA PAULISTA DE FORÇA E LUZ,CPFL Paulista,COMPANHIA PAULISTA DE FORÇA E LUZ,CPFL Paulista — COMPANHIA PAULISTA DE FORÇA E LUZ,nao_classificado,34654738,8478,4000996.1892,58938754,GG,5,58938754.0,0.0002446418726351358,False,False,14.384423532265373,0.06788396288798368,471.926891861288,pos_2022,REN_1000,True
2023,1,cpfl,cpfl_paulista,CPFL Paulista,COMPANHIA PAULISTA DE FORÇA E LUZ,CPFL Paulista,COMPANHIA PAULISTA DE FORÇA E LUZ,CPFL Paulista — COMPANHIA PAULISTA DE FORÇA E LUZ,rural,13902,109,46555.07,58938754,GG,5,58938754.0,0.007840598475039562,False,False,0.18493774062478485,0.0007898889413237341,427.1107339449541,pos_2022,REN_1000,True
2023,1,cpfl,cpfl_paulista,CPFL Paulista,COMPANHIA PAULISTA DE FORÇA E LUZ,CPFL Paulista,COMPANHIA PAULISTA DE FORÇA E LUZ,CPFL Paulista — COMPANHIA PAULISTA DE FORÇA E LUZ,urbana,1241315,4289,866797.4400000001,58938754,GG,5,58938754.0,0.003455206776684403,False,False,7.27704559210736,0.01470674863605023,202.09779435765915,pos_2022,REN_1000,True
2023,1,cpfl,cpfl_piratininga,CPFL Piratininga,COMPANHIA PIRATININGA DE FORÇA E LUZ,CPFL Piratininga,COMPANHIA PIRATININGA DE FORÇA E LUZ,CPFL Piratininga — COMPANHIA PIRATININGA DE FORÇA E LUZ,grupo_a,126,0,0.0,23086076,GG,17,23086076.0,0.0,False,False,0.0,0.0,,pos_2022,REN_1000,True
2023,1,cpfl,cpfl_piratininga,CPFL Piratininga,COMPANHIA PIRATININGA DE FORÇA E LUZ,CPFL Piratininga,COMPANHIA PIRATININGA DE FORÇA E LUZ,CPFL Piratininga — COMPANHIA PIRATININGA DE FORÇA E LUZ,nao_classificado,9027868,4234,1423393.3126,23086076,GG,17,23086076.0,0.0004689922360406687,False,False,18.340059176795574,0.06165592249631337,336.181698771847,pos_2022,REN_1000,True
2023,1,cpfl,cpfl_piratininga,CPFL Piratininga,COMPANHIA PIRATININGA DE FORÇA E LUZ,CPFL Piratininga,COMPANHIA PIRATININGA DE FORÇA E LUZ,CPFL Piratininga — COMPANHIA PIRATININGA DE FORÇA E LUZ,rural,2354,77,18380.45,23086076,GG,17,23086076.0,0.03271028037383177,False,False,0.33353437803808667,0.0007961703842610585,238.70714285714286,pos_2022,REN_1000,True
2023,1,cpfl,cpfl_piratininga,CPFL Piratininga,COMPANHIA PIRATININGA DE FORÇA E LUZ,CPFL Piratininga,COMPANHIA PIRATININGA DE FORÇA E LUZ,CPFL Piratininga — COMPANHIA PIRATININGA DE FORÇA E LUZ,urbana,565144,2015,444192.73,23086076,GG,17,23086076.0,0.0035654629616522515,False,False,8.7282048278798,0.019240720250596074,220.44304218362282,pos_2022,REN_1000,True
2023,1,cpfl,cpfl_santa_cruz,CPFL Santa Cruz,COMPANHIA JAGUARI DE ENERGIA - CPFL SANTA CRUZ,CPFL Santa Cruz,COMPANHIA JAGUARI DE ENERGIA - CPFL SANTA CRUZ,CPFL Santa Cruz — COMPANHIA JAGUARI DE ENERGIA - CPFL SANTA CRUZ,grupo_a,25,0,0.0,6005115,G,33,6005115.0,0.0,False,False,0.0,0.0,,pos_2022,REN_1000,True
2023,1,cpfl,cpfl_santa_cruz,CPFL Santa Cruz,COMPANHIA JAGUARI DE ENERGIA - CPFL SANTA CRUZ,CPFL Santa Cruz,COMPANHIA JAGUARI DE ENERGIA - CPFL SANTA CRUZ,CPFL Santa Cruz — COMPANHIA JAGUARI DE ENERGIA - CPFL SANTA CRUZ,nao_classificado,2809626,693,169649.7979,6005115,G,33,6005115.0,0.00024665204550356525,False,False,11.540162011884869,0.02825088243938709,244.80490317460317,pos_2022,REN_1000,True
2023,1,cpfl,cpfl_santa_cruz,CPFL Santa Cruz,COMPANHIA JAGUARI DE ENERGIA - CPFL SANTA CRUZ,CPFL Santa Cruz,COMPANHIA JAGUARI DE ENERGIA - CPFL SANTA CRUZ,CPFL Santa Cruz — COMPANHIA JAGUARI DE ENERGIA - CPFL SANTA CRUZ,rural,4235,19,2071.7000000000003,6005115,G,33,6005115.0,0.00448642266824085,False,False,0.3163969382767857,0.00034498923001474583,109.03684210526318,pos_2022,REN_1000,True
2023,1,cpfl,cpfl_santa_cruz,CPFL Santa Cruz,COMPANHIA JAGUARI DE ENERGIA - CPFL SANTA CRUZ,CPFL Santa Cruz,COMPANHIA JAGUARI DE ENERGIA - CPFL SANTA CRUZ,CPFL Santa Cruz — COMPANHIA JAGUARI DE ENERGIA - CPFL SANTA CRUZ,urbana,110691,555,108645.97,6005115,G,33,6005115.0,0.005013957774344798,False,False,9.242121091769267,0.0180922380337429,195.75850450450451,pos_2022,REN_1000,True
2023,1,creluz_d,creluz_d,Creluz-D,COOPERATIVA DE DISTRIBUIÇÃO DE ENERGIA,Creluz-D,COOPERATIVA DE DISTRIBUIÇÃO DE ENERGIA,Creluz-D — COOPERATIVA DE DISTRIBUIÇÃO DE ENERGIA,grupo_a,0,0,0.0,303195,M,52,303195.0,,False,False,0.0,0.0,,pos_2022,REN_1000,True
2023,1,creluz_d,creluz_d,Creluz-D,COOPERATIVA DE DISTRIBUIÇÃO DE ENERGIA,Creluz-D,COOPERATIVA DE DISTRIBUIÇÃO DE ENERGIA,Creluz-D — COOPERATIVA DE DISTRIBUIÇÃO DE ENERGIA,nao_classificado,36453,10,320.38,303195,M,52,303195.0,0.00027432584423778565,False,False,3.298207424264912,0.0010566796945859925,32.038,pos_2022,REN_1000,True
2023,1,creluz_d,creluz_d,Creluz-D,COOPERATIVA DE DISTRIBUIÇÃO DE ENERGIA,Creluz-D,COOPERATIVA DE DISTRIBUIÇÃO DE ENERGIA,Creluz-D — COOPERATIVA DE DISTRIBUIÇÃO DE ENERGIA,rural,1489,4,0.0,303195,M,52,303195.0,0.002686366689053056,False,False,1.3192829697059647,0.0,0.0,pos_2022,REN_1000,True
2023,1,creluz_d,creluz_d,Creluz-D,COOPERATIVA DE DISTRIBUIÇÃO DE ENERGIA,Creluz-D,COOPERATIVA DE DISTRIBUIÇÃO DE ENERGIA,Creluz-D — COOPERATIVA DE DISTRIBUIÇÃO DE ENERGIA,urbana,853,5,347.67,303195,M,52,303195.0,0.005861664712778429,False,False,1.649103712132456,0.001146687775194182,69.534,pos_2022,REN_1000,True
2023,1,creral,creral,Creral,COOPERATIVA REGIONAL DE ELETRIFICAÇÃO RURAL DO ALTO URUGUAI,Creral,COOPERATIVA REGIONAL DE ELETRIFICAÇÃO RURAL DO ALTO URUGUAI,Creral — COOPERATIVA REGIONAL DE ELETRIFICAÇÃO RURAL DO ALTO URUGUAI,grupo_a,0,0,0.0,95732,M,76,95732.0,,False,False,0.0,0.0,,pos_2022,REN_1000,True
2023,1,creral,creral,Creral,COOPERATIVA REGIONAL DE ELETRIFICAÇÃO RURAL DO ALTO URUGUAI,Creral,COOPERATIVA REGIONAL DE ELETRIFICAÇÃO RURAL DO ALTO URUGUAI,Creral — COOPERATIVA REGIONAL DE ELETRIFICAÇÃO RURAL DO ALTO URUGUAI,nao_classificado,14063,35,0.0,95732,M,76,95732.0,0.0024888003982080635,False,False,36.56039777712782,0.0,0.0,pos_2022,REN_1000,True
2023,1,creral,creral,Creral,COOPERATIVA REGIONAL DE ELETRIFICAÇÃO RURAL DO ALTO URUGUAI,Creral,COOPERATIVA REGIONAL DE ELETRIFICAÇÃO RURAL DO ALTO URUGUAI,Creral — COOPERATIVA REGIONAL DE ELETRIFICAÇÃO RURAL DO ALTO URUGUAI,rural,272,3,647.4,95732,M,76,95732.0,0.011029411764705883,False,False,3.13374838089667,0.006762629005975013,215.79999999999998,pos_2022,REN_1000,True
2023,1,creral,creral,Creral,COOPERATIVA REGIONAL DE ELETRIFICAÇÃO RURAL DO ALTO URUGUAI,Creral,COOPERATIVA REGIONAL DE ELETRIFICAÇÃO RURAL DO ALTO URUGUAI,Creral — COOPERATIVA REGIONAL DE ELETRIFICAÇÃO RURAL DO ALTO URUGUAI,urbana,158,9,211.23,95732,M,76,95732.0,0.056962025316455694,False,False,9.40124514269001,0.002206472234989345,23.47,pos_2022,REN_1000,True
2023,1,dcelt,dcelt,Dcelt,DISTRIBUIDORA CATARINENSE DE ENERGIA ELÉTRICA S/A.,Dcelt,DISTRIBUIDORA CATARINENSE DE ENERGIA ELÉTRICA S/A.,Dcelt — DISTRIBUIDORA CATARINENSE DE ENERGIA ELÉTRICA S/A.,grupo_a,0,0,0.0,491513,G,44,491513.0,,False,False,0.0,0.0,,pos_2022,REN_1000,True
2023,1,dcelt,dcelt,Dcelt,DISTRIBUIDORA CATARINENSE DE ENERGIA ELÉTRICA S/A.,Dcelt,DISTRIBUIDORA CATARINENSE DE ENERGIA ELÉTRICA S/A.,Dcelt — DISTRIBUIDORA CATARINENSE DE ENERGIA ELÉTRICA S/A.,nao_classificado,98461,1267,14290.630000000001,491513,G,44,491513.0,0.01286803912208895,False,False,257.7754810147443,0.02907477523483611,11.279108129439622,pos_2022,REN_1000,True
2023,1,dcelt,dcelt,Dcelt,DISTRIBUIDORA CATARINENSE DE ENERGIA ELÉTRICA S/A.,Dcelt,DISTRIBUIDORA CATARINENSE DE ENERGIA ELÉTRICA S/A.,Dcelt — DISTRIBUIDORA CATARINENSE DE ENERGIA ELÉTRICA S/A.,rural,698,20,79.47,491513,G,44,491513.0,0.02865329512893983,False,False,4.069068366452159,0.00016168443154097653,3.9735,pos_2022,REN_1000,True
2023,1,dcelt,dcelt,Dcelt,DISTRIBUIDORA CATARINENSE DE ENERGIA ELÉTRICA S/A.,Dcelt,DISTRIBUIDORA CATARINENSE DE ENERGIA ELÉTRICA S/A.,Dcelt — DISTRIBUIDORA CATARINENSE DE ENERGIA ELÉTRICA S/A.,urbana,9247,193,630.53,491513,G,44,491513.0,0.020871634043473558,False,False,39.26650973626334,0.0012828348385495398,3.2669948186528495,pos_2022,REN_1000,True
2023,1,demei,demei,Demei,DEPARTAMENTO MUNICIPAL DE ENERGIA DE IJUÍ,Demei,DEPARTAMENTO MUNICIPAL DE ENERGIA DE IJUÍ,Demei — DEPARTAMENTO MUNICIPAL DE ENERGIA DE IJUÍ,grupo_a,0,0,0.0,433548,G,47,433548.0,,False,False,0.0,0.0,,pos_2022,REN_1000,True
2023,1,demei,demei,Demei,DEPARTAMENTO MUNICIPAL DE ENERGIA DE IJUÍ,Demei,DEPARTAMENTO MUNICIPAL DE ENERGIA DE IJUÍ,Demei — DEPARTAMENTO MUNICIPAL DE ENERGIA DE IJUÍ,nao_classificado,67631,126,657.39,433548,G,47,433548.0,0.0018630509677514749,False,False,29.062525948683884,0.0015163026931274046,5.217380952380952,pos_2022,REN_1000,True
2023,1,demei,demei,Demei,DEPARTAMENTO MUNICIPAL DE ENERGIA DE IJUÍ,Demei,DEPARTAMENTO MUNICIPAL DE ENERGIA DE IJUÍ,Demei — DEPARTAMENTO MUNICIPAL DE ENERGIA DE IJUÍ,rural,1,0,0.0,433548,G,47,433548.0,0.0,False,False,0.0,0.0,,pos_2022,REN_1000,True
2023,1,demei,demei,Demei,DEPARTAMENTO MUNICIPAL DE ENERGIA DE IJUÍ,Demei,DEPARTAMENTO MUNICIPAL DE ENERGIA DE IJUÍ,Demei — DEPARTAMENTO MUNICIPAL DE ENERGIA DE IJUÍ,urbana,10209,96,2487.39,433548,G,47,433548.0,0.009403467528651191,False,False,22.142876913282958,0.005737288604721968,25.9103125,pos_2022,REN_1000,True
2023,1,dmed,dmed,Dmed,DME DISTRIBUIÇÃO S.A.,Dmed,DME DISTRIBUIÇÃO S.A.,Dmed — DME DISTRIBUIÇÃO S.A.,grupo_a,0,0,0.0,1044566,G,39,1044566.0,,False,False,0.0,0.0,,pos_2022,REN_1000,True
2023,1,dmed,dmed,Dmed,DME DISTRIBUIÇÃO S.A.,Dmed,DME DISTRIBUIÇÃO S.A.,Dmed — DME DISTRIBUIÇÃO S.A.,nao_classificado,272408,407,43555.11,1044566,G,39,1044566.0,0.00149408240580306,False,False,38.96355041232435,0.04169684826042586,107.01501228501229,pos_2022,REN_1000,True
2023,1,dmed,dmed,Dmed,DME DISTRIBUIÇÃO S.A.,Dmed,DME DISTRIBUIÇÃO S.A.,Dmed — DME DISTRIBUIÇÃO S.A.,rural,360,3,675.43,1044566,G,39,1044566.0,0.008333333333333333,False,False,0.28720061728986007,0.0006466130431203006,225.14333333333332,pos_2022,REN_1000,True
2023,1,dmed,dmed,Dmed,DME DISTRIBUIÇÃO S.A.,Dmed,DME DISTRIBUIÇÃO S.A.,Dmed — DME DISTRIBUIÇÃO S.A.,urbana,31986,147,29981.27,1044566,G,39,1044566.0,0.004595760645282311,False,False,14.072830247203145,0.02870213083711321,203.95421768707484,pos_2022,REN_1000,True
2023,1,edp,edp_es,EDP ES,EDP ESPÍRITO SANTO DISTRIBUIÇÃO DE ENERGIA S.A.,EDP ES,EDP ESPÍRITO SANTO DISTRIBUIÇÃO DE ENERGIA S.A.,EDP ES — EDP ESPÍRITO SANTO DISTRIBUIÇÃO DE ENERGIA S.A.,grupo_a,7,3,0.0,21371211,GG,20,21371211.0,0.42857142857142855,False,False,0.014037576064360601,0.0,0.0,pos_2022,REN_1000,True
2023,1,edp,edp_es,EDP ES,EDP ESPÍRITO SANTO DISTRIBUIÇÃO DE ENERGIA S.A.,EDP ES,EDP ESPÍRITO SANTO DISTRIBUIÇÃO DE ENERGIA S.A.,EDP ES — EDP ESPÍRITO SANTO DISTRIBUIÇÃO DE ENERGIA S.A.,nao_classificado,36711,1408,1232376.18,21371211,GG,20,21371211.0,0.03835362697828989,False,False,6.588302366206576,0.05766524788885384,875.2671732954545,pos_2022,REN_1000,True
2023,1,edp,edp_es,EDP ES,EDP ESPÍRITO SANTO DISTRIBUIÇÃO DE ENERGIA S.A.,EDP ES,EDP ESPÍRITO SANTO DISTRIBUIÇÃO DE ENERGIA S.A.,EDP ES — EDP ESPÍRITO SANTO DISTRIBUIÇÃO DE ENERGIA S.A.,rural,15033,135,36082.41,21371211,GG,20,21371211.0,0.008980243464378368,False,False,0.6316909228962271,0.0016883652498681523,267.27711111111114,pos_2022,REN_1000,True
2023,1,edp,edp_es,EDP ES,EDP ESPÍRITO SANTO DISTRIBUIÇÃO DE ENERGIA S.A.,EDP ES,EDP ESPÍRITO SANTO DISTRIBUIÇÃO DE ENERGIA S.A.,EDP ES — EDP ESPÍRITO SANTO DISTRIBUIÇÃO DE ENERGIA S.A.,urbana,155249,2380,478359.21,21371211,GG,20,21371211.0,0.015330211466740526,False,False,11.13647701105941,0.022383345988208157,200.99126470588237,pos_2022,REN_1000,True
2023,1,edp,edp_sp,EDP SP,EDP SÃO PAULO DISTRIBUIÇÃO DE ENERGIA S.A.,EDP SP,EDP SÃO PAULO DISTRIBUIÇÃO DE ENERGIA S.A.,EDP SP — EDP SÃO PAULO DISTRIBUIÇÃO DE ENERGIA S.A.,grupo_a,86,0,0.0,26827758,GG,16,26827758.0,0.0,False,False,0.0,0.0,,pos_2022,REN_1000,True
2023,1,edp,edp_sp,EDP SP,EDP SÃO PAULO DISTRIBUIÇÃO DE ENERGIA S.A.,EDP SP,EDP SÃO PAULO DISTRIBUIÇÃO DE ENERGIA S.A.,EDP SP — EDP SÃO PAULO DISTRIBUIÇÃO DE ENERGIA S.A.,nao_classificado,86364,2364,1276914.39,26827758,GG,16,26827758.0,0.027372516326247046,False,False,8.81176876576865,0.04759676116058598,540.1499111675126,pos_2022,REN_1000,True
2023,1,edp,edp_sp,EDP SP,EDP SÃO PAULO DISTRIBUIÇÃO DE ENERGIA S.A.,EDP SP,EDP SÃO PAULO DISTRIBUIÇÃO DE ENERGIA S.A.,EDP SP — EDP SÃO PAULO DISTRIBUIÇÃO DE ENERGIA S.A.,rural,5747,31,6100.35,26827758,GG,16,26827758.0,0.005394118670610753,False,False,0.11555195928038414,0.00022738948219228758,196.78548387096777,pos_2022,REN_1000,True
2023,1,edp,edp_sp,EDP SP,EDP SÃO PAULO DISTRIBUIÇÃO DE ENERGIA S.A.,EDP SP,EDP SÃO PAULO DISTRIBUIÇÃO DE ENERGIA S.A.,EDP SP — EDP SÃO PAULO DISTRIBUIÇÃO DE ENERGIA S.A.,urbana,189521,1431,304103.48,26827758,GG,16,26827758.0,0.007550614443781955,False,False,5.334027539684829,0.011335404173542939,212.51116701607268,pos_2022,REN_1000,True
2023,1,eflul,eflul,Eflul,EMPRESA FORÇA E LUZ DE URUSSANGA LTDA.,Eflul,EMPRESA FORÇA E LUZ DE URUSSANGA LTDA.,Eflul — EMPRESA FORÇA E LUZ DE URUSSANGA LTDA.,nao_classificado,2983,96,86.49,90086,P,78,90086.0,0.0321823667448877,False,False,106.56483804364719,0.0009600825877494838,0.9009375,pos_2022,REN_1000,True
2023,1,eflul,eflul,Eflul,EMPRESA FORÇA E LUZ DE URUSSANGA LTDA.,Eflul,EMPRESA FORÇA E LUZ DE URUSSANGA LTDA.,Eflul — EMPRESA FORÇA E LUZ DE URUSSANGA LTDA.,rural,61,0,0.0,90086,P,78,90086.0,0.0,False,False,0.0,0.0,,pos_2022,REN_1000,True
2023,1,eflul,eflul,Eflul,EMPRESA FORÇA E LUZ DE URUSSANGA LTDA.,Eflul,EMPRESA FORÇA E LUZ DE URUSSANGA LTDA.,Eflul — EMPRESA FORÇA E LUZ DE URUSSANGA LTDA.,urbana,439,1,0.0,90086,P,78,90086.0,0.002277904328018223,False,False,1.1100503962879915,0.0,0.0,pos_2022,REN_1000,True
2023,1,eletrocar,eletrocar,Eletrocar,CENTRAIS ELÉTRICAS DE CARAZINHO S.A.,Eletrocar,CENTRAIS ELÉTRICAS DE CARAZINHO S.A.,Eletrocar — CENTRAIS ELÉTRICAS DE CARAZINHO S.A.,grupo_a,0,0,0.0,478112,G,46,478112.0,,False,False,0.0,0.0,,pos_2022,REN_1000,True
2023,1,eletrocar,eletrocar,Eletrocar,CENTRAIS ELÉTRICAS DE CARAZINHO S.A.,Eletrocar,CENTRAIS ELÉTRICAS DE CARAZINHO S.A.,Eletrocar — CENTRAIS ELÉTRICAS DE CARAZINHO S.A.,nao_classificado,96800,281,0.0,478112,G,46,478112.0,0.0029028925619834713,False,False,58.77283983669098,0.0,0.0,pos_2022,REN_1000,True
2023,1,eletrocar,eletrocar,Eletrocar,CENTRAIS ELÉTRICAS DE CARAZINHO S.A.,Eletrocar,CENTRAIS ELÉTRICAS DE CARAZINHO S.A.,Eletrocar — CENTRAIS ELÉTRICAS DE CARAZINHO S.A.,rural,411,11,0.0,478112,G,46,478112.0,0.0267639902676399,False,False,2.30071615019075,0.0,0.0,pos_2022,REN_1000,True
2023,1,eletrocar,eletrocar,Eletrocar,CENTRAIS ELÉTRICAS DE CARAZINHO S.A.,Eletrocar,CENTRAIS ELÉTRICAS DE CARAZINHO S.A.,Eletrocar — CENTRAIS ELÉTRICAS DE CARAZINHO S.A.,urbana,9990,152,0.0,478112,G,46,478112.0,0.015215215215215214,False,False,31.791714075363096,0.0,0.0,pos_2022,REN_1000,True
2023,1,enel,enel_ce,Enel CE,COMPANHIA ENERGÉTICA DO CEARÁ,Enel CE,COMPANHIA ENERGÉTICA DO CEARÁ,Enel CE — COMPANHIA ENERGÉTICA DO CEARÁ,grupo_a,32,1,0.0,49848210,GG,7,49848210.0,0.03125,False,False,0.0020060900882900305,0.0,0.0,pos_2022,REN_1000,True
2023,1,enel,enel_ce,Enel CE,COMPANHIA ENERGÉTICA DO CEARÁ,Enel CE,COMPANHIA ENERGÉTICA DO CEARÁ,Enel CE — COMPANHIA ENERGÉTICA DO CEARÁ,nao_classificado,9717086,25621,7903439.76,49848210,GG,7,49848210.0,0.002636695816009038,False,False,51.39803415207888,0.1585501216593334,308.4750696694118,pos_2022,REN_1000,True
2023,1,enel,enel_ce,Enel CE,COMPANHIA ENERGÉTICA DO CEARÁ,Enel CE,COMPANHIA ENERGÉTICA DO CEARÁ,Enel CE — COMPANHIA ENERGÉTICA DO CEARÁ,rural,98507,3587,216550.24,49848210,GG,7,49848210.0,0.036413655882323086,False,False,7.195845146696342,0.004344192900808274,60.37085029272372,pos_2022,REN_1000,True
2023,1,enel,enel_ce,Enel CE,COMPANHIA ENERGÉTICA DO CEARÁ,Enel CE,COMPANHIA ENERGÉTICA DO CEARÁ,Enel CE — COMPANHIA ENERGÉTICA DO CEARÁ,urbana,775521,6318,1658565.31,49848210,GG,7,49848210.0,0.0081467813250705,False,False,12.674477177816414,0.03327231429172683,262.5142940804052,pos_2022,REN_1000,True
2023,1,enel,enel_go,Enel GO,CELG DISTRIBUIÇÃO S.A.,Enel GO,CELG DISTRIBUIÇÃO S.A.,Enel GO — CELG DISTRIBUIÇÃO S.A.,grupo_a,20,6,56691.770000000004,40952832,GG,9,40952832.0,0.3,False,False,0.01465100142524942,0.001384318671783187,9448.628333333334,pos_2022,REN_1000,True
2023,1,enel,enel_go,Enel GO,CELG DISTRIBUIÇÃO S.A.,Enel GO,CELG DISTRIBUIÇÃO S.A.,Enel GO — CELG DISTRIBUIÇÃO S.A.,nao_classificado,9541928,14341,19911626.67476762,40952832,GG,9,40952832.0,0.0015029457359141674,False,False,35.018335239916986,0.48620878465175793,1388.4406021035925,pos_2022,REN_1000,True
2023,1,enel,enel_go,Enel GO,CELG DISTRIBUIÇÃO S.A.,Enel GO,CELG DISTRIBUIÇÃO S.A.,Enel GO — CELG DISTRIBUIÇÃO S.A.,rural,23065,2318,110732.45999999999,40952832,GG,9,40952832.0,0.10049859093865164,False,False,5.660170217288026,0.0027039023821356237,47.7706902502157,pos_2022,REN_1000,True
2023,1,enel,enel_go,Enel GO,CELG DISTRIBUIÇÃO S.A.,Enel GO,CELG DISTRIBUIÇÃO S.A.,Enel GO — CELG DISTRIBUIÇÃO S.A.,urbana,1051040,1925,819438.53,40952832,GG,9,40952832.0,0.0018315192571167606,False,False,4.700529623934188,0.020009325118223814,425.6823532467533,pos_2022,REN_1000,True
2023,1,enel,enel_rj,Enel RJ,AMPLA ENERGIA E SERVIÇOS S.A.,Enel RJ,AMPLA ENERGIA E SERVIÇOS S.A.,Enel RJ — AMPLA ENERGIA E SERVIÇOS S.A.,grupo_a,93,33,0.0,36882915,GG,12,36882915.0,0.3548387096774194,False,False,0.08947232072085409,0.0,0.0,pos_2022,REN_1000,True
2023,1,enel,enel_rj,Enel RJ,AMPLA ENERGIA E SERVIÇOS S.A.,Enel RJ,AMPLA ENERGIA E SERVIÇOS S.A.,Enel RJ — AMPLA ENERGIA E SERVIÇOS S.A.,nao_classificado,11310990,11950,2851592.1,36882915,GG,12,36882915.0,0.001056494612761571,False,False,32.399825230733526,0.07731471604128903,238.6269539748954,pos_2022,REN_1000,True
2023,1,enel,enel_rj,Enel RJ,AMPLA ENERGIA E SERVIÇOS S.A.,Enel RJ,AMPLA ENERGIA E SERVIÇOS S.A.,Enel RJ — AMPLA ENERGIA E SERVIÇOS S.A.,rural,3666,601,69589.82,36882915,GG,12,36882915.0,0.16393889798145117,False,False,1.6294807500979789,0.0018867765739231839,115.79004991680533,pos_2022,REN_1000,True
2023,1,enel,enel_rj,Enel RJ,AMPLA ENERGIA E SERVIÇOS S.A.,Enel RJ,AMPLA ENERGIA E SERVIÇOS S.A.,Enel RJ — AMPLA ENERGIA E SERVIÇOS S.A.,urbana,837788,6496,1917552.74,36882915,GG,12,36882915.0,0.007753751545737108,False,False,17.612490769777825,0.051990270834070464,295.18976908866995,pos_2022,REN_1000,True
2023,1,enel,enel_sp,Enel SP,ELETROPAULO METROPOLITANA ELETRICIDADE DE SÃO PAULO S.A.,Enel SP,ELETROPAULO METROPOLITANA ELETRICIDADE DE SÃO PAULO S.A.,Enel SP — ELETROPAULO METROPOLITANA ELETRICIDADE DE SÃO PAULO S.A.,grupo_a,91,2,0.0,99534079,GG,2,99534079.0,0.02197802197802198,False,False,0.0020093620397090327,0.0,0.0,pos_2022,REN_1000,True
2023,1,enel,enel_sp,Enel SP,ELETROPAULO METROPOLITANA ELETRICIDADE DE SÃO PAULO S.A.,Enel SP,ELETROPAULO METROPOLITANA ELETRICIDADE DE SÃO PAULO S.A.,Enel SP — ELETROPAULO METROPOLITANA ELETRICIDADE DE SÃO PAULO S.A.,nao_classificado,36676757,18257,6256377.14,99534079,GG,2,99534079.0,0.0004977811969580626,False,False,18.342461379483904,0.06285663365609682,342.6837454127184,pos_2022,REN_1000,True
2023,1,enel,enel_sp,Enel SP,ELETROPAULO METROPOLITANA ELETRICIDADE DE SÃO PAULO S.A.,Enel SP,ELETROPAULO METROPOLITANA ELETRICIDADE DE SÃO PAULO S.A.,Enel SP — ELETROPAULO METROPOLITANA ELETRICIDADE DE SÃO PAULO S.A.,rural,6,0,0.0,99534079,GG,2,99534079.0,0.0,False,False,0.0,0.0,,pos_2022,REN_1000,True
2023,1,enel,enel_sp,Enel SP,ELETROPAULO METROPOLITANA ELETRICIDADE DE SÃO PAULO S.A.,Enel SP,ELETROPAULO METROPOLITANA ELETRICIDADE DE SÃO PAULO S.A.,Enel SP — ELETROPAULO METROPOLITANA ELETRICIDADE DE SÃO PAULO S.A.,urbana,1189722,4906,5083871.43,99534079,GG,2,99534079.0,0.004123652416278761,False,False,4.928965083406258,0.05107669133101638,1036.2558968609865,pos_2022,REN_1000,True
2023,1,energisa,energisa_ac,Energisa AC,ENERGISA ACRE - DISTRIBUIDORA DE ENERGIA S.A.,Energisa AC,ENERGISA ACRE - DISTRIBUIDORA DE ENERGIA S.A.,Energisa AC — ENERGISA ACRE - DISTRIBUIDORA DE ENERGIA S.A.,grupo_a,0,0,0.0,3469442,G,34,3469442.0,,False,False,0.0,0.0,,pos_2022,REN_1000,True
2023,1,energisa,energisa_ac,Energisa AC,ENERGISA ACRE - DISTRIBUIDORA DE ENERGIA S.A.,Energisa AC,ENERGISA ACRE - DISTRIBUIDORA DE ENERGIA S.A.,Energisa AC — ENERGISA ACRE - DISTRIBUIDORA DE ENERGIA S.A.,nao_classificado,175921,1707,1075122.71,3469442,G,34,3469442.0,0.009703219058554691,False,False,49.200995433847865,0.3098834654102879,629.8316988869361,pos_2022,REN_1000,True
2023,1,energisa,energisa_ac,Energisa AC,ENERGISA ACRE - DISTRIBUIDORA DE ENERGIA S.A.,Energisa AC,ENERGISA ACRE - DISTRIBUIDORA DE ENERGIA S.A.,Energisa AC — ENERGISA ACRE - DISTRIBUIDORA DE ENERGIA S.A.,rural,9368,627,118147.06,3469442,G,34,3469442.0,0.06692997438087105,False,False,18.07207037904078,0.03405362014986848,188.432312599681,pos_2022,REN_1000,True
2023,1,energisa,energisa_ac,Energisa AC,ENERGISA ACRE - DISTRIBUIDORA DE ENERGIA S.A.,Energisa AC,ENERGISA ACRE - DISTRIBUIDORA DE ENERGIA S.A.,Energisa AC — ENERGISA ACRE - DISTRIBUIDORA DE ENERGIA S.A.,urbana,89776,2348,511475.81,3469442,G,34,3469442.0,0.026153983247193015,False,False,67.67658891545095,0.14742307552626618,217.8346720613288,pos_2022,REN_1000,True
2023,1,energisa,energisa_minas_rio,Energisa Minas Rio,ENERGISA MINAS RIO - DISTRIBUIDORA DE ENERGIA S.A.,Energisa Minas Rio,ENERGISA MINAS RIO - DISTRIBUIDORA DE ENERGIA S.A.,Energisa Minas Rio — ENERGISA MINAS RIO - DISTRIBUIDORA DE ENERGIA S.A.,grupo_a,1,0,0.0,7153002,G,32,7153002.0,0.0,False,False,0.0,0.0,,pos_2022,REN_1000,True
2023,1,energisa,energisa_minas_rio,Energisa Minas Rio,ENERGISA MINAS RIO - DISTRIBUIDORA DE ENERGIA S.A.,Energisa Minas Rio,ENERGISA MINAS RIO - DISTRIBUIDORA DE ENERGIA S.A.,Energisa Minas Rio — ENERGISA MINAS RIO - DISTRIBUIDORA DE ENERGIA S.A.,nao_classificado,289246,1735,363734.24,7153002,G,32,7153002.0,0.0059983543419788,False,False,24.255550326981595,0.05085057155023862,209.64509510086455,pos_2022,REN_1000,True
2023,1,energisa,energisa_minas_rio,Energisa Minas Rio,ENERGISA MINAS RIO - DISTRIBUIDORA DE ENERGIA S.A.,Energisa Minas Rio,ENERGISA MINAS RIO - DISTRIBUIDORA DE ENERGIA S.A.,Energisa Minas Rio — ENERGISA MINAS RIO - DISTRIBUIDORA DE ENERGIA S.A.,rural,18655,131,17527.02,7153002,G,32,7153002.0,0.0070222460466362905,False,False,1.8313989007692155,0.002450302684103821,133.79404580152672,pos_2022,REN_1000,True
2023,1,energisa,energisa_minas_rio,Energisa Minas Rio,ENERGISA MINAS RIO - DISTRIBUIDORA DE ENERGIA S.A.,Energisa Minas Rio,ENERGISA MINAS RIO - DISTRIBUIDORA DE ENERGIA S.A.,Energisa Minas Rio — ENERGISA MINAS RIO - DISTRIBUIDORA DE ENERGIA S.A.,urbana,141071,404,51608.24,7153002,G,32,7153002.0,0.002863806168525069,False,False,5.647978289395138,0.007214906412720141,127.74316831683169,pos_2022,REN_1000,True
2023,1,energisa,energisa_ms,Energisa MS,ENERGISA MATO GROSSO DO SUL DISTRIBUIDORA DE ENERGIA S.A.,Energisa MS,ENERGISA MATO GROSSO DO SUL DISTRIBUIDORA DE ENERGIA S.A.,Energisa MS — ENERGISA MATO GROSSO DO SUL DISTRIBUIDORA DE ENERGIA S.A.,grupo_a,38,0,0.0,13329996,G,27,13329996.0,0.0,False,False,0.0,0.0,,pos_2022,REN_1000,True
2023,1,energisa,energisa_ms,Energisa MS,ENERGISA MATO GROSSO DO SUL DISTRIBUIDORA DE ENERGIA S.A.,Energisa MS,ENERGISA MATO GROSSO DO SUL DISTRIBUIDORA DE ENERGIA S.A.,Energisa MS — ENERGISA MATO GROSSO DO SUL DISTRIBUIDORA DE ENERGIA S.A.,nao_classificado,1087218,2821,1479199.21,13329996,G,27,13329996.0,0.002594695819973547,False,False,21.16279704810114,0.11096771596930712,524.352786246012,pos_2022,REN_1000,True
2023,1,energisa,energisa_ms,Energisa MS,ENERGISA MATO GROSSO DO SUL DISTRIBUIDORA DE ENERGIA S.A.,Energisa MS,ENERGISA MATO GROSSO DO SUL DISTRIBUIDORA DE ENERGIA S.A.,Energisa MS — ENERGISA MATO GROSSO DO SUL DISTRIBUIDORA DE ENERGIA S.A.,rural,30766,761,409836.05,13329996,G,27,13329996.0,0.024735097185204447,False,False,5.708928944914912,0.030745399323450658,538.5493429697766,pos_2022,REN_1000,True
2023,1,energisa,energisa_ms,Energisa MS,ENERGISA MATO GROSSO DO SUL DISTRIBUIDORA DE ENERGIA S.A.,Energisa MS,ENERGISA MATO GROSSO DO SUL DISTRIBUIDORA DE ENERGIA S.A.,Energisa MS — ENERGISA MATO GROSSO DO SUL DISTRIBUIDORA DE ENERGIA S.A.,urbana,406408,2464,1094961.78,13329996,G,27,13329996.0,0.00606287277809492,False,False,18.484626702063526,0.08214269381626221,444.3838392857143,pos_2022,REN_1000,True
2023,1,energisa,energisa_mt,Energisa MT,ENERGISA MATO GROSSO DISTRIBUIDORA DE ENERGIA S.A.,Energisa MT,ENERGISA MATO GROSSO DISTRIBUIDORA DE ENERGIA S.A.,Energisa MT — ENERGISA MATO GROSSO DISTRIBUIDORA DE ENERGIA S.A.,grupo_a,185,0,0.0,19254943,GG,21,19254943.0,0.0,False,False,0.0,0.0,,pos_2022,REN_1000,True
2023,1,energisa,energisa_mt,Energisa MT,ENERGISA MATO GROSSO DISTRIBUIDORA DE ENERGIA S.A.,Energisa MT,ENERGISA MATO GROSSO DISTRIBUIDORA DE ENERGIA S.A.,Energisa MT — ENERGISA MATO GROSSO DISTRIBUIDORA DE ENERGIA S.A.,nao_classificado,1414391,15842,5593693.61,19254943,GG,21,19254943.0,0.01120058032043473,False,False,82.27497739151967,0.29050689010089514,353.09264044943825,pos_2022,REN_1000,True
2023,1,energisa,energisa_mt,Energisa MT,ENERGISA MATO GROSSO DISTRIBUIDORA DE ENERGIA S.A.,Energisa MT,ENERGISA MATO GROSSO DISTRIBUIDORA DE ENERGIA S.A.,Energisa MT — ENERGISA MATO GROSSO DISTRIBUIDORA DE ENERGIA S.A.,rural,39857,2170,909686.72,19254943,GG,21,19254943.0,0.05444463958652181,False,False,11.269833413684996,0.04724432162691938,419.21047004608295,pos_2022,REN_1000,True
2023,1,energisa,energisa_mt,Energisa MT,ENERGISA MATO GROSSO DISTRIBUIDORA DE ENERGIA S.A.,Energisa MT,ENERGISA MATO GROSSO DISTRIBUIDORA DE ENERGIA S.A.,Energisa MT — ENERGISA MATO GROSSO DISTRIBUIDORA DE ENERGIA S.A.,urbana,511608,3338,1798911.94,19254943,GG,21,19254943.0,0.006524526590670983,False,False,17.335808264921894,0.09342598105847418,538.9190952666268,pos_2022,REN_1000,True
2023,1,energisa,energisa_pb,Energisa PB,ENERGISA PARAÍBA DISTRIBUIDORA DE ENERGIA S.A.,Energisa PB,ENERGISA PARAÍBA DISTRIBUIDORA DE ENERGIA S.A.,Energisa PB — ENERGISA PARAÍBA DISTRIBUIDORA DE ENERGIA S.A.,grupo_a,1,0,0.0,21501801,GG,19,21501801.0,0.0,False,False,0.0,0.0,,pos_2022,REN_1000,True
2023,1,energisa,energisa_pb,Energisa PB,ENERGISA PARAÍBA DISTRIBUIDORA DE ENERGIA S.A.,Energisa PB,ENERGISA PARAÍBA DISTRIBUIDORA DE ENERGIA S.A.,Energisa PB — ENERGISA PARAÍBA DISTRIBUIDORA DE ENERGIA S.A.,nao_classificado,805464,7565,937076.23,21501801,GG,19,21501801.0,0.009392101943724362,False,False,35.1830993134017,0.04358129023703642,123.8699576999339,pos_2022,REN_1000,True
2023,1,energisa,energisa_pb,Energisa PB,ENERGISA PARAÍBA DISTRIBUIDORA DE ENERGIA S.A.,Energisa PB,ENERGISA PARAÍBA DISTRIBUIDORA DE ENERGIA S.A.,Energisa PB — ENERGISA PARAÍBA DISTRIBUIDORA DE ENERGIA S.A.,rural,57200,1241,148297.21,21501801,GG,19,21501801.0,0.021695804195804195,False,False,5.771609550288368,0.006896966909888153,119.49815471394037,pos_2022,REN_1000,True
2023,1,energisa,energisa_pb,Energisa PB,ENERGISA PARAÍBA DISTRIBUIDORA DE ENERGIA S.A.,Energisa PB,ENERGISA PARAÍBA DISTRIBUIDORA DE ENERGIA S.A.,Energisa PB — ENERGISA PARAÍBA DISTRIBUIDORA DE ENERGIA S.A.,urbana,371932,7109,987131.18,21501801,GG,19,21501801.0,0.019113708957551382,False,False,33.06234673086222,0.04590923244057556,138.8565452243635,pos_2022,REN_1000,True
2023,1,energisa,energisa_ro,Energisa RO,ENERGISA RONDÔNIA DISTRIBUIDORA DE ENERGIA S.A.,Energisa RO,ENERGISA RONDÔNIA DISTRIBUIDORA DE ENERGIA S.A.,Energisa RO — ENERGISA RONDÔNIA DISTRIBUIDORA DE ENERGIA S.A.,grupo_a,0,0,0.0,8280268,G,30,8280268.0,,False,False,0.0,0.0,,pos_2022,REN_1000,True
2023,1,energisa,energisa_ro,Energisa RO,ENERGISA RONDÔNIA DISTRIBUIDORA DE ENERGIA S.A.,Energisa RO,ENERGISA RONDÔNIA DISTRIBUIDORA DE ENERGIA S.A.,Energisa RO — ENERGISA RONDÔNIA DISTRIBUIDORA DE ENERGIA S.A.,nao_classificado,577100,5330,1109945.23,8280268,G,30,8280268.0,0.009235834344134466,False,False,64.36989720622569,0.13404701756030118,208.2448836772983,pos_2022,REN_1000,True
2023,1,energisa,energisa_ro,Energisa RO,ENERGISA RONDÔNIA DISTRIBUIDORA DE ENERGIA S.A.,Energisa RO,ENERGISA RONDÔNIA DISTRIBUIDORA DE ENERGIA S.A.,Energisa RO — ENERGISA RONDÔNIA DISTRIBUIDORA DE ENERGIA S.A.,rural,24163,741,168197.78,8280268,G,30,8280268.0,0.030666721847452717,False,False,8.948985709158206,0.020313084069259593,226.98755735492577,pos_2022,REN_1000,True
2023,1,energisa,energisa_ro,Energisa RO,ENERGISA RONDÔNIA DISTRIBUIDORA DE ENERGIA S.A.,Energisa RO,ENERGISA RONDÔNIA DISTRIBUIDORA DE ENERGIA S.A.,Energisa RO — ENERGISA RONDÔNIA DISTRIBUIDORA DE ENERGIA S.A.,urbana,272210,2322,552461.82,8280268,G,30,8280268.0,0.008530178905991698,False,False,28.04257060278725,0.06672028248361042,237.92498708010334,pos_2022,REN_1000,True
2023,1,energisa,energisa_se,Energisa SE,ENERGISA SERGIPE DISTRIBUIDORA DE ENERGIA S.A.,Energisa SE,ENERGISA SERGIPE DISTRIBUIDORA DE ENERGIA S.A.,Energisa SE — ENERGISA SERGIPE DISTRIBUIDORA DE ENERGIA S.A.,grupo_a,0,0,0.0,10247065,G,29,10247065.0,,False,False,0.0,0.0,,pos_2022,REN_1000,True
2023,1,energisa,energisa_se,Energisa SE,ENERGISA SERGIPE DISTRIBUIDORA DE ENERGIA S.A.,Energisa SE,ENERGISA SERGIPE DISTRIBUIDORA DE ENERGIA S.A.,Energisa SE — ENERGISA SERGIPE DISTRIBUIDORA DE ENERGIA S.A.,nao_classificado,361621,2906,386268.58,10247065,G,29,10247065.0,0.008036037730109701,False,False,28.359339967102777,0.03769553330636626,132.92105299380592,pos_2022,REN_1000,True
2023,1,energisa,energisa_se,Energisa SE,ENERGISA SERGIPE DISTRIBUIDORA DE ENERGIA S.A.,Energisa SE,ENERGISA SERGIPE DISTRIBUIDORA DE ENERGIA S.A.,Energisa SE — ENERGISA SERGIPE DISTRIBUIDORA DE ENERGIA S.A.,rural,42356,1177,281870.04,10247065,G,29,10247065.0,0.027788270847105487,False,False,11.486215809112169,0.0275073926046141,239.48176720475783,pos_2022,REN_1000,True
2023,1,energisa,energisa_se,Energisa SE,ENERGISA SERGIPE DISTRIBUIDORA DE ENERGIA S.A.,Energisa SE,ENERGISA SERGIPE DISTRIBUIDORA DE ENERGIA S.A.,Energisa SE — ENERGISA SERGIPE DISTRIBUIDORA DE ENERGIA S.A.,urbana,144792,1465,344773.75,10247065,G,29,10247065.0,0.010117962318360131,False,False,14.296776686787874,0.033646097687484174,235.34044368600684,pos_2022,REN_1000,True
2023,1,energisa,energisa_sul_sudeste,Energisa Sul-Sudeste,ENERGISA SUL-SUDESTE DISTRIBUIDORA DE ENERGIA S.A.,Energisa Sul-Sudeste,ENERGISA SUL-SUDESTE DISTRIBUIDORA DE ENERGIA S.A.,Energisa Sul-Sudeste — ENERGISA SUL-SUDESTE DISTRIBUIDORA DE ENERGIA S.A.,grupo_a,39,0,0.0,10304019,G,28,10304019.0,0.0,False,False,0.0,0.0,,pos_2022,REN_1000,True
2023,1,energisa,energisa_sul_sudeste,Energisa Sul-Sudeste,ENERGISA SUL-SUDESTE DISTRIBUIDORA DE ENERGIA S.A.,Energisa Sul-Sudeste,ENERGISA SUL-SUDESTE DISTRIBUIDORA DE ENERGIA S.A.,Energisa Sul-Sudeste — ENERGISA SUL-SUDESTE DISTRIBUIDORA DE ENERGIA S.A.,nao_classificado,521781,3017,362406.6,10304019,G,28,10304019.0,0.005782119318258043,False,False,29.27983731396458,0.03517138312730207,120.12151143520052,pos_2022,REN_1000,True
2023,1,energisa,energisa_sul_sudeste,Energisa Sul-Sudeste,ENERGISA SUL-SUDESTE DISTRIBUIDORA DE ENERGIA S.A.,Energisa Sul-Sudeste,ENERGISA SUL-SUDESTE DISTRIBUIDORA DE ENERGIA S.A.,Energisa Sul-Sudeste — ENERGISA SUL-SUDESTE DISTRIBUIDORA DE ENERGIA S.A.,rural,13216,154,65836.53,10304019,G,28,10304019.0,0.011652542372881356,False,False,1.4945624615016724,0.0063894030086706945,427.50993506493506,pos_2022,REN_1000,True
2023,1,energisa,energisa_sul_sudeste,Energisa Sul-Sudeste,ENERGISA SUL-SUDESTE DISTRIBUIDORA DE ENERGIA S.A.,Energisa Sul-Sudeste,ENERGISA SUL-SUDESTE DISTRIBUIDORA DE ENERGIA S.A.,Energisa Sul-Sudeste — ENERGISA SUL-SUDESTE DISTRIBUIDORA DE ENERGIA S.A.,urbana,209260,1872,553203.27,10304019,G,28,10304019.0,0.008945809041383925,False,False,18.16766836318916,0.05368810655337495,295.51456730769235,pos_2022,REN_1000,True
2023,1,energisa,energisa_to,Energisa TO,ENERGISA TOCANTINS DISTRIBUIDORA DE ENERGIA S.A.,Energisa TO,ENERGISA TOCANTINS DISTRIBUIDORA DE ENERGIA S.A.,Energisa TO — ENERGISA TOCANTINS DISTRIBUIDORA DE ENERGIA S.A.,grupo_a,0,0,0.0,7850135,G,31,7850135.0,,False,False,0.0,0.0,,pos_2022,REN_1000,True
2023,1,energisa,energisa_to,Energisa TO,ENERGISA TOCANTINS DISTRIBUIDORA DE ENERGIA S.A.,Energisa TO,ENERGISA TOCANTINS DISTRIBUIDORA DE ENERGIA S.A.,Energisa TO — ENERGISA TOCANTINS DISTRIBUIDORA DE ENERGIA S.A.,nao_classificado,512725,1403,451887.04,7850135,G,31,7850135.0,0.0027363596469842507,False,False,17.872304106872047,0.05756423806724343,322.0862722736992,pos_2022,REN_1000,True
2023,1,energisa,energisa_to,Energisa TO,ENERGISA TOCANTINS DISTRIBUIDORA DE ENERGIA S.A.,Energisa TO,ENERGISA TOCANTINS DISTRIBUIDORA DE ENERGIA S.A.,Energisa TO — ENERGISA TOCANTINS DISTRIBUIDORA DE ENERGIA S.A.,rural,22346,456,97865.5,7850135,G,31,7850135.0,0.020406336704555626,False,False,5.808817300594193,0.012466728279195198,214.6173245614035,pos_2022,REN_1000,True
2023,1,energisa,energisa_to,Energisa TO,ENERGISA TOCANTINS DISTRIBUIDORA DE ENERGIA S.A.,Energisa TO,ENERGISA TOCANTINS DISTRIBUIDORA DE ENERGIA S.A.,Energisa TO — ENERGISA TOCANTINS DISTRIBUIDORA DE ENERGIA S.A.,urbana,238577,1515,354786.38,7850135,G,31,7850135.0,0.006350151104255649,False,False,19.29903116315834,0.04519493995963127,234.1824290429043,pos_2022,REN_1000,True
2023,1,equatorial,cea_equatorial,CEA Equatorial,COMPANHIA DE ELETRICIDADE DO AMAPA,CEA Equatorial,COMPANHIA DE ELETRICIDADE DO AMAPA,CEA Equatorial — COMPANHIA DE ELETRICIDADE DO AMAPA,grupo_a,0,0,0.0,2784621,G,35,2784621.0,,False,False,0.0,0.0,,pos_2022,REN_1000,True
2023,1,equatorial,cea_equatorial,CEA Equatorial,COMPANHIA DE ELETRICIDADE DO AMAPA,CEA Equatorial,COMPANHIA DE ELETRICIDADE DO AMAPA,CEA Equatorial — COMPANHIA DE ELETRICIDADE DO AMAPA,nao_classificado,107675,1559,466381.14,2784621,G,35,2784621.0,0.01447875551427908,False,False,55.98607494520798,0.16748460203381357,299.1540346375882,pos_2022,REN_1000,True
2023,1,equatorial,cea_equatorial,CEA Equatorial,COMPANHIA DE ELETRICIDADE DO AMAPA,CEA Equatorial,COMPANHIA DE ELETRICIDADE DO AMAPA,CEA Equatorial — COMPANHIA DE ELETRICIDADE DO AMAPA,rural,4098,81,12343.34,2784621,G,35,2784621.0,0.019765739385065886,False,False,2.908833913124982,0.004432682221386681,152.38691358024693,pos_2022,REN_1000,True
2023,1,equatorial,cea_equatorial,CEA Equatorial,COMPANHIA DE ELETRICIDADE DO AMAPA,CEA Equatorial,COMPANHIA DE ELETRICIDADE DO AMAPA,CEA Equatorial — COMPANHIA DE ELETRICIDADE DO AMAPA,urbana,74230,777,184060.17,2784621,G,35,2784621.0,0.010467465984103462,False,False,27.903258648124826,0.0660988227841419,236.88567567567569,pos_2022,REN_1000,True
2023,1,equatorial,ceee_equatorial,CEEE Equatorial,COMPANHIA ESTADUAL DE DISTRIBUIÇÃO DE ENERGIA ELÉTRICA,CEEE Equatorial,COMPANHIA ESTADUAL DE DISTRIBUIÇÃO DE ENERGIA ELÉTRICA,CEEE Equatorial — COMPANHIA ESTADUAL DE DISTRIBUIÇÃO DE ENERGIA ELÉTRICA,grupo_a,150,14,152430.54,22828944,GG,18,22828944.0,0.09333333333333334,False,False,0.061325657463612855,0.006677073630738242,10887.895714285714,pos_2022,REN_1000,True
2023,1,equatorial,ceee_equatorial,CEEE Equatorial,COMPANHIA ESTADUAL DE DISTRIBUIÇÃO DE ENERGIA ELÉTRICA,CEEE Equatorial,COMPANHIA ESTADUAL DE DISTRIBUIÇÃO DE ENERGIA ELÉTRICA,CEEE Equatorial — COMPANHIA ESTADUAL DE DISTRIBUIÇÃO DE ENERGIA ELÉTRICA,nao_classificado,7390487,6134,3361241.42,22828944,GG,18,22828944.0,0.000829985899440727,False,False,26.86939877727152,0.1472359571253055,547.968930551027,pos_2022,REN_1000,True
2023,1,equatorial,ceee_equatorial,CEEE Equatorial,COMPANHIA ESTADUAL DE DISTRIBUIÇÃO DE ENERGIA ELÉTRICA,CEEE Equatorial,COMPANHIA ESTADUAL DE DISTRIBUIÇÃO DE ENERGIA ELÉTRICA,CEEE Equatorial — COMPANHIA ESTADUAL DE DISTRIBUIÇÃO DE ENERGIA ELÉTRICA,rural,19714,206,74276.98,22828944,GG,18,22828944.0,0.010449426803287004,False,False,0.9023632455360178,0.003253631880651159,360.56786407766987,pos_2022,REN_1000,True
2023,1,equatorial,ceee_equatorial,CEEE Equatorial,COMPANHIA ESTADUAL DE DISTRIBUIÇÃO DE ENERGIA ELÉTRICA,CEEE Equatorial,COMPANHIA ESTADUAL DE DISTRIBUIÇÃO DE ENERGIA ELÉTRICA,CEEE Equatorial — COMPANHIA ESTADUAL DE DISTRIBUIÇÃO DE ENERGIA ELÉTRICA,urbana,544254,1505,741901.66,22828944,GG,18,22828944.0,0.0027652529884943425,False,False,6.592508177338383,0.03249829076631841,492.9579136212625,pos_2022,REN_1000,True
2023,1,equatorial,equatorial_al,Equatorial AL,EQUATORIAL ALAGOAS DISTRIBUIDORA DE ENERGIA S.A.,Equatorial AL,EQUATORIAL ALAGOAS DISTRIBUIDORA DE ENERGIA S.A.,Equatorial AL — EQUATORIAL ALAGOAS DISTRIBUIDORA DE ENERGIA S.A.,grupo_a,0,0,0.0,16084369,GG,24,16084369.0,,False,False,0.0,0.0,,pos_2022,REN_1000,True
2023,1,equatorial,equatorial_al,Equatorial AL,EQUATORIAL ALAGOAS DISTRIBUIDORA DE ENERGIA S.A.,Equatorial AL,EQUATORIAL ALAGOAS DISTRIBUIDORA DE ENERGIA S.A.,Equatorial AL — EQUATORIAL ALAGOAS DISTRIBUIDORA DE ENERGIA S.A.,nao_classificado,248875,6511,3137515.95,16084369,GG,24,16084369.0,0.026161727774987445,False,False,40.480294875105145,0.19506615086982898,481.8792735370911,pos_2022,REN_1000,True
2023,1,equatorial,equatorial_al,Equatorial AL,EQUATORIAL ALAGOAS DISTRIBUIDORA DE ENERGIA S.A.,Equatorial AL,EQUATORIAL ALAGOAS DISTRIBUIDORA DE ENERGIA S.A.,Equatorial AL — EQUATORIAL ALAGOAS DISTRIBUIDORA DE ENERGIA S.A.,rural,26406,562,198741.27,16084369,GG,24,16084369.0,0.021283041732939482,False,False,3.494075521395959,0.012356174494628915,353.632153024911,pos_2022,REN_1000,True
2023,1,equatorial,equatorial_al,Equatorial AL,EQUATORIAL ALAGOAS DISTRIBUIDORA DE ENERGIA S.A.,Equatorial AL,EQUATORIAL ALAGOAS DISTRIBUIDORA DE ENERGIA S.A.,Equatorial AL — EQUATORIAL ALAGOAS DISTRIBUIDORA DE ENERGIA S.A.,urbana,176607,1309,600475.65,16084369,GG,24,16084369.0,0.00741193723918078,False,False,8.138336045386673,0.037332869570450664,458.72853323147444,pos_2022,REN_1000,True
2023,1,equatorial,equatorial_ma,Equatorial MA,EQUATORIAL MARANHÃO DISTRIBUIDORA DE ENERGIA S.A.,Equatorial MA,EQUATORIAL MARANHÃO DISTRIBUIDORA DE ENERGIA S.A.,Equatorial MA — EQUATORIAL MARANHÃO DISTRIBUIDORA DE ENERGIA S.A.,grupo_a,0,0,0.0,32837745,GG,15,32837745.0,,False,False,0.0,0.0,,pos_2022,REN_1000,True
2023,1,equatorial,equatorial_ma,Equatorial MA,EQUATORIAL MARANHÃO DISTRIBUIDORA DE ENERGIA S.A.,Equatorial MA,EQUATORIAL MARANHÃO DISTRIBUIDORA DE ENERGIA S.A.,Equatorial MA — EQUATORIAL MARANHÃO DISTRIBUIDORA DE ENERGIA S.A.,nao_classificado,353598,3785,3616885.27,32837745,GG,15,32837745.0,0.010704246064740186,False,False,11.526370035457672,0.11014414266265847,955.5839550858652,pos_2022,REN_1000,True
2023,1,equatorial,equatorial_ma,Equatorial MA,EQUATORIAL MARANHÃO DISTRIBUIDORA DE ENERGIA S.A.,Equatorial MA,EQUATORIAL MARANHÃO DISTRIBUIDORA DE ENERGIA S.A.,Equatorial MA — EQUATORIAL MARANHÃO DISTRIBUIDORA DE ENERGIA S.A.,rural,27856,2400,2611810.63,32837745,GG,15,32837745.0,0.0861573808156232,False,False,7.308662638070915,0.07953684487165608,1088.2544291666666,pos_2022,REN_1000,True
2023,1,equatorial,equatorial_ma,Equatorial MA,EQUATORIAL MARANHÃO DISTRIBUIDORA DE ENERGIA S.A.,Equatorial MA,EQUATORIAL MARANHÃO DISTRIBUIDORA DE ENERGIA S.A.,Equatorial MA — EQUATORIAL MARANHÃO DISTRIBUIDORA DE ENERGIA S.A.,urbana,397295,1172,868222.91,32837745,GG,15,32837745.0,0.0029499490303175223,False,False,3.5690635882579635,0.026439784765975863,740.8045307167235,pos_2022,REN_1000,True
2023,1,equatorial,equatorial_pa,Equatorial PA,EQUATORIAL PARÁ DISTRIBUIDORA DE ENERGIA S.A.,Equatorial PA,EQUATORIAL PARÁ DISTRIBUIDORA DE ENERGIA S.A.,Equatorial PA — EQUATORIAL PARÁ DISTRIBUIDORA DE ENERGIA S.A.,grupo_a,0,0,0.0,35794814,GG,13,35794814.0,,False,False,0.0,0.0,,pos_2022,REN_1000,True
2023,1,equatorial,equatorial_pa,Equatorial PA,EQUATORIAL PARÁ DISTRIBUIDORA DE ENERGIA S.A.,Equatorial PA,EQUATORIAL PARÁ DISTRIBUIDORA DE ENERGIA S.A.,Equatorial PA — EQUATORIAL PARÁ DISTRIBUIDORA DE ENERGIA S.A.,nao_classificado,675462,4709,4647580.57,35794814,GG,13,35794814.0,0.00697152467496321,False,False,13.15553700041576,0.12983949490560281,986.9570121044809,pos_2022,REN_1000,True
2023,1,equatorial,equatorial_pa,Equatorial PA,EQUATORIAL PARÁ DISTRIBUIDORA DE ENERGIA S.A.,Equatorial PA,EQUATORIAL PARÁ DISTRIBUIDORA DE ENERGIA S.A.,Equatorial PA — EQUATORIAL PARÁ DISTRIBUIDORA DE ENERGIA S.A.,rural,31457,899,956089.83,35794814,GG,13,35794814.0,0.02857869472613409,False,False,2.511537006450152,0.026710289093833536,1063.503704115684,pos_2022,REN_1000,True
2023,1,equatorial,equatorial_pa,Equatorial PA,EQUATORIAL PARÁ DISTRIBUIDORA DE ENERGIA S.A.,Equatorial PA,EQUATORIAL PARÁ DISTRIBUIDORA DE ENERGIA S.A.,Equatorial PA — EQUATORIAL PARÁ DISTRIBUIDORA DE ENERGIA S.A.,urbana,766894,2264,3638809.18,35794814,GG,13,35794814.0,0.002952168096242766,False,False,6.3249385790913735,0.10165744065606823,1607.247871024735,pos_2022,REN_1000,True
2023,1,equatorial,equatorial_pi,Equatorial PI,EQUATORIAL PIAUÍ DISTRIBUIDORA DE ENERGIA S.A.,Equatorial PI,EQUATORIAL PIAUÍ DISTRIBUIDORA DE ENERGIA S.A.,Equatorial PI — EQUATORIAL PIAUÍ DISTRIBUIDORA DE ENERGIA S.A.,grupo_a,0,0,0.0,17821217,GG,23,17821217.0,,False,False,0.0,0.0,,pos_2022,REN_1000,True
2023,1,equatorial,equatorial_pi,Equatorial PI,EQUATORIAL PIAUÍ DISTRIBUIDORA DE ENERGIA S.A.,Equatorial PI,EQUATORIAL PIAUÍ DISTRIBUIDORA DE ENERGIA S.A.,Equatorial PI — EQUATORIAL PIAUÍ DISTRIBUIDORA DE ENERGIA S.A.,nao_classificado,263198,10115,8524566.95,17821217,GG,23,17821217.0,0.03843114309379251,False,False,56.758188848718916,0.47833809273519307,842.7648986653484,pos_2022,REN_1000,True
2023,1,equatorial,equatorial_pi,Equatorial PI,EQUATORIAL PIAUÍ DISTRIBUIDORA DE ENERGIA S.A.,Equatorial PI,EQUATORIAL PIAUÍ DISTRIBUIDORA DE ENERGIA S.A.,Equatorial PI — EQUATORIAL PIAUÍ DISTRIBUIDORA DE ENERGIA S.A.,rural,13396,536,216399.95,17821217,GG,23,17821217.0,0.04001194386383995,False,False,3.0076509365213386,0.012142826721654308,403.73125000000005,pos_2022,REN_1000,True
2023,1,equatorial,equatorial_pi,Equatorial PI,EQUATORIAL PIAUÍ DISTRIBUIDORA DE ENERGIA S.A.,Equatorial PI,EQUATORIAL PIAUÍ DISTRIBUIDORA DE ENERGIA S.A.,Equatorial PI — EQUATORIAL PIAUÍ DISTRIBUIDORA DE ENERGIA S.A.,urbana,137653,1052,561488.51,17821217,GG,23,17821217.0,0.007642405178238033,False,False,5.9030760918291945,0.03150674333857222,533.734325095057,pos_2022,REN_1000,True
2023,1,forcel,forcel,Forcel,FORÇA E LUZ CORONEL VIVIDA LTDA,Forcel,FORÇA E LUZ CORONEL VIVIDA LTDA,Forcel — FORÇA E LUZ CORONEL VIVIDA LTDA,grupo_a,0,0,0.0,103282,M,75,103282.0,,False,False,0.0,0.0,,pos_2022,REN_1000,True
2023,1,forcel,forcel,Forcel,FORÇA E LUZ CORONEL VIVIDA LTDA,Forcel,FORÇA E LUZ CORONEL VIVIDA LTDA,Forcel — FORÇA E LUZ CORONEL VIVIDA LTDA,nao_classificado,12242,170,0.0,103282,M,75,103282.0,0.013886619833360562,False,False,164.59789701980984,0.0,0.0,pos_2022,REN_1000,True
2023,1,forcel,forcel,Forcel,FORÇA E LUZ CORONEL VIVIDA LTDA,Forcel,FORÇA E LUZ CORONEL VIVIDA LTDA,Forcel — FORÇA E LUZ CORONEL VIVIDA LTDA,rural,176,0,0.0,103282,M,75,103282.0,0.0,False,False,0.0,0.0,,pos_2022,REN_1000,True
2023,1,forcel,forcel,Forcel,FORÇA E LUZ CORONEL VIVIDA LTDA,Forcel,FORÇA E LUZ CORONEL VIVIDA LTDA,Forcel — FORÇA E LUZ CORONEL VIVIDA LTDA,urbana,2948,7,0.0,103282,M,75,103282.0,0.0023744911804613297,False,False,6.777560465521581,0.0,0.0,pos_2022,REN_1000,True
2023,1,hidropan,hidropan,Hidropan,HIDROPAN DISTRIBUIÇÃO DE ENERGIA S.A.,Hidropan,HIDROPAN DISTRIBUIÇÃO DE ENERGIA S.A.,Hidropan — HIDROPAN DISTRIBUIÇÃO DE ENERGIA S.A.,grupo_a,0,0,0.0,239787,M,56,239787.0,,False,False,0.0,0.0,,pos_2022,REN_1000,True
2023,1,hidropan,hidropan,Hidropan,HIDROPAN DISTRIBUIÇÃO DE ENERGIA S.A.,Hidropan,HIDROPAN DISTRIBUIÇÃO DE ENERGIA S.A.,Hidropan — HIDROPAN DISTRIBUIÇÃO DE ENERGIA S.A.,nao_classificado,37223,22,229.26,239787,M,56,239787.0,0.0005910324261881095,False,False,9.174809309929229,0.0009560985374519886,10.42090909090909,pos_2022,REN_1000,True
2023,1,hidropan,hidropan,Hidropan,HIDROPAN DISTRIBUIÇÃO DE ENERGIA S.A.,Hidropan,HIDROPAN DISTRIBUIÇÃO DE ENERGIA S.A.,Hidropan — HIDROPAN DISTRIBUIÇÃO DE ENERGIA S.A.,rural,37,0,0.0,239787,M,56,239787.0,0.0,False,False,0.0,0.0,,pos_2022,REN_1000,True
2023,1,hidropan,hidropan,Hidropan,HIDROPAN DISTRIBUIÇÃO DE ENERGIA S.A.,Hidropan,HIDROPAN DISTRIBUIÇÃO DE ENERGIA S.A.,Hidropan — HIDROPAN DISTRIBUIÇÃO DE ENERGIA S.A.,urbana,3548,0,0.0,239787,M,56,239787.0,0.0,False,False,0.0,0.0,,pos_2022,REN_1000,True
2023,1,joao,joao_cesa,João Cesa,EMPRESA FORÇA E LUZ JOÃO CESA LTDA.,João Cesa,EMPRESA FORÇA E LUZ JOÃO CESA LTDA.,João Cesa — EMPRESA FORÇA E LUZ JOÃO CESA LTDA.,nao_classificado,4277,5,23.5,48466,P,93,48466.0,0.0011690437222352116,False,False,10.316510543473775,0.00048487599554326746,4.7,pos_2022,REN_1000,True
2023,1,joao,joao_cesa,João Cesa,EMPRESA FORÇA E LUZ JOÃO CESA LTDA.,João Cesa,EMPRESA FORÇA E LUZ JOÃO CESA LTDA.,João Cesa — EMPRESA FORÇA E LUZ JOÃO CESA LTDA.,urbana,852,8,48.7,48466,P,93,48466.0,0.009389671361502348,False,False,16.50641686955804,0.0010048281269343458,6.0875,pos_2022,REN_1000,True
2023,1,light,light,Light,LIGHT SERVIÇOS DE ELETRICIDADE S.A.,Light,LIGHT SERVIÇOS DE ELETRICIDADE S.A.,Light — LIGHT SERVIÇOS DE ELETRICIDADE S.A.,grupo_a,130,0,0.0,55464060,GG,6,55464060.0,0.0,False,False,0.0,0.0,,pos_2022,REN_1000,True
2023,1,light,light,Light,LIGHT SERVIÇOS DE ELETRICIDADE S.A.,Light,LIGHT SERVIÇOS DE ELETRICIDADE S.A.,Light — LIGHT SERVIÇOS DE ELETRICIDADE S.A.,nao_classificado,27703119,6322,2816556.2600000002,55464060,GG,6,55464060.0,0.000228205351173635,False,False,11.39837220715541,0.05078164598841124,445.5166497943689,pos_2022,REN_1000,True
2023,1,light,light,Light,LIGHT SERVIÇOS DE ELETRICIDADE S.A.,Light,LIGHT SERVIÇOS DE ELETRICIDADE S.A.,Light — LIGHT SERVIÇOS DE ELETRICIDADE S.A.,rural,1000,0,0.0,55464060,GG,6,55464060.0,0.0,False,False,0.0,0.0,,pos_2022,REN_1000,True
2023,1,light,light,Light,LIGHT SERVIÇOS DE ELETRICIDADE S.A.,Light,LIGHT SERVIÇOS DE ELETRICIDADE S.A.,Light — LIGHT SERVIÇOS DE ELETRICIDADE S.A.,urbana,976467,56,47203.240000000005,55464060,GG,6,55464060.0,5.734960833289809e-05,False,False,0.10096628339144303,0.0008510599476489821,842.9150000000001,pos_2022,REN_1000,True
2023,1,mux,mux_energia,Mux Energia,"MUXFELDT, MARIN & CIA LTDA",Mux Energia,"MUXFELDT, MARIN & CIA LTDA","Mux Energia — MUXFELDT, MARIN & CIA LTDA",grupo_a,24,0,0.0,152739,M,69,152739.0,0.0,False,False,0.0,0.0,,pos_2022,REN_1000,True
2023,1,mux,mux_energia,Mux Energia,"MUXFELDT, MARIN & CIA LTDA",Mux Energia,"MUXFELDT, MARIN & CIA LTDA","Mux Energia — MUXFELDT, MARIN & CIA LTDA",nao_classificado,16166,4,0.0,152739,M,69,152739.0,0.00024743288383026105,False,False,2.6188465290462815,0.0,0.0,pos_2022,REN_1000,True
2023,1,mux,mux_energia,Mux Energia,"MUXFELDT, MARIN & CIA LTDA",Mux Energia,"MUXFELDT, MARIN & CIA LTDA","Mux Energia — MUXFELDT, MARIN & CIA LTDA",rural,0,0,0.0,152739,M,69,152739.0,,False,False,0.0,0.0,,pos_2022,REN_1000,True
2023,1,mux,mux_energia,Mux Energia,"MUXFELDT, MARIN & CIA LTDA",Mux Energia,"MUXFELDT, MARIN & CIA LTDA","Mux Energia — MUXFELDT, MARIN & CIA LTDA",urbana,2534,2,0.0,152739,M,69,152739.0,0.0007892659826361484,False,False,1.3094232645231407,0.0,0.0,pos_2022,REN_1000,True
2023,1,neoenergia,neoenergia_brasilia,Neoenergia Brasília,NEOENERGIA DISTRIBUIÇÃO BRASÍLIA S.A.,Neoenergia Brasília,NEOENERGIA DISTRIBUIÇÃO BRASÍLIA S.A.,Neoenergia Brasília — NEOENERGIA DISTRIBUIÇÃO BRASÍLIA S.A.,grupo_a,74,0,0.0,14121840,GG,25,14121840.0,0.0,False,False,0.0,0.0,,pos_2022,REN_1000,True
2023,1,neoenergia,neoenergia_brasilia,Neoenergia Brasília,NEOENERGIA DISTRIBUIÇÃO BRASÍLIA S.A.,Neoenergia Brasília,NEOENERGIA DISTRIBUIÇÃO BRASÍLIA S.A.,Neoenergia Brasília — NEOENERGIA DISTRIBUIÇÃO BRASÍLIA S.A.,nao_classificado,508264,2895,2662712.25,14121840,GG,25,14121840.0,0.00569585884500968,False,False,20.50016145204874,0.18855278419809315,919.7624352331607,pos_2022,REN_1000,True
2023,1,neoenergia,neoenergia_brasilia,Neoenergia Brasília,NEOENERGIA DISTRIBUIÇÃO BRASÍLIA S.A.,Neoenergia Brasília,NEOENERGIA DISTRIBUIÇÃO BRASÍLIA S.A.,Neoenergia Brasília — NEOENERGIA DISTRIBUIÇÃO BRASÍLIA S.A.,rural,2750,30,29836.920000000002,14121840,GG,25,14121840.0,0.01090909090909091,False,False,0.21243690623884706,0.002112820992165327,994.5640000000001,pos_2022,REN_1000,True
2023,1,neoenergia,neoenergia_brasilia,Neoenergia Brasília,NEOENERGIA DISTRIBUIÇÃO BRASÍLIA S.A.,Neoenergia Brasília,NEOENERGIA DISTRIBUIÇÃO BRASÍLIA S.A.,Neoenergia Brasília — NEOENERGIA DISTRIBUIÇÃO BRASÍLIA S.A.,urbana,141345,109,85420.54000000001,14121840,GG,25,14121840.0,0.0007711627577912201,False,False,0.771854092667811,0.006048825082283896,783.6746788990827,pos_2022,REN_1000,True
2023,1,neoenergia,neoenergia_coelba,Neoenergia Coelba,COMPANHIA DE ELETRICIDADE DO ESTADO DA BAHIA,Neoenergia Coelba,COMPANHIA DE ELETRICIDADE DO ESTADO DA BAHIA,Neoenergia Coelba — COMPANHIA DE ELETRICIDADE DO ESTADO DA BAHIA,grupo_a,78,0,0.0,79410938,GG,3,79410938.0,0.0,False,False,0.0,0.0,,pos_2022,REN_1000,True
2023,1,neoenergia,neoenergia_coelba,Neoenergia Coelba,COMPANHIA DE ELETRICIDADE DO ESTADO DA BAHIA,Neoenergia Coelba,COMPANHIA DE ELETRICIDADE DO ESTADO DA BAHIA,Neoenergia Coelba — COMPANHIA DE ELETRICIDADE DO ESTADO DA BAHIA,nao_classificado,67606327,18696,12591292.75,79410938,GG,3,79410938.0,0.0002765421644633941,False,False,23.54335620616898,0.15855867046929983,673.4752219726145,pos_2022,REN_1000,True
2023,1,neoenergia,neoenergia_coelba,Neoenergia Coelba,COMPANHIA DE ELETRICIDADE DO ESTADO DA BAHIA,Neoenergia Coelba,COMPANHIA DE ELETRICIDADE DO ESTADO DA BAHIA,Neoenergia Coelba — COMPANHIA DE ELETRICIDADE DO ESTADO DA BAHIA,rural,158522,1041,315934.92,79410938,GG,3,79410938.0,0.006566911848197726,False,False,1.3109025358698068,0.003978481150795624,303.491757925072,pos_2022,REN_1000,True
2023,1,neoenergia,neoenergia_coelba,Neoenergia Coelba,COMPANHIA DE ELETRICIDADE DO ESTADO DA BAHIA,Neoenergia Coelba,COMPANHIA DE ELETRICIDADE DO ESTADO DA BAHIA,Neoenergia Coelba — COMPANHIA DE ELETRICIDADE DO ESTADO DA BAHIA,urbana,943886,15308,6169100.49,79410938,GG,3,79410938.0,0.01621806023185003,False,False,19.27694142084054,0.07768577787105349,402.99846420172463,pos_2022,REN_1000,True
2023,1,neoenergia,neoenergia_cosern,Neoenergia Cosern,COMPANHIA ENERGÉTICA DO RIO GRANDE DO NORTE,Neoenergia Cosern,COMPANHIA ENERGÉTICA DO RIO GRANDE DO NORTE,Neoenergia Cosern — COMPANHIA ENERGÉTICA DO RIO GRANDE DO NORTE,grupo_a,1,1,0.0,18915549,GG,22,18915549.0,1.0,False,False,0.005286655967532319,0.0,0.0,pos_2022,REN_1000,True
2023,1,neoenergia,neoenergia_cosern,Neoenergia Cosern,COMPANHIA ENERGÉTICA DO RIO GRANDE DO NORTE,Neoenergia Cosern,COMPANHIA ENERGÉTICA DO RIO GRANDE DO NORTE,Neoenergia Cosern — COMPANHIA ENERGÉTICA DO RIO GRANDE DO NORTE,nao_classificado,16279245,3680,700755.189118508,18915549,GG,22,18915549.0,0.00022605470953966232,False,False,19.454893960518937,0.037046516023325995,190.422605738725,pos_2022,REN_1000,True
2023,1,neoenergia,neoenergia_cosern,Neoenergia Cosern,COMPANHIA ENERGÉTICA DO RIO GRANDE DO NORTE,Neoenergia Cosern,COMPANHIA ENERGÉTICA DO RIO GRANDE DO NORTE,Neoenergia Cosern — COMPANHIA ENERGÉTICA DO RIO GRANDE DO NORTE,rural,30649,2076,452106.538768856,18915549,GG,22,18915549.0,0.06773467323566837,False,False,10.975097788597095,0.023901317311427545,217.77771616996915,pos_2022,REN_1000,True
2023,1,neoenergia,neoenergia_cosern,Neoenergia Cosern,COMPANHIA ENERGÉTICA DO RIO GRANDE DO NORTE,Neoenergia Cosern,COMPANHIA ENERGÉTICA DO RIO GRANDE DO NORTE,Neoenergia Cosern — COMPANHIA ENERGÉTICA DO RIO GRANDE DO NORTE,urbana,131768,1078,712270.947558439,18915549,GG,22,18915549.0,0.008181045473863153,False,False,5.699015132999841,0.037655314554097215,660.733717586678,pos_2022,REN_1000,True
2023,1,neoenergia,neoenergia_elektro,Neoenergia Elektro,ELEKTRO REDES S.A.,Neoenergia Elektro,ELEKTRO REDES S.A.,Neoenergia Elektro — ELEKTRO REDES S.A.,grupo_a,156,0,0.0,35426729,GG,14,35426729.0,0.0,False,False,0.0,0.0,,pos_2022,REN_1000,True
2023,1,neoenergia,neoenergia_elektro,Neoenergia Elektro,ELEKTRO REDES S.A.,Neoenergia Elektro,ELEKTRO REDES S.A.,Neoenergia Elektro — ELEKTRO REDES S.A.,nao_classificado,101616489,2109,1200848.83,35426729,GG,14,35426729.0,2.0754505698381294e-05,False,False,5.953132167522438,0.03389668941775573,569.3925225225225,pos_2022,REN_1000,True
2023,1,neoenergia,neoenergia_elektro,Neoenergia Elektro,ELEKTRO REDES S.A.,Neoenergia Elektro,ELEKTRO REDES S.A.,Neoenergia Elektro — ELEKTRO REDES S.A.,rural,36279,83,26094.87,35426729,GG,14,35426729.0,0.002287824912483806,False,False,0.23428637738471425,0.0007365870554969949,314.39602409638553,pos_2022,REN_1000,True
2023,1,neoenergia,neoenergia_elektro,Neoenergia Elektro,ELEKTRO REDES S.A.,Neoenergia Elektro,ELEKTRO REDES S.A.,Neoenergia Elektro — ELEKTRO REDES S.A.,urbana,539898,418,134403.94999999998,35426729,GG,14,35426729.0,0.0007742203156892598,False,False,1.1799000692386814,0.003793857174903164,321.5405502392344,pos_2022,REN_1000,True
2023,1,neoenergia,neoenergia_pernambuco,Neoenergia Pernambuco,COMPANHIA ENERGÉTICA DE PERNAMBUCO,Neoenergia Pernambuco,COMPANHIA ENERGÉTICA DE PERNAMBUCO,Neoenergia Pernambuco — COMPANHIA ENERGÉTICA DE PERNAMBUCO,grupo_a,21,2,0.0,48212294,GG,8,48212294.0,0.09523809523809523,False,False,0.0041483195136908435,0.0,0.0,pos_2022,REN_1000,True
2023,1,neoenergia,neoenergia_pernambuco,Neoenergia Pernambuco,COMPANHIA ENERGÉTICA DE PERNAMBUCO,Neoenergia Pernambuco,COMPANHIA ENERGÉTICA DE PERNAMBUCO,Neoenergia Pernambuco — COMPANHIA ENERGÉTICA DE PERNAMBUCO,nao_classificado,35421464,10811,6669296.83,48212294,GG,8,48212294.0,0.0003052104226973792,False,False,22.423741131255856,0.13833187091242743,616.8991610396818,pos_2022,REN_1000,True
2023,1,neoenergia,neoenergia_pernambuco,Neoenergia Pernambuco,COMPANHIA ENERGÉTICA DE PERNAMBUCO,Neoenergia Pernambuco,COMPANHIA ENERGÉTICA DE PERNAMBUCO,Neoenergia Pernambuco — COMPANHIA ENERGÉTICA DE PERNAMBUCO,rural,68351,4475,985012.18,48212294,GG,8,48212294.0,0.06547087826074234,False,False,9.281864911883265,0.02043072623758579,220.11445363128493,pos_2022,REN_1000,True
2023,1,neoenergia,neoenergia_pernambuco,Neoenergia Pernambuco,COMPANHIA ENERGÉTICA DE PERNAMBUCO,Neoenergia Pernambuco,COMPANHIA ENERGÉTICA DE PERNAMBUCO,Neoenergia Pernambuco — COMPANHIA ENERGÉTICA DE PERNAMBUCO,urbana,610926,5045,2845552.7,48212294,GG,8,48212294.0,0.00825795595538576,False,False,10.464135973285154,0.059021308963228346,564.034231912785,pos_2022,REN_1000,True
2023,1,nova,nova_palma,Nova Palma,NOVA PALMA ENERGIA LTDA.,Nova Palma,NOVA PALMA ENERGIA LTDA.,Nova Palma — NOVA PALMA ENERGIA LTDA.,grupo_a,0,0,0.0,206842,M,60,206842.0,,False,False,0.0,0.0,,pos_2022,REN_1000,True
2023,1,nova,nova_palma,Nova Palma,NOVA PALMA ENERGIA LTDA.,Nova Palma,NOVA PALMA ENERGIA LTDA.,Nova Palma — NOVA PALMA ENERGIA LTDA.,nao_classificado,47118,32,0.0,206842,M,60,206842.0,0.0006791459739377732,False,False,15.470745786639077,0.0,0.0,pos_2022,REN_1000,True
2023,1,nova,nova_palma,Nova Palma,NOVA PALMA ENERGIA LTDA.,Nova Palma,NOVA PALMA ENERGIA LTDA.,Nova Palma — NOVA PALMA ENERGIA LTDA.,rural,1805,2,0.0,206842,M,60,206842.0,0.00110803324099723,False,False,0.9669216116649423,0.0,0.0,pos_2022,REN_1000,True
2023,1,nova,nova_palma,Nova Palma,NOVA PALMA ENERGIA LTDA.,Nova Palma,NOVA PALMA ENERGIA LTDA.,Nova Palma — NOVA PALMA ENERGIA LTDA.,urbana,3134,2,0.0,206842,M,60,206842.0,0.0006381620931716656,False,False,0.9669216116649423,0.0,0.0,pos_2022,REN_1000,True
2023,1,rge,rge,RGE,RGE SUL DISTRIBUIDORA DE ENERGIA S.A.,RGE,RGE SUL DISTRIBUIDORA DE ENERGIA S.A.,RGE — RGE SUL DISTRIBUIDORA DE ENERGIA S.A.,grupo_a,287,0,0.0,37039089,GG,11,37039089.0,0.0,False,False,0.0,0.0,,pos_2022,REN_1000,True
2023,1,rge,rge,RGE,RGE SUL DISTRIBUIDORA DE ENERGIA S.A.,RGE,RGE SUL DISTRIBUIDORA DE ENERGIA S.A.,RGE — RGE SUL DISTRIBUIDORA DE ENERGIA S.A.,nao_classificado,16549936,1527,1408698.4252,37039089,GG,11,37039089.0,9.226621782706591e-05,False,False,4.122671591625809,0.03803275035193225,922.5268010478061,pos_2022,REN_1000,True
2023,1,rge,rge,RGE,RGE SUL DISTRIBUIDORA DE ENERGIA S.A.,RGE,RGE SUL DISTRIBUIDORA DE ENERGIA S.A.,RGE — RGE SUL DISTRIBUIDORA DE ENERGIA S.A.,rural,34627,128,52911.25,37039089,GG,11,37039089.0,0.003696537384122217,False,False,0.3455808537839578,0.0014285246054512842,413.369140625,pos_2022,REN_1000,True
2023,1,rge,rge,RGE,RGE SUL DISTRIBUIDORA DE ENERGIA S.A.,RGE,RGE SUL DISTRIBUIDORA DE ENERGIA S.A.,RGE — RGE SUL DISTRIBUIDORA DE ENERGIA S.A.,urbana,569215,653,205794.53,37039089,GG,11,37039089.0,0.0011471939425348944,False,False,1.7630023243822224,0.005556144482927212,315.15241960183766,pos_2022,REN_1000,True
2023,1,roraima,roraima_energia,Roraima Energia,RORAIMA ENERGIA S.A.,Roraima Energia,RORAIMA ENERGIA S.A.,Roraima Energia — RORAIMA ENERGIA S.A.,grupo_a,2,0,0.0,2564010,G,36,2564010.0,0.0,False,False,0.0,0.0,,pos_2022,REN_1000,True
2023,1,roraima,roraima_energia,Roraima Energia,RORAIMA ENERGIA S.A.,Roraima Energia,RORAIMA ENERGIA S.A.,Roraima Energia — RORAIMA ENERGIA S.A.,nao_classificado,58708,706,268722.09,2564010,G,36,2564010.0,0.012025618314369421,False,False,27.53499401328388,0.10480539857488856,380.62618980169975,pos_2022,REN_1000,True
2023,1,roraima,roraima_energia,Roraima Energia,RORAIMA ENERGIA S.A.,Roraima Energia,RORAIMA ENERGIA S.A.,Roraima Energia — RORAIMA ENERGIA S.A.,rural,2384,80,17060.52,2564010,G,36,2564010.0,0.03355704697986577,False,False,3.120112636066162,0.006653843003732435,213.25650000000002,pos_2022,REN_1000,True
2023,1,roraima,roraima_energia,Roraima Energia,RORAIMA ENERGIA S.A.,Roraima Energia,RORAIMA ENERGIA S.A.,Roraima Energia — RORAIMA ENERGIA S.A.,urbana,69080,440,146034.01,2564010,G,36,2564010.0,0.006369426751592357,False,False,17.160619498363893,0.056955319987051535,331.8954772727273,pos_2022,REN_1000,True
2023,1,santa,santa_maria,Santa Maria,EMPRESA LUZ E FORÇA SANTA MARIA S.A.,Santa Maria,EMPRESA LUZ E FORÇA SANTA MARIA S.A.,Santa Maria — EMPRESA LUZ E FORÇA SANTA MARIA S.A.,grupo_a,0,0,0.0,1650189,G,38,1650189.0,,False,False,0.0,0.0,,pos_2022,REN_1000,True
2023,1,santa,santa_maria,Santa Maria,EMPRESA LUZ E FORÇA SANTA MARIA S.A.,Santa Maria,EMPRESA LUZ E FORÇA SANTA MARIA S.A.,Santa Maria — EMPRESA LUZ E FORÇA SANTA MARIA S.A.,nao_classificado,110285,69,11793.800000000001,1650189,G,38,1650189.0,0.0006256517205422315,False,False,4.181339228415654,0.007146938926389645,170.92463768115942,pos_2022,REN_1000,True
2023,1,santa,santa_maria,Santa Maria,EMPRESA LUZ E FORÇA SANTA MARIA S.A.,Santa Maria,EMPRESA LUZ E FORÇA SANTA MARIA S.A.,Santa Maria — EMPRESA LUZ E FORÇA SANTA MARIA S.A.,rural,6087,141,69108.18000000001,1650189,G,38,1650189.0,0.023164120256283883,False,False,8.54447581458851,0.041878948411363796,490.1289361702128,pos_2022,REN_1000,True
2023,1,santa,santa_maria,Santa Maria,EMPRESA LUZ E FORÇA SANTA MARIA S.A.,Santa Maria,EMPRESA LUZ E FORÇA SANTA MARIA S.A.,Santa Maria — EMPRESA LUZ E FORÇA SANTA MARIA S.A.,urbana,14753,45,9212.27,1650189,G,38,1650189.0,0.003050227072459839,False,False,2.7269603663580355,0.0055825544831531425,204.7171111111111,pos_2022,REN_1000,True
2023,1,sulgipe,sulgipe,Sulgipe,COMPANHIA SUL SERGIPANA DE ELETRICIDADE,Sulgipe,COMPANHIA SUL SERGIPANA DE ELETRICIDADE,Sulgipe — COMPANHIA SUL SERGIPANA DE ELETRICIDADE,grupo_a,0,0,0.0,1995272,G,37,1995272.0,,False,False,0.0,0.0,,pos_2022,REN_1000,True
2023,1,sulgipe,sulgipe,Sulgipe,COMPANHIA SUL SERGIPANA DE ELETRICIDADE,Sulgipe,COMPANHIA SUL SERGIPANA DE ELETRICIDADE,Sulgipe — COMPANHIA SUL SERGIPANA DE ELETRICIDADE,nao_classificado,141985,60,65246.42,1995272,G,37,1995272.0,0.00042257984998415323,False,False,3.0071088052155295,0.03270051401513177,1087.4403333333332,pos_2022,REN_1000,True
2023,1,sulgipe,sulgipe,Sulgipe,COMPANHIA SUL SERGIPANA DE ELETRICIDADE,Sulgipe,COMPANHIA SUL SERGIPANA DE ELETRICIDADE,Sulgipe — COMPANHIA SUL SERGIPANA DE ELETRICIDADE,rural,9461,6,589.55,1995272,G,37,1995272.0,0.0006341824331466019,False,False,0.300710880521553,0.00029547349935246924,98.25833333333333,pos_2022,REN_1000,True
2023,1,sulgipe,sulgipe,Sulgipe,COMPANHIA SUL SERGIPANA DE ELETRICIDADE,Sulgipe,COMPANHIA SUL SERGIPANA DE ELETRICIDADE,Sulgipe — COMPANHIA SUL SERGIPANA DE ELETRICIDADE,urbana,17628,15,1520.95,1995272,G,37,1995272.0,0.0008509189925119128,False,False,0.7517772013038824,0.0007622770228820933,101.39666666666668,pos_2022,REN_1000,True
2024,1,amazonas,amazonas_energia,Amazonas Energia,AMAZONAS ENERGIA S.A.,Amazonas Energia,AMAZONAS ENERGIA S.A.,Amazonas Energia — AMAZONAS ENERGIA S.A.,grupo_a,57,0,0.0,14152589,GG,26,14152589.0,0.0,False,False,0.0,0.0,,pos_2022,REN_1000,True
2024,1,amazonas,amazonas_energia,Amazonas Energia,AMAZONAS ENERGIA S.A.,Amazonas Energia,AMAZONAS ENERGIA S.A.,Amazonas Energia — AMAZONAS ENERGIA S.A.,nao_classificado,1809558,1208,330946.56,14152589,GG,26,14152589.0,0.0006675663338782178,False,False,8.535540740990923,0.02338417091035428,273.96238410596027,pos_2022,REN_1000,True
2024,1,amazonas,amazonas_energia,Amazonas Energia,AMAZONAS ENERGIA S.A.,Amazonas Energia,AMAZONAS ENERGIA S.A.,Amazonas Energia — AMAZONAS ENERGIA S.A.,rural,17946,241,18215.190000000002,14152589,GG,26,14152589.0,0.01342917641814332,False,False,1.7028686412076264,0.0012870570889891597,75.58170124481329,pos_2022,REN_1000,True
2024,1,amazonas,amazonas_energia,Amazonas Energia,AMAZONAS ENERGIA S.A.,Amazonas Energia,AMAZONAS ENERGIA S.A.,Amazonas Energia — AMAZONAS ENERGIA S.A.,urbana,263944,998,167550.95,14152589,GG,26,14152589.0,0.003781105082896372,False,False,7.0517132942954825,0.0118388903966617,167.8867234468938,pos_2022,REN_1000,True
2024,1,castro_dis,castro_dis,Castro-Dis,COOPERATIVA DE DISTRIBUIÇÃO DE ENERGIA ELÉTRICA DE CASTRO,Castro-Dis,COOPERATIVA DE DISTRIBUIÇÃO DE ENERGIA ELÉTRICA DE CASTRO,Castro-Dis — COOPERATIVA DE DISTRIBUIÇÃO DE ENERGIA ELÉTRICA DE CASTRO,grupo_a,0,0,0.0,28465,P,98,28465.0,,False,False,0.0,0.0,,pos_2022,REN_1000,True
2024,1,castro_dis,castro_dis,Castro-Dis,COOPERATIVA DE DISTRIBUIÇÃO DE ENERGIA ELÉTRICA DE CASTRO,Castro-Dis,COOPERATIVA DE DISTRIBUIÇÃO DE ENERGIA ELÉTRICA DE CASTRO,Castro-Dis — COOPERATIVA DE DISTRIBUIÇÃO DE ENERGIA ELÉTRICA DE CASTRO,nao_classificado,8487,6,0.0,28465,P,98,28465.0,0.0007069635913750442,False,False,21.078517477604077,0.0,0.0,pos_2022,REN_1000,True
2024,1,castro_dis,castro_dis,Castro-Dis,COOPERATIVA DE DISTRIBUIÇÃO DE ENERGIA ELÉTRICA DE CASTRO,Castro-Dis,COOPERATIVA DE DISTRIBUIÇÃO DE ENERGIA ELÉTRICA DE CASTRO,Castro-Dis — COOPERATIVA DE DISTRIBUIÇÃO DE ENERGIA ELÉTRICA DE CASTRO,rural,103,0,0.0,28465,P,98,28465.0,0.0,False,False,0.0,0.0,,pos_2022,REN_1000,True
2024,1,castro_dis,castro_dis,Castro-Dis,COOPERATIVA DE DISTRIBUIÇÃO DE ENERGIA ELÉTRICA DE CASTRO,Castro-Dis,COOPERATIVA DE DISTRIBUIÇÃO DE ENERGIA ELÉTRICA DE CASTRO,Castro-Dis — COOPERATIVA DE DISTRIBUIÇÃO DE ENERGIA ELÉTRICA DE CASTRO,urbana,290,0,0.0,28465,P,98,28465.0,0.0,False,False,0.0,0.0,,pos_2022,REN_1000,True
2024,1,cedrap,cedrap,Cedrap,COOPERATIVA DE ELETRIFICAÇÃO DA REGIÃO DO ALTO DA PARAÍBA,Cedrap,COOPERATIVA DE ELETRIFICAÇÃO DA REGIÃO DO ALTO DA PARAÍBA,Cedrap — COOPERATIVA DE ELETRIFICAÇÃO DA REGIÃO DO ALTO DA PARAÍBA,grupo_a,0,0,0.0,94589,P,77,94589.0,,False,False,0.0,0.0,,pos_2022,REN_1000,True
2024,1,cedrap,cedrap,Cedrap,COOPERATIVA DE ELETRIFICAÇÃO DA REGIÃO DO ALTO DA PARAÍBA,Cedrap,COOPERATIVA DE ELETRIFICAÇÃO DA REGIÃO DO ALTO DA PARAÍBA,Cedrap — COOPERATIVA DE ELETRIFICAÇÃO DA REGIÃO DO ALTO DA PARAÍBA,nao_classificado,12679,9,581.37,94589,P,77,94589.0,0.0007098351605016168,False,False,9.514848449608305,0.0061462749368319785,64.59666666666666,pos_2022,REN_1000,True
2024,1,cedrap,cedrap,Cedrap,COOPERATIVA DE ELETRIFICAÇÃO DA REGIÃO DO ALTO DA PARAÍBA,Cedrap,COOPERATIVA DE ELETRIFICAÇÃO DA REGIÃO DO ALTO DA PARAÍBA,Cedrap — COOPERATIVA DE ELETRIFICAÇÃO DA REGIÃO DO ALTO DA PARAÍBA,rural,1113,7,2670.92,94589,P,77,94589.0,0.006289308176100629,False,False,7.400437683028682,0.02823711002336424,381.56,pos_2022,REN_1000,True
2024,1,cedrap,cedrap,Cedrap,COOPERATIVA DE ELETRIFICAÇÃO DA REGIÃO DO ALTO DA PARAÍBA,Cedrap,COOPERATIVA DE ELETRIFICAÇÃO DA REGIÃO DO ALTO DA PARAÍBA,Cedrap — COOPERATIVA DE ELETRIFICAÇÃO DA REGIÃO DO ALTO DA PARAÍBA,urbana,116,1,0.0,94589,P,77,94589.0,0.008620689655172414,False,False,1.0572053832898116,0.0,0.0,pos_2022,REN_1000,True
2024,1,cedri,cedri,Cedri,COOPERATIVA DE ELETRIFICAÇÃO E DISTRIBUIÇÃO DA REGIÃO DE ITARIRI,Cedri,COOPERATIVA DE ELETRIFICAÇÃO E DISTRIBUIÇÃO DA REGIÃO DE ITARIRI,Cedri — COOPERATIVA DE ELETRIFICAÇÃO E DISTRIBUIÇÃO DA REGIÃO DE ITARIRI,grupo_a,0,0,0.0,40554,P,97,40554.0,,False,False,0.0,0.0,,pos_2022,REN_1000,True
2024,1,cedri,cedri,Cedri,COOPERATIVA DE ELETRIFICAÇÃO E DISTRIBUIÇÃO DA REGIÃO DE ITARIRI,Cedri,COOPERATIVA DE ELETRIFICAÇÃO E DISTRIBUIÇÃO DA REGIÃO DE ITARIRI,Cedri — COOPERATIVA DE ELETRIFICAÇÃO E DISTRIBUIÇÃO DA REGIÃO DE ITARIRI,nao_classificado,10855,6,0.0,40554,P,97,40554.0,0.0005527406725011516,False,False,14.795088030773783,0.0,0.0,pos_2022,REN_1000,True
2024,1,cedri,cedri,Cedri,COOPERATIVA DE ELETRIFICAÇÃO E DISTRIBUIÇÃO DA REGIÃO DE ITARIRI,Cedri,COOPERATIVA DE ELETRIFICAÇÃO E DISTRIBUIÇÃO DA REGIÃO DE ITARIRI,Cedri — COOPERATIVA DE ELETRIFICAÇÃO E DISTRIBUIÇÃO DA REGIÃO DE ITARIRI,rural,124,0,0.0,40554,P,97,40554.0,0.0,False,False,0.0,0.0,,pos_2022,REN_1000,True
2024,1,cedri,cedri,Cedri,COOPERATIVA DE ELETRIFICAÇÃO E DISTRIBUIÇÃO DA REGIÃO DE ITARIRI,Cedri,COOPERATIVA DE ELETRIFICAÇÃO E DISTRIBUIÇÃO DA REGIÃO DE ITARIRI,Cedri — COOPERATIVA DE ELETRIFICAÇÃO E DISTRIBUIÇÃO DA REGIÃO DE ITARIRI,urbana,65,0,0.0,40554,P,97,40554.0,0.0,False,False,0.0,0.0,,pos_2022,REN_1000,True
2024,1,cegero,cegero,Cegero,COOPERATIVA DE ELETRICIDADE DE SÃO LUDGERO,Cegero,COOPERATIVA DE ELETRICIDADE DE SÃO LUDGERO,Cegero — COOPERATIVA DE ELETRICIDADE DE SÃO LUDGERO,grupo_a,0,0,0.0,85454,P,83,85454.0,,False,False,0.0,0.0,,pos_2022,REN_1000,True
2024,1,cegero,cegero,Cegero,COOPERATIVA DE ELETRICIDADE DE SÃO LUDGERO,Cegero,COOPERATIVA DE ELETRICIDADE DE SÃO LUDGERO,Cegero — COOPERATIVA DE ELETRICIDADE DE SÃO LUDGERO,nao_classificado,19016,6,0.0,85454,P,83,85454.0,0.0003155237694572991,False,False,7.021321412689868,0.0,0.0,pos_2022,REN_1000,True
2024,1,cegero,cegero,Cegero,COOPERATIVA DE ELETRICIDADE DE SÃO LUDGERO,Cegero,COOPERATIVA DE ELETRICIDADE DE SÃO LUDGERO,Cegero — COOPERATIVA DE ELETRICIDADE DE SÃO LUDGERO,rural,164,0,0.0,85454,P,83,85454.0,0.0,False,False,0.0,0.0,,pos_2022,REN_1000,True
2024,1,cegero,cegero,Cegero,COOPERATIVA DE ELETRICIDADE DE SÃO LUDGERO,Cegero,COOPERATIVA DE ELETRICIDADE DE SÃO LUDGERO,Cegero — COOPERATIVA DE ELETRICIDADE DE SÃO LUDGERO,urbana,1028,0,697.41,85454,P,83,85454.0,0.0,False,False,0.0,0.008161232944040068,,pos_2022,REN_1000,True
2024,1,cejama,cejama,Cejama,COOPERATIVA DE ELETRICIDADE JACINTO MACHADO,Cejama,COOPERATIVA DE ELETRICIDADE JACINTO MACHADO,Cejama — COOPERATIVA DE ELETRICIDADE JACINTO MACHADO,grupo_a,0,0,0.0,69319,P,88,69319.0,,False,False,0.0,0.0,,pos_2022,REN_1000,True
2024,1,cejama,cejama,Cejama,COOPERATIVA DE ELETRICIDADE JACINTO MACHADO,Cejama,COOPERATIVA DE ELETRICIDADE JACINTO MACHADO,Cejama — COOPERATIVA DE ELETRICIDADE JACINTO MACHADO,nao_classificado,6792,3,404.01,69319,P,88,69319.0,0.00044169611307420494,False,False,4.327817770019764,0.005828272190885615,134.67,pos_2022,REN_1000,True
2024,1,cejama,cejama,Cejama,COOPERATIVA DE ELETRICIDADE JACINTO MACHADO,Cejama,COOPERATIVA DE ELETRICIDADE JACINTO MACHADO,Cejama — COOPERATIVA DE ELETRICIDADE JACINTO MACHADO,rural,220,0,0.0,69319,P,88,69319.0,0.0,False,False,0.0,0.0,,pos_2022,REN_1000,True
2024,1,cejama,cejama,Cejama,COOPERATIVA DE ELETRICIDADE JACINTO MACHADO,Cejama,COOPERATIVA DE ELETRICIDADE JACINTO MACHADO,Cejama — COOPERATIVA DE ELETRICIDADE JACINTO MACHADO,urbana,358,1,220.97,69319,P,88,69319.0,0.002793296089385475,False,False,1.4426059233399213,0.003187726308804224,220.97,pos_2022,REN_1000,True
2024,1,celesc,celesc_dis,Celesc-Dis,CELESC DISTRIBUIÇÃO S.A.,Celesc-Dis,CELESC DISTRIBUIÇÃO S.A.,Celesc-Dis — CELESC DISTRIBUIÇÃO S.A.,grupo_a,34,15,0.0,41391177,GG,10,41391177.0,0.4411764705882353,False,False,0.03623960729601867,0.0,0.0,pos_2022,REN_1000,True
2024,1,celesc,celesc_dis,Celesc-Dis,CELESC DISTRIBUIÇÃO S.A.,Celesc-Dis,CELESC DISTRIBUIÇÃO S.A.,Celesc-Dis — CELESC DISTRIBUIÇÃO S.A.,nao_classificado,12211216,109096,1631152.33,41391177,GG,10,41391177.0,0.00893408158532287,False,False,263.5730798377635,0.039408213252790564,14.951531953508837,pos_2022,REN_1000,True
2024,1,celesc,celesc_dis,Celesc-Dis,CELESC DISTRIBUIÇÃO S.A.,Celesc-Dis,CELESC DISTRIBUIÇÃO S.A.,Celesc-Dis — CELESC DISTRIBUIÇÃO S.A.,rural,16163,510,91388.96,41391177,GG,10,41391177.0,0.031553548227433025,False,False,1.2321466480646346,0.0022079333477277056,179.19403921568627,pos_2022,REN_1000,True
2024,1,celesc,celesc_dis,Celesc-Dis,CELESC DISTRIBUIÇÃO S.A.,Celesc-Dis,CELESC DISTRIBUIÇÃO S.A.,Celesc-Dis — CELESC DISTRIBUIÇÃO S.A.,urbana,209329,4101,438370.14,41391177,GG,10,41391177.0,0.019591169880905177,False,False,9.907908634731504,0.010590907815933817,106.8934747622531,pos_2022,REN_1000,True
2024,1,celetro,celetro,Celetro,COOPERATIVA DE ELETRIFICAÇÃO CENTRO JACUÍ LTDA.,Celetro,COOPERATIVA DE ELETRIFICAÇÃO CENTRO JACUÍ LTDA.,Celetro — COOPERATIVA DE ELETRIFICAÇÃO CENTRO JACUÍ LTDA.,grupo_a,0,0,0.0,289250,M,53,289250.0,,False,False,0.0,0.0,,pos_2022,REN_1000,True
2024,1,celetro,celetro,Celetro,COOPERATIVA DE ELETRIFICAÇÃO CENTRO JACUÍ LTDA.,Celetro,COOPERATIVA DE ELETRIFICAÇÃO CENTRO JACUÍ LTDA.,Celetro — COOPERATIVA DE ELETRIFICAÇÃO CENTRO JACUÍ LTDA.,nao_classificado,32542,45,0.0,289250,M,53,289250.0,0.0013828283449081188,False,False,15.557476231633533,0.0,0.0,pos_2022,REN_1000,True
2024,1,celetro,celetro,Celetro,COOPERATIVA DE ELETRIFICAÇÃO CENTRO JACUÍ LTDA.,Celetro,COOPERATIVA DE ELETRIFICAÇÃO CENTRO JACUÍ LTDA.,Celetro — COOPERATIVA DE ELETRIFICAÇÃO CENTRO JACUÍ LTDA.,rural,2301,23,1427.8400000000001,289250,M,53,289250.0,0.009995654063450673,False,False,7.951598962834918,0.0049363526361279175,62.080000000000005,pos_2022,REN_1000,True
2024,1,celetro,celetro,Celetro,COOPERATIVA DE ELETRIFICAÇÃO CENTRO JACUÍ LTDA.,Celetro,COOPERATIVA DE ELETRIFICAÇÃO CENTRO JACUÍ LTDA.,Celetro — COOPERATIVA DE ELETRIFICAÇÃO CENTRO JACUÍ LTDA.,urbana,667,3,324.49,289250,M,53,289250.0,0.004497751124437781,False,False,1.0371650821089025,0.0011218323249783924,108.16333333333334,pos_2022,REN_1000,True
2024,1,cemig,cemig_d,Cemig-D,CEMIG DISTRIBUIÇÃO S.A.,Cemig-D,CEMIG DISTRIBUIÇÃO S.A.,Cemig-D — CEMIG DISTRIBUIÇÃO S.A.,grupo_a,292,0,0.0,125723050,GG,1,125723050.0,0.0,False,False,0.0,0.0,,pos_2022,REN_1000,True
2024,1,cemig,cemig_d,Cemig-D,CEMIG DISTRIBUIÇÃO S.A.,Cemig-D,CEMIG DISTRIBUIÇÃO S.A.,Cemig-D — CEMIG DISTRIBUIÇÃO S.A.,nao_classificado,47705163,34466,19423147.55,125723050,GG,1,125723050.0,0.0007224794515428027,False,False,27.41422515600759,0.1544915395386924,563.5451618986827,pos_2022,REN_1000,True
2024,1,cemig,cemig_d,Cemig-D,CEMIG DISTRIBUIÇÃO S.A.,Cemig-D,CEMIG DISTRIBUIÇÃO S.A.,Cemig-D — CEMIG DISTRIBUIÇÃO S.A.,rural,104578,5326,8685045.97,125723050,GG,1,125723050.0,0.05092849356461206,False,False,4.236295571893937,0.06908077691401855,1630.6883158092378,pos_2022,REN_1000,True
2024,1,cemig,cemig_d,Cemig-D,CEMIG DISTRIBUIÇÃO S.A.,Cemig-D,CEMIG DISTRIBUIÇÃO S.A.,Cemig-D — CEMIG DISTRIBUIÇÃO S.A.,urbana,1542536,17693,6827439.54,125723050,GG,1,125723050.0,0.0114700726595684,False,False,14.072996161006277,0.0543053922093045,385.88365681342907,pos_2022,REN_1000,True
2024,1,cemirim,cemirim,Cemirim,COOPERATIVA DE ELETRIFICAÇÃO E DESENVOLVIMENTO DA REGIÃO DE MOGI MIRIM,Cemirim,COOPERATIVA DE ELETRIFICAÇÃO E DESENVOLVIMENTO DA REGIÃO DE MOGI MIRIM,Cemirim — COOPERATIVA DE ELETRIFICAÇÃO E DESENVOLVIMENTO DA REGIÃO DE MOGI MIRIM,grupo_a,0,0,0.0,207314,M,63,207314.0,,False,False,0.0,0.0,,pos_2022,REN_1000,True
2024,1,cemirim,cemirim,Cemirim,COOPERATIVA DE ELETRIFICAÇÃO E DESENVOLVIMENTO DA REGIÃO DE MOGI MIRIM,Cemirim,COOPERATIVA DE ELETRIFICAÇÃO E DESENVOLVIMENTO DA REGIÃO DE MOGI MIRIM,Cemirim — COOPERATIVA DE ELETRIFICAÇÃO E DESENVOLVIMENTO DA REGIÃO DE MOGI MIRIM,nao_classificado,36975,17,1815.9599999999998,207314,M,63,207314.0,0.0004597701149425287,False,False,8.200121554743047,0.008759466316794813,106.82117647058823,pos_2022,REN_1000,True
2024,1,cemirim,cemirim,Cemirim,COOPERATIVA DE ELETRIFICAÇÃO E DESENVOLVIMENTO DA REGIÃO DE MOGI MIRIM,Cemirim,COOPERATIVA DE ELETRIFICAÇÃO E DESENVOLVIMENTO DA REGIÃO DE MOGI MIRIM,Cemirim — COOPERATIVA DE ELETRIFICAÇÃO E DESENVOLVIMENTO DA REGIÃO DE MOGI MIRIM,rural,1019,0,0.0,207314,M,63,207314.0,0.0,False,False,0.0,0.0,,pos_2022,REN_1000,True
2024,1,cemirim,cemirim,Cemirim,COOPERATIVA DE ELETRIFICAÇÃO E DESENVOLVIMENTO DA REGIÃO DE MOGI MIRIM,Cemirim,COOPERATIVA DE ELETRIFICAÇÃO E DESENVOLVIMENTO DA REGIÃO DE MOGI MIRIM,Cemirim — COOPERATIVA DE ELETRIFICAÇÃO E DESENVOLVIMENTO DA REGIÃO DE MOGI MIRIM,urbana,3621,7,1448.3000000000002,207314,M,63,207314.0,0.0019331676332504833,False,False,3.376520640188313,0.006986021204549621,206.90000000000003,pos_2022,REN_1000,True
2024,1,ceprag,ceprag,Ceprag,COOPERATIVA DE ELETRICIDADE PRAIA GRANDE,Ceprag,COOPERATIVA DE ELETRICIDADE PRAIA GRANDE,Ceprag — COOPERATIVA DE ELETRICIDADE PRAIA GRANDE,grupo_a,0,0,0.0,261589,M,54,261589.0,,False,False,0.0,0.0,,pos_2022,REN_1000,True
2024,1,ceprag,ceprag,Ceprag,COOPERATIVA DE ELETRICIDADE PRAIA GRANDE,Ceprag,COOPERATIVA DE ELETRICIDADE PRAIA GRANDE,Ceprag — COOPERATIVA DE ELETRICIDADE PRAIA GRANDE,nao_classificado,60488,45,2793.08,261589,M,54,261589.0,0.0007439492130670546,False,False,17.202558211545593,0.010677360286556392,62.068444444444445,pos_2022,REN_1000,True
2024,1,ceprag,ceprag,Ceprag,COOPERATIVA DE ELETRICIDADE PRAIA GRANDE,Ceprag,COOPERATIVA DE ELETRICIDADE PRAIA GRANDE,Ceprag — COOPERATIVA DE ELETRICIDADE PRAIA GRANDE,rural,1720,8,0.0,261589,M,54,261589.0,0.004651162790697674,False,False,3.058232570941439,0.0,0.0,pos_2022,REN_1000,True
2024,1,ceprag,ceprag,Ceprag,COOPERATIVA DE ELETRICIDADE PRAIA GRANDE,Ceprag,COOPERATIVA DE ELETRICIDADE PRAIA GRANDE,Ceprag — COOPERATIVA DE ELETRICIDADE PRAIA GRANDE,urbana,4617,6,0.0,261589,M,54,261589.0,0.001299545159194282,False,False,2.293674428206079,0.0,0.0,pos_2022,REN_1000,True
2024,1,ceraca,ceraca,Ceraçá,COOPERATIVA DISTRIBUIDORA DE ENERGIA VALE DO ARAÇÁ,Ceraçá,COOPERATIVA DISTRIBUIDORA DE ENERGIA VALE DO ARAÇÁ,Ceraçá — COOPERATIVA DISTRIBUIDORA DE ENERGIA VALE DO ARAÇÁ,grupo_a,36,0,0.0,155995,M,69,155995.0,0.0,False,False,0.0,0.0,,pos_2022,REN_1000,True
2024,1,ceraca,ceraca,Ceraçá,COOPERATIVA DISTRIBUIDORA DE ENERGIA VALE DO ARAÇÁ,Ceraçá,COOPERATIVA DISTRIBUIDORA DE ENERGIA VALE DO ARAÇÁ,Ceraçá — COOPERATIVA DISTRIBUIDORA DE ENERGIA VALE DO ARAÇÁ,nao_classificado,29319,18,7832.44,155995,M,69,155995.0,0.0006139363552645043,False,False,11.538831372800411,0.0502095579986538,435.1355555555555,pos_2022,REN_1000,True
2024,1,ceraca,ceraca,Ceraçá,COOPERATIVA DISTRIBUIDORA DE ENERGIA VALE DO ARAÇÁ,Ceraçá,COOPERATIVA DISTRIBUIDORA DE ENERGIA VALE DO ARAÇÁ,Ceraçá — COOPERATIVA DISTRIBUIDORA DE ENERGIA VALE DO ARAÇÁ,rural,909,14,2256.0299999999997,155995,M,69,155995.0,0.015401540154015401,False,False,8.974646623289207,0.014462194301099393,161.14499999999998,pos_2022,REN_1000,True
2024,1,ceraca,ceraca,Ceraçá,COOPERATIVA DISTRIBUIDORA DE ENERGIA VALE DO ARAÇÁ,Ceraçá,COOPERATIVA DISTRIBUIDORA DE ENERGIA VALE DO ARAÇÁ,Ceraçá — COOPERATIVA DISTRIBUIDORA DE ENERGIA VALE DO ARAÇÁ,urbana,347,3,940.3100000000001,155995,M,69,155995.0,0.008645533141210375,False,False,1.9231385621334018,0.006027821404532197,313.43666666666667,pos_2022,REN_1000,True
2024,1,ceral,ceral_anitapolis,Ceral Anitápolis,COOPERATIVA DE DISTRIBUIÇÃO DE ENERGIA ELÉTRICA DE ANITÁPOLIS,Ceral Anitápolis,COOPERATIVA DE DISTRIBUIÇÃO DE ENERGIA ELÉTRICA DE ANITÁPOLIS,Ceral Anitápolis — COOPERATIVA DE DISTRIBUIÇÃO DE ENERGIA ELÉTRICA DE ANITÁPOLIS,grupo_a,0,0,0.0,48629,P,92,48629.0,,False,False,0.0,0.0,,pos_2022,REN_1000,True
2024,1,ceral,ceral_anitapolis,Ceral Anitápolis,COOPERATIVA DE DISTRIBUIÇÃO DE ENERGIA ELÉTRICA DE ANITÁPOLIS,Ceral Anitápolis,COOPERATIVA DE DISTRIBUIÇÃO DE ENERGIA ELÉTRICA DE ANITÁPOLIS,Ceral Anitápolis — COOPERATIVA DE DISTRIBUIÇÃO DE ENERGIA ELÉTRICA DE ANITÁPOLIS,nao_classificado,659,2,0.0,48629,P,92,48629.0,0.0030349013657056147,False,False,4.1127722141109215,0.0,0.0,pos_2022,REN_1000,True
2024,1,ceral,ceral_anitapolis,Ceral Anitápolis,COOPERATIVA DE DISTRIBUIÇÃO DE ENERGIA ELÉTRICA DE ANITÁPOLIS,Ceral Anitápolis,COOPERATIVA DE DISTRIBUIÇÃO DE ENERGIA ELÉTRICA DE ANITÁPOLIS,Ceral Anitápolis — COOPERATIVA DE DISTRIBUIÇÃO DE ENERGIA ELÉTRICA DE ANITÁPOLIS,rural,136,1,0.0,48629,P,92,48629.0,0.007352941176470588,False,False,2.0563861070554608,0.0,0.0,pos_2022,REN_1000,True
2024,1,ceral,ceral_anitapolis,Ceral Anitápolis,COOPERATIVA DE DISTRIBUIÇÃO DE ENERGIA ELÉTRICA DE ANITÁPOLIS,Ceral Anitápolis,COOPERATIVA DE DISTRIBUIÇÃO DE ENERGIA ELÉTRICA DE ANITÁPOLIS,Ceral Anitápolis — COOPERATIVA DE DISTRIBUIÇÃO DE ENERGIA ELÉTRICA DE ANITÁPOLIS,urbana,69,0,0.0,48629,P,92,48629.0,0.0,False,False,0.0,0.0,,pos_2022,REN_1000,True
2024,1,ceral,ceral_araruama,Ceral Araruama,COOPERATIVA DE ELETRIFICAÇÃO RURAL DE ARARUAMA,Ceral Araruama,COOPERATIVA DE ELETRIFICAÇÃO RURAL DE ARARUAMA,Ceral Araruama — COOPERATIVA DE ELETRIFICAÇÃO RURAL DE ARARUAMA,grupo_a,0,0,0.0,93108,P,79,93108.0,,False,False,0.0,0.0,,pos_2022,REN_1000,True
2024,1,ceral,ceral_araruama,Ceral Araruama,COOPERATIVA DE ELETRIFICAÇÃO RURAL DE ARARUAMA,Ceral Araruama,COOPERATIVA DE ELETRIFICAÇÃO RURAL DE ARARUAMA,Ceral Araruama — COOPERATIVA DE ELETRIFICAÇÃO RURAL DE ARARUAMA,nao_classificado,31740,7,2997.26,93108,P,79,93108.0,0.0002205419029615627,False,False,7.518150964471366,0.0321912187996735,428.18,pos_2022,REN_1000,True
2024,1,ceral,ceral_araruama,Ceral Araruama,COOPERATIVA DE ELETRIFICAÇÃO RURAL DE ARARUAMA,Ceral Araruama,COOPERATIVA DE ELETRIFICAÇÃO RURAL DE ARARUAMA,Ceral Araruama — COOPERATIVA DE ELETRIFICAÇÃO RURAL DE ARARUAMA,rural,1483,0,0.0,93108,P,79,93108.0,0.0,False,False,0.0,0.0,,pos_2022,REN_1000,True
2024,1,ceral,ceral_araruama,Ceral Araruama,COOPERATIVA DE ELETRIFICAÇÃO RURAL DE ARARUAMA,Ceral Araruama,COOPERATIVA DE ELETRIFICAÇÃO RURAL DE ARARUAMA,Ceral Araruama — COOPERATIVA DE ELETRIFICAÇÃO RURAL DE ARARUAMA,urbana,325,2,157.33,93108,P,79,93108.0,0.006153846153846154,False,False,2.1480431327061047,0.0016897581303432574,78.665,pos_2022,REN_1000,True
2024,1,cerbranorte,cerbranorte,Cerbranorte,COOPERATIVA DE ELETRIFICAÇÃO DE BRAÇO DO NORTE,Cerbranorte,COOPERATIVA DE ELETRIFICAÇÃO DE BRAÇO DO NORTE,Cerbranorte — COOPERATIVA DE ELETRIFICAÇÃO DE BRAÇO DO NORTE,grupo_a,0,0,0.0,220243,M,58,220243.0,,False,False,0.0,0.0,,pos_2022,REN_1000,True
2024,1,cerbranorte,cerbranorte,Cerbranorte,COOPERATIVA DE ELETRIFICAÇÃO DE BRAÇO DO NORTE,Cerbranorte,COOPERATIVA DE ELETRIFICAÇÃO DE BRAÇO DO NORTE,Cerbranorte — COOPERATIVA DE ELETRIFICAÇÃO DE BRAÇO DO NORTE,nao_classificado,54577,10,1636.01,220243,M,58,220243.0,0.00018322736683951116,False,False,4.540439423727428,0.00742820430161231,163.601,pos_2022,REN_1000,True
2024,1,cerbranorte,cerbranorte,Cerbranorte,COOPERATIVA DE ELETRIFICAÇÃO DE BRAÇO DO NORTE,Cerbranorte,COOPERATIVA DE ELETRIFICAÇÃO DE BRAÇO DO NORTE,Cerbranorte — COOPERATIVA DE ELETRIFICAÇÃO DE BRAÇO DO NORTE,rural,562,1,186.64,220243,M,58,220243.0,0.0017793594306049821,False,False,0.45404394237274287,0.0008474276140444871,186.64,pos_2022,REN_1000,True
2024,1,cerbranorte,cerbranorte,Cerbranorte,COOPERATIVA DE ELETRIFICAÇÃO DE BRAÇO DO NORTE,Cerbranorte,COOPERATIVA DE ELETRIFICAÇÃO DE BRAÇO DO NORTE,Cerbranorte — COOPERATIVA DE ELETRIFICAÇÃO DE BRAÇO DO NORTE,urbana,3537,1,427.2,220243,M,58,220243.0,0.0002827254735651682,False,False,0.45404394237274287,0.0019396757218163574,427.2,pos_2022,REN_1000,True
2024,1,cerci,cerci,Cerci,COOPERATIVA DE ELETRIFICAÇÃO RURAL CACHOEIRAS- ITABORAÍ LTDA,Cerci,COOPERATIVA DE ELETRIFICAÇÃO RURAL CACHOEIRAS- ITABORAÍ LTDA,Cerci — COOPERATIVA DE ELETRIFICAÇÃO RURAL CACHOEIRAS- ITABORAÍ LTDA,nao_classificado,50876,458,77.91,216090,M,59,216090.0,0.009002280053463322,False,False,211.9487250682586,0.0003605442176870748,0.17010917030567685,pos_2022,REN_1000,True
2024,1,cerci,cerci,Cerci,COOPERATIVA DE ELETRIFICAÇÃO RURAL CACHOEIRAS- ITABORAÍ LTDA,Cerci,COOPERATIVA DE ELETRIFICAÇÃO RURAL CACHOEIRAS- ITABORAÍ LTDA,Cerci — COOPERATIVA DE ELETRIFICAÇÃO RURAL CACHOEIRAS- ITABORAÍ LTDA,rural,1905,2,7.37,216090,M,59,216090.0,0.0010498687664041995,False,False,0.9255402841408672,3.4106159470590956e-05,3.685,pos_2022,REN_1000,True
2024,1,cerci,cerci,Cerci,COOPERATIVA DE ELETRIFICAÇÃO RURAL CACHOEIRAS- ITABORAÍ LTDA,Cerci,COOPERATIVA DE ELETRIFICAÇÃO RURAL CACHOEIRAS- ITABORAÍ LTDA,Cerci — COOPERATIVA DE ELETRIFICAÇÃO RURAL CACHOEIRAS- ITABORAÍ LTDA,urbana,3064,2,17.82,216090,M,59,216090.0,0.0006527415143603133,False,False,0.9255402841408672,8.246563931695127e-05,8.91,pos_2022,REN_1000,True
2024,1,cercos,cercos,Cercos,COOPERATIVA DE ELETRIFICAÇÃO E DESENVOLVIMENTO RURAL CENTRO SUL DE SERGIPE LTDA,Cercos,COOPERATIVA DE ELETRIFICAÇÃO E DESENVOLVIMENTO RURAL CENTRO SUL DE SERGIPE LTDA,Cercos — COOPERATIVA DE ELETRIFICAÇÃO E DESENVOLVIMENTO RURAL CENTRO SUL DE SERGIPE LTDA,nao_classificado,2729,37,16739.25,82533,P,85,82533.0,0.013558079882740931,False,False,44.830552627433875,0.2028188724510196,452.4121621621622,pos_2022,REN_1000,True
2024,1,cercos,cercos,Cercos,COOPERATIVA DE ELETRIFICAÇÃO E DESENVOLVIMENTO RURAL CENTRO SUL DE SERGIPE LTDA,Cercos,COOPERATIVA DE ELETRIFICAÇÃO E DESENVOLVIMENTO RURAL CENTRO SUL DE SERGIPE LTDA,Cercos — COOPERATIVA DE ELETRIFICAÇÃO E DESENVOLVIMENTO RURAL CENTRO SUL DE SERGIPE LTDA,rural,1121,1,4078.3500000000004,82533,P,85,82533.0,0.0008920606601248885,False,False,1.2116365574982129,0.04941477954272837,4078.3500000000004,pos_2022,REN_1000,True
2024,1,cerej,cerej,Cerej,COOPERATIVA DE PRESTAÇÃO DE SERVIÇOS PÚBLICOS DE DISTRIBUIÇÃO DE ENERGIA ELÉTRICA SENADOR ESTEVES JÚNIOR,Cerej,COOPERATIVA DE PRESTAÇÃO DE SERVIÇOS PÚBLICOS DE DISTRIBUIÇÃO DE ENERGIA ELÉTRICA SENADOR ESTEVES JÚNIOR,Cerej — COOPERATIVA DE PRESTAÇÃO DE SERVIÇOS PÚBLICOS DE DISTRIBUIÇÃO DE ENERGIA ELÉTRICA SENADOR ESTEVES JÚNIOR,grupo_a,0,0,0.0,192593,M,67,192593.0,,False,False,0.0,0.0,,pos_2022,REN_1000,True
2024,1,cerej,cerej,Cerej,COOPERATIVA DE PRESTAÇÃO DE SERVIÇOS PÚBLICOS DE DISTRIBUIÇÃO DE ENERGIA ELÉTRICA SENADOR ESTEVES JÚNIOR,Cerej,COOPERATIVA DE PRESTAÇÃO DE SERVIÇOS PÚBLICOS DE DISTRIBUIÇÃO DE ENERGIA ELÉTRICA SENADOR ESTEVES JÚNIOR,Cerej — COOPERATIVA DE PRESTAÇÃO DE SERVIÇOS PÚBLICOS DE DISTRIBUIÇÃO DE ENERGIA ELÉTRICA SENADOR ESTEVES JÚNIOR,nao_classificado,55245,40,11022.04,192593,M,67,192593.0,0.0007240474251063445,False,False,20.769186834412466,0.057229702014091895,275.55100000000004,pos_2022,REN_1000,True
2024,1,cerej,cerej,Cerej,COOPERATIVA DE PRESTAÇÃO DE SERVIÇOS PÚBLICOS DE DISTRIBUIÇÃO DE ENERGIA ELÉTRICA SENADOR ESTEVES JÚNIOR,Cerej,COOPERATIVA DE PRESTAÇÃO DE SERVIÇOS PÚBLICOS DE DISTRIBUIÇÃO DE ENERGIA ELÉTRICA SENADOR ESTEVES JÚNIOR,Cerej — COOPERATIVA DE PRESTAÇÃO DE SERVIÇOS PÚBLICOS DE DISTRIBUIÇÃO DE ENERGIA ELÉTRICA SENADOR ESTEVES JÚNIOR,rural,1430,5,1512.8899999999999,192593,M,67,192593.0,0.0034965034965034965,False,False,2.596148354301558,0.007855373767478567,302.578,pos_2022,REN_1000,True
2024,1,cerej,cerej,Cerej,COOPERATIVA DE PRESTAÇÃO DE SERVIÇOS PÚBLICOS DE DISTRIBUIÇÃO DE ENERGIA ELÉTRICA SENADOR ESTEVES JÚNIOR,Cerej,COOPERATIVA DE PRESTAÇÃO DE SERVIÇOS PÚBLICOS DE DISTRIBUIÇÃO DE ENERGIA ELÉTRICA SENADOR ESTEVES JÚNIOR,Cerej — COOPERATIVA DE PRESTAÇÃO DE SERVIÇOS PÚBLICOS DE DISTRIBUIÇÃO DE ENERGIA ELÉTRICA SENADOR ESTEVES JÚNIOR,urbana,1,0,0.0,192593,M,67,192593.0,0.0,False,False,0.0,0.0,,pos_2022,REN_1000,True
2024,1,ceres,ceres,Ceres,COOPERATIVA DE ELETRIFICAÇÃO RURAL DE RESENDE LTDA.,Ceres,COOPERATIVA DE ELETRIFICAÇÃO RURAL DE RESENDE LTDA.,Ceres — COOPERATIVA DE ELETRIFICAÇÃO RURAL DE RESENDE LTDA.,nao_classificado,16346,72,0.0,71930,P,86,71930.0,0.004404747338798483,False,False,100.09731683581259,0.0,0.0,pos_2022,REN_1000,True
2024,1,ceres,ceres,Ceres,COOPERATIVA DE ELETRIFICAÇÃO RURAL DE RESENDE LTDA.,Ceres,COOPERATIVA DE ELETRIFICAÇÃO RURAL DE RESENDE LTDA.,Ceres — COOPERATIVA DE ELETRIFICAÇÃO RURAL DE RESENDE LTDA.,rural,399,0,0.0,71930,P,86,71930.0,0.0,False,False,0.0,0.0,,pos_2022,REN_1000,True
2024,1,ceres,ceres,Ceres,COOPERATIVA DE ELETRIFICAÇÃO RURAL DE RESENDE LTDA.,Ceres,COOPERATIVA DE ELETRIFICAÇÃO RURAL DE RESENDE LTDA.,Ceres — COOPERATIVA DE ELETRIFICAÇÃO RURAL DE RESENDE LTDA.,urbana,1135,3,0.0,71930,P,86,71930.0,0.0026431718061674008,False,False,4.170721534825525,0.0,0.0,pos_2022,REN_1000,True
2024,1,cerfox,cerfox,Cerfox,COOPERATIVA DE DISTRIBUIÇÃO DE ENERGIA FONTOURA XAVIER,Cerfox,COOPERATIVA DE DISTRIBUIÇÃO DE ENERGIA FONTOURA XAVIER,Cerfox — COOPERATIVA DE DISTRIBUIÇÃO DE ENERGIA FONTOURA XAVIER,grupo_a,0,0,0.0,197797,M,65,197797.0,,False,False,0.0,0.0,,pos_2022,REN_1000,True
2024,1,cerfox,cerfox,Cerfox,COOPERATIVA DE DISTRIBUIÇÃO DE ENERGIA FONTOURA XAVIER,Cerfox,COOPERATIVA DE DISTRIBUIÇÃO DE ENERGIA FONTOURA XAVIER,Cerfox — COOPERATIVA DE DISTRIBUIÇÃO DE ENERGIA FONTOURA XAVIER,nao_classificado,28363,22,1039.94,197797,M,65,197797.0,0.0007756584282339668,False,False,11.12251449718651,0.005257612602820063,47.27,pos_2022,REN_1000,True
2024,1,cerfox,cerfox,Cerfox,COOPERATIVA DE DISTRIBUIÇÃO DE ENERGIA FONTOURA XAVIER,Cerfox,COOPERATIVA DE DISTRIBUIÇÃO DE ENERGIA FONTOURA XAVIER,Cerfox — COOPERATIVA DE DISTRIBUIÇÃO DE ENERGIA FONTOURA XAVIER,rural,1505,27,2870.91,197797,M,65,197797.0,0.017940199335548173,False,False,13.650358701092534,0.014514426406871691,106.33,pos_2022,REN_1000,True
2024,1,cerfox,cerfox,Cerfox,COOPERATIVA DE DISTRIBUIÇÃO DE ENERGIA FONTOURA XAVIER,Cerfox,COOPERATIVA DE DISTRIBUIÇÃO DE ENERGIA FONTOURA XAVIER,Cerfox — COOPERATIVA DE DISTRIBUIÇÃO DE ENERGIA FONTOURA XAVIER,urbana,677,4,77.6,197797,M,65,197797.0,0.005908419497784343,False,False,2.0222753631248196,0.000392321420446215,19.4,pos_2022,REN_1000,True
2024,1,cergal,cergal,Cergal,COOPERATIVA DE ELETRIFICAÇÃO RURAL ANITA GARIBALDI LTDA,Cergal,COOPERATIVA DE ELETRIFICAÇÃO RURAL ANITA GARIBALDI LTDA,Cergal — COOPERATIVA DE ELETRIFICAÇÃO RURAL ANITA GARIBALDI LTDA,grupo_a,0,0,0.0,247253,M,55,247253.0,,False,False,0.0,0.0,,pos_2022,REN_1000,True
2024,1,cergal,cergal,Cergal,COOPERATIVA DE ELETRIFICAÇÃO RURAL ANITA GARIBALDI LTDA,Cergal,COOPERATIVA DE ELETRIFICAÇÃO RURAL ANITA GARIBALDI LTDA,Cergal — COOPERATIVA DE ELETRIFICAÇÃO RURAL ANITA GARIBALDI LTDA,nao_classificado,46241,11,161.16,247253,M,55,247253.0,0.00023788412880344282,False,False,4.448884341140451,0.0006518020003801774,14.65090909090909,pos_2022,REN_1000,True
2024,1,cergal,cergal,Cergal,COOPERATIVA DE ELETRIFICAÇÃO RURAL ANITA GARIBALDI LTDA,Cergal,COOPERATIVA DE ELETRIFICAÇÃO RURAL ANITA GARIBALDI LTDA,Cergal — COOPERATIVA DE ELETRIFICAÇÃO RURAL ANITA GARIBALDI LTDA,rural,720,0,0.0,247253,M,55,247253.0,0.0,False,False,0.0,0.0,,pos_2022,REN_1000,True
2024,1,cergal,cergal,Cergal,COOPERATIVA DE ELETRIFICAÇÃO RURAL ANITA GARIBALDI LTDA,Cergal,COOPERATIVA DE ELETRIFICAÇÃO RURAL ANITA GARIBALDI LTDA,Cergal — COOPERATIVA DE ELETRIFICAÇÃO RURAL ANITA GARIBALDI LTDA,urbana,2860,8,1426.4299999999998,247253,M,55,247253.0,0.002797202797202797,False,False,3.2355522481021466,0.00576911099157543,178.30374999999998,pos_2022,REN_1000,True
2024,1,cergapa,cergapa,Cergapa,COOPERATIVA DE ELETRICIDADE DE GRÃO PARÁ,Cergapa,COOPERATIVA DE ELETRICIDADE DE GRÃO PARÁ,Cergapa — COOPERATIVA DE ELETRICIDADE DE GRÃO PARÁ,grupo_a,0,0,0.0,48230,P,94,48230.0,,False,False,0.0,0.0,,pos_2022,REN_1000,True
2024,1,cergapa,cergapa,Cergapa,COOPERATIVA DE ELETRICIDADE DE GRÃO PARÁ,Cergapa,COOPERATIVA DE ELETRICIDADE DE GRÃO PARÁ,Cergapa — COOPERATIVA DE ELETRICIDADE DE GRÃO PARÁ,nao_classificado,4738,0,0.0,48230,P,94,48230.0,0.0,False,False,0.0,0.0,,pos_2022,REN_1000,True
2024,1,cergapa,cergapa,Cergapa,COOPERATIVA DE ELETRICIDADE DE GRÃO PARÁ,Cergapa,COOPERATIVA DE ELETRICIDADE DE GRÃO PARÁ,Cergapa — COOPERATIVA DE ELETRICIDADE DE GRÃO PARÁ,rural,254,0,0.0,48230,P,94,48230.0,0.0,False,False,0.0,0.0,,pos_2022,REN_1000,True
2024,1,cergapa,cergapa,Cergapa,COOPERATIVA DE ELETRICIDADE DE GRÃO PARÁ,Cergapa,COOPERATIVA DE ELETRICIDADE DE GRÃO PARÁ,Cergapa — COOPERATIVA DE ELETRICIDADE DE GRÃO PARÁ,urbana,181,0,0.0,48230,P,94,48230.0,0.0,False,False,0.0,0.0,,pos_2022,REN_1000,True
2024,1,cergral,cergral,Cergral,COOPERATIVA DE ELETRICIDADE DE GRAVATAL,Cergral,COOPERATIVA DE ELETRICIDADE DE GRAVATAL,Cergral — COOPERATIVA DE ELETRICIDADE DE GRAVATAL,grupo_a,0,0,0.0,84211,P,84,84211.0,,False,False,0.0,0.0,,pos_2022,REN_1000,True
2024,1,cergral,cergral,Cergral,COOPERATIVA DE ELETRICIDADE DE GRAVATAL,Cergral,COOPERATIVA DE ELETRICIDADE DE GRAVATAL,Cergral — COOPERATIVA DE ELETRICIDADE DE GRAVATAL,nao_classificado,29739,3,0.0,84211,P,84,84211.0,0.00010087763542822556,False,False,3.562479961050219,0.0,0.0,pos_2022,REN_1000,True
2024,1,cergral,cergral,Cergral,COOPERATIVA DE ELETRICIDADE DE GRAVATAL,Cergral,COOPERATIVA DE ELETRICIDADE DE GRAVATAL,Cergral — COOPERATIVA DE ELETRICIDADE DE GRAVATAL,rural,1688,3,0.0,84211,P,84,84211.0,0.0017772511848341231,False,False,3.562479961050219,0.0,0.0,pos_2022,REN_1000,True
2024,1,cergral,cergral,Cergral,COOPERATIVA DE ELETRICIDADE DE GRAVATAL,Cergral,COOPERATIVA DE ELETRICIDADE DE GRAVATAL,Cergral — COOPERATIVA DE ELETRICIDADE DE GRAVATAL,urbana,1210,13,2964.6400000000003,84211,P,84,84211.0,0.010743801652892562,False,False,15.43741316455095,0.03520490197242641,228.0492307692308,pos_2022,REN_1000,True
2024,1,ceriluz,ceriluz,Ceriluz,COOPERATIVA REGIONAL DE ENERGIA E DESENVOLVIMENTO IJUÍ LTDA,Ceriluz,COOPERATIVA REGIONAL DE ENERGIA E DESENVOLVIMENTO IJUÍ LTDA,Ceriluz — COOPERATIVA REGIONAL DE ENERGIA E DESENVOLVIMENTO IJUÍ LTDA,grupo_a,0,0,0.0,181084,M,68,181084.0,,False,False,0.0,0.0,,pos_2022,REN_1000,True
2024,1,ceriluz,ceriluz,Ceriluz,COOPERATIVA REGIONAL DE ENERGIA E DESENVOLVIMENTO IJUÍ LTDA,Ceriluz,COOPERATIVA REGIONAL DE ENERGIA E DESENVOLVIMENTO IJUÍ LTDA,Ceriluz — COOPERATIVA REGIONAL DE ENERGIA E DESENVOLVIMENTO IJUÍ LTDA,nao_classificado,59604,14,4604.74,181084,M,68,181084.0,0.0002348835648614187,False,False,7.731218660952928,0.025428751297740273,328.90999999999997,pos_2022,REN_1000,True
2024,1,ceriluz,ceriluz,Ceriluz,COOPERATIVA REGIONAL DE ENERGIA E DESENVOLVIMENTO IJUÍ LTDA,Ceriluz,COOPERATIVA REGIONAL DE ENERGIA E DESENVOLVIMENTO IJUÍ LTDA,Ceriluz — COOPERATIVA REGIONAL DE ENERGIA E DESENVOLVIMENTO IJUÍ LTDA,rural,1092,0,0.0,181084,M,68,181084.0,0.0,False,False,0.0,0.0,,pos_2022,REN_1000,True
2024,1,ceriluz,ceriluz,Ceriluz,COOPERATIVA REGIONAL DE ENERGIA E DESENVOLVIMENTO IJUÍ LTDA,Ceriluz,COOPERATIVA REGIONAL DE ENERGIA E DESENVOLVIMENTO IJUÍ LTDA,Ceriluz — COOPERATIVA REGIONAL DE ENERGIA E DESENVOLVIMENTO IJUÍ LTDA,urbana,216,0,0.0,181084,M,68,181084.0,0.0,False,False,0.0,0.0,,pos_2022,REN_1000,True
2024,1,cerim,cerim,Cerim,COOPERATIVA DE ELETRIFICAÇÃO E DESENVOLVIMENTO DA REGIÃO DE ITU-MAIRINQUE,Cerim,COOPERATIVA DE ELETRIFICAÇÃO E DESENVOLVIMENTO DA REGIÃO DE ITU-MAIRINQUE,Cerim — COOPERATIVA DE ELETRIFICAÇÃO E DESENVOLVIMENTO DA REGIÃO DE ITU-MAIRINQUE,grupo_a,0,0,0.0,194050,M,66,194050.0,,False,False,0.0,0.0,,pos_2022,REN_1000,True
2024,1,cerim,cerim,Cerim,COOPERATIVA DE ELETRIFICAÇÃO E DESENVOLVIMENTO DA REGIÃO DE ITU-MAIRINQUE,Cerim,COOPERATIVA DE ELETRIFICAÇÃO E DESENVOLVIMENTO DA REGIÃO DE ITU-MAIRINQUE,Cerim — COOPERATIVA DE ELETRIFICAÇÃO E DESENVOLVIMENTO DA REGIÃO DE ITU-MAIRINQUE,nao_classificado,41975,10,369.69,194050,M,66,194050.0,0.00023823704586063132,False,False,5.15331100231899,0.0019051275444473073,36.969,pos_2022,REN_1000,True
2024,1,cerim,cerim,Cerim,COOPERATIVA DE ELETRIFICAÇÃO E DESENVOLVIMENTO DA REGIÃO DE ITU-MAIRINQUE,Cerim,COOPERATIVA DE ELETRIFICAÇÃO E DESENVOLVIMENTO DA REGIÃO DE ITU-MAIRINQUE,Cerim — COOPERATIVA DE ELETRIFICAÇÃO E DESENVOLVIMENTO DA REGIÃO DE ITU-MAIRINQUE,rural,1569,1,0.0,194050,M,66,194050.0,0.0006373486297004461,False,False,0.515331100231899,0.0,0.0,pos_2022,REN_1000,True
2024,1,cerim,cerim,Cerim,COOPERATIVA DE ELETRIFICAÇÃO E DESENVOLVIMENTO DA REGIÃO DE ITU-MAIRINQUE,Cerim,COOPERATIVA DE ELETRIFICAÇÃO E DESENVOLVIMENTO DA REGIÃO DE ITU-MAIRINQUE,Cerim — COOPERATIVA DE ELETRIFICAÇÃO E DESENVOLVIMENTO DA REGIÃO DE ITU-MAIRINQUE,urbana,2838,8,1773.82,194050,M,66,194050.0,0.0028188865398167725,False,False,4.122648801855192,0.00914104612213347,221.7275,pos_2022,REN_1000,True
2024,1,ceripa,ceripa,Ceripa,COOPERATIVA DE ELETRIFICAÇÃO RURAL DE ITAÍ-PARANAPANEMA-AVARÉ,Ceripa,COOPERATIVA DE ELETRIFICAÇÃO RURAL DE ITAÍ-PARANAPANEMA-AVARÉ,Ceripa — COOPERATIVA DE ELETRIFICAÇÃO RURAL DE ITAÍ-PARANAPANEMA-AVARÉ,grupo_a,0,0,0.0,94384,P,78,94384.0,,False,False,0.0,0.0,,pos_2022,REN_1000,True
2024,1,ceripa,ceripa,Ceripa,COOPERATIVA DE ELETRIFICAÇÃO RURAL DE ITAÍ-PARANAPANEMA-AVARÉ,Ceripa,COOPERATIVA DE ELETRIFICAÇÃO RURAL DE ITAÍ-PARANAPANEMA-AVARÉ,Ceripa — COOPERATIVA DE ELETRIFICAÇÃO RURAL DE ITAÍ-PARANAPANEMA-AVARÉ,nao_classificado,26647,1,0.0,94384,P,78,94384.0,3.7527676661537886e-05,False,False,1.0595016104424477,0.0,0.0,pos_2022,REN_1000,True
2024,1,ceripa,ceripa,Ceripa,COOPERATIVA DE ELETRIFICAÇÃO RURAL DE ITAÍ-PARANAPANEMA-AVARÉ,Ceripa,COOPERATIVA DE ELETRIFICAÇÃO RURAL DE ITAÍ-PARANAPANEMA-AVARÉ,Ceripa — COOPERATIVA DE ELETRIFICAÇÃO RURAL DE ITAÍ-PARANAPANEMA-AVARÉ,rural,358,0,0.0,94384,P,78,94384.0,0.0,False,False,0.0,0.0,,pos_2022,REN_1000,True
2024,1,ceripa,ceripa,Ceripa,COOPERATIVA DE ELETRIFICAÇÃO RURAL DE ITAÍ-PARANAPANEMA-AVARÉ,Ceripa,COOPERATIVA DE ELETRIFICAÇÃO RURAL DE ITAÍ-PARANAPANEMA-AVARÉ,Ceripa — COOPERATIVA DE ELETRIFICAÇÃO RURAL DE ITAÍ-PARANAPANEMA-AVARÉ,urbana,1144,1,0.0,94384,P,78,94384.0,0.0008741258741258741,False,False,1.0595016104424477,0.0,0.0,pos_2022,REN_1000,True
2024,1,ceris,ceris,Ceris,COOPERATIVA DE ELETRIFICAÇÃO RURAL DA REGIÃO DE ITAPECERICA DA SERRA,Ceris,COOPERATIVA DE ELETRIFICAÇÃO RURAL DA REGIÃO DE ITAPECERICA DA SERRA,Ceris — COOPERATIVA DE ELETRIFICAÇÃO RURAL DA REGIÃO DE ITAPECERICA DA SERRA,grupo_a,0,0,0.0,87164,P,81,87164.0,,False,False,0.0,0.0,,pos_2022,REN_1000,True
2024,1,ceris,ceris,Ceris,COOPERATIVA DE ELETRIFICAÇÃO RURAL DA REGIÃO DE ITAPECERICA DA SERRA,Ceris,COOPERATIVA DE ELETRIFICAÇÃO RURAL DA REGIÃO DE ITAPECERICA DA SERRA,Ceris — COOPERATIVA DE ELETRIFICAÇÃO RURAL DA REGIÃO DE ITAPECERICA DA SERRA,nao_classificado,22024,3,61.53,87164,P,81,87164.0,0.00013621503814021069,False,False,3.441787894084714,0.0007059106970767748,20.51,pos_2022,REN_1000,True
2024,1,ceris,ceris,Ceris,COOPERATIVA DE ELETRIFICAÇÃO RURAL DA REGIÃO DE ITAPECERICA DA SERRA,Ceris,COOPERATIVA DE ELETRIFICAÇÃO RURAL DA REGIÃO DE ITAPECERICA DA SERRA,Ceris — COOPERATIVA DE ELETRIFICAÇÃO RURAL DA REGIÃO DE ITAPECERICA DA SERRA,rural,739,0,0.0,87164,P,81,87164.0,0.0,False,False,0.0,0.0,,pos_2022,REN_1000,True
2024,1,ceris,ceris,Ceris,COOPERATIVA DE ELETRIFICAÇÃO RURAL DA REGIÃO DE ITAPECERICA DA SERRA,Ceris,COOPERATIVA DE ELETRIFICAÇÃO RURAL DA REGIÃO DE ITAPECERICA DA SERRA,Ceris — COOPERATIVA DE ELETRIFICAÇÃO RURAL DA REGIÃO DE ITAPECERICA DA SERRA,urbana,209,1,5.45,87164,P,81,87164.0,0.004784688995215311,False,False,1.1472626313615713,6.252581340920563e-05,5.45,pos_2022,REN_1000,True
2024,1,cermc,cermc,Cermc,COOPERATIVA DE ELETRIFICAÇÃO E DESENVOLVIMENTO DA REGIÃO DE MOGI DAS CRUZES,Cermc,COOPERATIVA DE ELETRIFICAÇÃO E DESENVOLVIMENTO DA REGIÃO DE MOGI DAS CRUZES,Cermc — COOPERATIVA DE ELETRIFICAÇÃO E DESENVOLVIMENTO DA REGIÃO DE MOGI DAS CRUZES,grupo_a,0,0,0.0,42335,P,96,42335.0,,False,False,0.0,0.0,,pos_2022,REN_1000,True
2024,1,cermc,cermc,Cermc,COOPERATIVA DE ELETRIFICAÇÃO E DESENVOLVIMENTO DA REGIÃO DE MOGI DAS CRUZES,Cermc,COOPERATIVA DE ELETRIFICAÇÃO E DESENVOLVIMENTO DA REGIÃO DE MOGI DAS CRUZES,Cermc — COOPERATIVA DE ELETRIFICAÇÃO E DESENVOLVIMENTO DA REGIÃO DE MOGI DAS CRUZES,nao_classificado,10549,24,0.0,42335,P,96,42335.0,0.0022750971656081147,False,False,56.69068146923349,0.0,0.0,pos_2022,REN_1000,True
2024,1,cermc,cermc,Cermc,COOPERATIVA DE ELETRIFICAÇÃO E DESENVOLVIMENTO DA REGIÃO DE MOGI DAS CRUZES,Cermc,COOPERATIVA DE ELETRIFICAÇÃO E DESENVOLVIMENTO DA REGIÃO DE MOGI DAS CRUZES,Cermc — COOPERATIVA DE ELETRIFICAÇÃO E DESENVOLVIMENTO DA REGIÃO DE MOGI DAS CRUZES,rural,340,3,0.0,42335,P,96,42335.0,0.008823529411764706,False,False,7.086335183654186,0.0,0.0,pos_2022,REN_1000,True
2024,1,cermc,cermc,Cermc,COOPERATIVA DE ELETRIFICAÇÃO E DESENVOLVIMENTO DA REGIÃO DE MOGI DAS CRUZES,Cermc,COOPERATIVA DE ELETRIFICAÇÃO E DESENVOLVIMENTO DA REGIÃO DE MOGI DAS CRUZES,Cermc — COOPERATIVA DE ELETRIFICAÇÃO E DESENVOLVIMENTO DA REGIÃO DE MOGI DAS CRUZES,urbana,256,1,0.0,42335,P,96,42335.0,0.00390625,False,False,2.362111727884729,0.0,0.0,pos_2022,REN_1000,True
2024,1,cermissoes,cermissoes,Cermissões,COOPERATIVA DE DISTRIBUIÇÃO E GERAÇÃO DE ENERGIA DAS MISSÕES,Cermissões,COOPERATIVA DE DISTRIBUIÇÃO E GERAÇÃO DE ENERGIA DAS MISSÕES,Cermissões — COOPERATIVA DE DISTRIBUIÇÃO E GERAÇÃO DE ENERGIA DAS MISSÕES,grupo_a,0,0,0.0,344440,G,49,344440.0,,False,False,0.0,0.0,,pos_2022,REN_1000,True
2024,1,cermissoes,cermissoes,Cermissões,COOPERATIVA DE DISTRIBUIÇÃO E GERAÇÃO DE ENERGIA DAS MISSÕES,Cermissões,COOPERATIVA DE DISTRIBUIÇÃO E GERAÇÃO DE ENERGIA DAS MISSÕES,Cermissões — COOPERATIVA DE DISTRIBUIÇÃO E GERAÇÃO DE ENERGIA DAS MISSÕES,nao_classificado,58029,101,6438.12,344440,G,49,344440.0,0.0017405090558169191,False,False,29.32295900592266,0.01869155731041691,63.743762376237626,pos_2022,REN_1000,True
2024,1,cermissoes,cermissoes,Cermissões,COOPERATIVA DE DISTRIBUIÇÃO E GERAÇÃO DE ENERGIA DAS MISSÕES,Cermissões,COOPERATIVA DE DISTRIBUIÇÃO E GERAÇÃO DE ENERGIA DAS MISSÕES,Cermissões — COOPERATIVA DE DISTRIBUIÇÃO E GERAÇÃO DE ENERGIA DAS MISSÕES,rural,9378,23,5808.26,344440,G,49,344440.0,0.002452548517807635,False,False,6.677505516200209,0.01686290790848914,252.53304347826088,pos_2022,REN_1000,True
2024,1,cermissoes,cermissoes,Cermissões,COOPERATIVA DE DISTRIBUIÇÃO E GERAÇÃO DE ENERGIA DAS MISSÕES,Cermissões,COOPERATIVA DE DISTRIBUIÇÃO E GERAÇÃO DE ENERGIA DAS MISSÕES,Cermissões — COOPERATIVA DE DISTRIBUIÇÃO E GERAÇÃO DE ENERGIA DAS MISSÕES,urbana,9765,53,8118.4,344440,G,49,344440.0,0.005427547363031234,False,False,15.387295319939613,0.02356985251422599,153.17735849056604,pos_2022,REN_1000,True
2024,1,cermoful,cermoful,Cermoful,COOPERATIVA FUMACENSE DE ELETRICIDADE,Cermoful,COOPERATIVA FUMACENSE DE ELETRICIDADE,Cermoful — COOPERATIVA FUMACENSE DE ELETRICIDADE,grupo_a,0,0,0.0,198063,M,64,198063.0,,False,False,0.0,0.0,,pos_2022,REN_1000,True
2024,1,cermoful,cermoful,Cermoful,COOPERATIVA FUMACENSE DE ELETRICIDADE,Cermoful,COOPERATIVA FUMACENSE DE ELETRICIDADE,Cermoful — COOPERATIVA FUMACENSE DE ELETRICIDADE,nao_classificado,33546,86,19482.33,198063,M,64,198063.0,0.0025636439515888633,False,False,43.420527811857845,0.09836430832613866,226.53872093023259,pos_2022,REN_1000,True
2024,1,cermoful,cermoful,Cermoful,COOPERATIVA FUMACENSE DE ELETRICIDADE,Cermoful,COOPERATIVA FUMACENSE DE ELETRICIDADE,Cermoful — COOPERATIVA FUMACENSE DE ELETRICIDADE,rural,231,0,0.0,198063,M,64,198063.0,0.0,False,False,0.0,0.0,,pos_2022,REN_1000,True
2024,1,cermoful,cermoful,Cermoful,COOPERATIVA FUMACENSE DE ELETRICIDADE,Cermoful,COOPERATIVA FUMACENSE DE ELETRICIDADE,Cermoful — COOPERATIVA FUMACENSE DE ELETRICIDADE,urbana,2842,2,21371.68,198063,M,64,198063.0,0.0007037297677691766,False,False,1.0097797165548337,0.10790344486350303,10685.84,pos_2022,REN_1000,True
2024,1,cernhe,cernhe,Cernhe,COOPERATIVA DE ELETRIFICAÇÃO E DESENVOLVIMENTO RURAL DA REGIÃO DE NOVO HORIZONTE,Cernhe,COOPERATIVA DE ELETRIFICAÇÃO E DESENVOLVIMENTO RURAL DA REGIÃO DE NOVO HORIZONTE,Cernhe — COOPERATIVA DE ELETRIFICAÇÃO E DESENVOLVIMENTO RURAL DA REGIÃO DE NOVO HORIZONTE,grupo_a,0,0,0.0,57247,P,91,57247.0,,False,False,0.0,0.0,,pos_2022,REN_1000,True
2024,1,cernhe,cernhe,Cernhe,COOPERATIVA DE ELETRIFICAÇÃO E DESENVOLVIMENTO RURAL DA REGIÃO DE NOVO HORIZONTE,Cernhe,COOPERATIVA DE ELETRIFICAÇÃO E DESENVOLVIMENTO RURAL DA REGIÃO DE NOVO HORIZONTE,Cernhe — COOPERATIVA DE ELETRIFICAÇÃO E DESENVOLVIMENTO RURAL DA REGIÃO DE NOVO HORIZONTE,nao_classificado,10185,23,162.41,57247,P,91,57247.0,0.0022582228767795776,False,False,40.17677782241864,0.0028370045591908748,7.061304347826087,pos_2022,REN_1000,True
2024,1,cernhe,cernhe,Cernhe,COOPERATIVA DE ELETRIFICAÇÃO E DESENVOLVIMENTO RURAL DA REGIÃO DE NOVO HORIZONTE,Cernhe,COOPERATIVA DE ELETRIFICAÇÃO E DESENVOLVIMENTO RURAL DA REGIÃO DE NOVO HORIZONTE,Cernhe — COOPERATIVA DE ELETRIFICAÇÃO E DESENVOLVIMENTO RURAL DA REGIÃO DE NOVO HORIZONTE,rural,315,0,0.0,57247,P,91,57247.0,0.0,False,False,0.0,0.0,,pos_2022,REN_1000,True
2024,1,cernhe,cernhe,Cernhe,COOPERATIVA DE ELETRIFICAÇÃO E DESENVOLVIMENTO RURAL DA REGIÃO DE NOVO HORIZONTE,Cernhe,COOPERATIVA DE ELETRIFICAÇÃO E DESENVOLVIMENTO RURAL DA REGIÃO DE NOVO HORIZONTE,Cernhe — COOPERATIVA DE ELETRIFICAÇÃO E DESENVOLVIMENTO RURAL DA REGIÃO DE NOVO HORIZONTE,urbana,0,0,0.0,57247,P,91,57247.0,,False,False,0.0,0.0,,pos_2022,REN_1000,True
2024,1,cerpalo,cerpalo,Cerpalo,COOPERATIVA DE ELETRIFICAÇÃO DE PAULO LOPES,Cerpalo,COOPERATIVA DE ELETRIFICAÇÃO DE PAULO LOPES,Cerpalo — COOPERATIVA DE ELETRIFICAÇÃO DE PAULO LOPES,grupo_a,0,0,0.0,208524,M,61,208524.0,,False,False,0.0,0.0,,pos_2022,REN_1000,True
2024,1,cerpalo,cerpalo,Cerpalo,COOPERATIVA DE ELETRIFICAÇÃO DE PAULO LOPES,Cerpalo,COOPERATIVA DE ELETRIFICAÇÃO DE PAULO LOPES,Cerpalo — COOPERATIVA DE ELETRIFICAÇÃO DE PAULO LOPES,nao_classificado,91837,5,0.0,208524,M,61,208524.0,5.44442871609482e-05,False,False,2.397805528380426,0.0,0.0,pos_2022,REN_1000,True
2024,1,cerpalo,cerpalo,Cerpalo,COOPERATIVA DE ELETRIFICAÇÃO DE PAULO LOPES,Cerpalo,COOPERATIVA DE ELETRIFICAÇÃO DE PAULO LOPES,Cerpalo — COOPERATIVA DE ELETRIFICAÇÃO DE PAULO LOPES,rural,341,0,0.0,208524,M,61,208524.0,0.0,False,False,0.0,0.0,,pos_2022,REN_1000,True
2024,1,cerpalo,cerpalo,Cerpalo,COOPERATIVA DE ELETRIFICAÇÃO DE PAULO LOPES,Cerpalo,COOPERATIVA DE ELETRIFICAÇÃO DE PAULO LOPES,Cerpalo — COOPERATIVA DE ELETRIFICAÇÃO DE PAULO LOPES,urbana,4737,1,0.0,208524,M,61,208524.0,0.00021110407430863416,False,False,0.47956110567608523,0.0,0.0,pos_2022,REN_1000,True
2024,1,cerpro,cerpro,Cerpro,COOPERATIVA DE ELETRIFICAÇÃO RURAL DA REGIÃO DE PROMISSÃO,Cerpro,COOPERATIVA DE ELETRIFICAÇÃO RURAL DA REGIÃO DE PROMISSÃO,Cerpro — COOPERATIVA DE ELETRIFICAÇÃO RURAL DA REGIÃO DE PROMISSÃO,grupo_a,0,0,0.0,25077,P,99,25077.0,,False,False,0.0,0.0,,pos_2022,REN_1000,True
2024,1,cerpro,cerpro,Cerpro,COOPERATIVA DE ELETRIFICAÇÃO RURAL DA REGIÃO DE PROMISSÃO,Cerpro,COOPERATIVA DE ELETRIFICAÇÃO RURAL DA REGIÃO DE PROMISSÃO,Cerpro — COOPERATIVA DE ELETRIFICAÇÃO RURAL DA REGIÃO DE PROMISSÃO,nao_classificado,4246,3,0.0,25077,P,99,25077.0,0.000706547338671691,False,False,11.963153487259241,0.0,0.0,pos_2022,REN_1000,True
2024,1,cerpro,cerpro,Cerpro,COOPERATIVA DE ELETRIFICAÇÃO RURAL DA REGIÃO DE PROMISSÃO,Cerpro,COOPERATIVA DE ELETRIFICAÇÃO RURAL DA REGIÃO DE PROMISSÃO,Cerpro — COOPERATIVA DE ELETRIFICAÇÃO RURAL DA REGIÃO DE PROMISSÃO,rural,167,0,114.35,25077,P,99,25077.0,0.0,False,False,0.0,0.004559955337560314,,pos_2022,REN_1000,True
2024,1,cerpro,cerpro,Cerpro,COOPERATIVA DE ELETRIFICAÇÃO RURAL DA REGIÃO DE PROMISSÃO,Cerpro,COOPERATIVA DE ELETRIFICAÇÃO RURAL DA REGIÃO DE PROMISSÃO,Cerpro — COOPERATIVA DE ELETRIFICAÇÃO RURAL DA REGIÃO DE PROMISSÃO,urbana,93,0,0.0,25077,P,99,25077.0,0.0,False,False,0.0,0.0,,pos_2022,REN_1000,True
2024,1,cerrp,cerrp,Cerrp,COOPERATIVA DE ELETRIFICAÇÃO E DESENVOLVIMENTO DA REGIÃO DE SÃO JOSÉ DO RIO PRETO,Cerrp,COOPERATIVA DE ELETRIFICAÇÃO E DESENVOLVIMENTO DA REGIÃO DE SÃO JOSÉ DO RIO PRETO,Cerrp — COOPERATIVA DE ELETRIFICAÇÃO E DESENVOLVIMENTO DA REGIÃO DE SÃO JOSÉ DO RIO PRETO,grupo_a,0,0,0.0,42519,P,95,42519.0,,False,False,0.0,0.0,,pos_2022,REN_1000,True
2024,1,cerrp,cerrp,Cerrp,COOPERATIVA DE ELETRIFICAÇÃO E DESENVOLVIMENTO DA REGIÃO DE SÃO JOSÉ DO RIO PRETO,Cerrp,COOPERATIVA DE ELETRIFICAÇÃO E DESENVOLVIMENTO DA REGIÃO DE SÃO JOSÉ DO RIO PRETO,Cerrp — COOPERATIVA DE ELETRIFICAÇÃO E DESENVOLVIMENTO DA REGIÃO DE SÃO JOSÉ DO RIO PRETO,nao_classificado,14334,5,0.0,42519,P,95,42519.0,0.00034882098507046184,False,False,11.759448717044146,0.0,0.0,pos_2022,REN_1000,True
2024,1,cerrp,cerrp,Cerrp,COOPERATIVA DE ELETRIFICAÇÃO E DESENVOLVIMENTO DA REGIÃO DE SÃO JOSÉ DO RIO PRETO,Cerrp,COOPERATIVA DE ELETRIFICAÇÃO E DESENVOLVIMENTO DA REGIÃO DE SÃO JOSÉ DO RIO PRETO,Cerrp — COOPERATIVA DE ELETRIFICAÇÃO E DESENVOLVIMENTO DA REGIÃO DE SÃO JOSÉ DO RIO PRETO,rural,719,0,0.0,42519,P,95,42519.0,0.0,False,False,0.0,0.0,,pos_2022,REN_1000,True
2024,1,cerrp,cerrp,Cerrp,COOPERATIVA DE ELETRIFICAÇÃO E DESENVOLVIMENTO DA REGIÃO DE SÃO JOSÉ DO RIO PRETO,Cerrp,COOPERATIVA DE ELETRIFICAÇÃO E DESENVOLVIMENTO DA REGIÃO DE SÃO JOSÉ DO RIO PRETO,Cerrp — COOPERATIVA DE ELETRIFICAÇÃO E DESENVOLVIMENTO DA REGIÃO DE SÃO JOSÉ DO RIO PRETO,urbana,70,1,0.0,42519,P,95,42519.0,0.014285714285714285,False,False,2.351889743408829,0.0,0.0,pos_2022,REN_1000,True
2024,1,cersad,cersad,Cersad,COOPERATIVA DE DISTRIBUIÇÃO DE ENERGIA ELÉTRICA SALTO DONNER,Cersad,COOPERATIVA DE DISTRIBUIÇÃO DE ENERGIA ELÉTRICA SALTO DONNER,Cersad — COOPERATIVA DE DISTRIBUIÇÃO DE ENERGIA ELÉTRICA SALTO DONNER,grupo_a,0,0,0.0,16848,P,101,16848.0,,False,False,0.0,0.0,,pos_2022,REN_1000,True
2024,1,cersad,cersad,Cersad,COOPERATIVA DE DISTRIBUIÇÃO DE ENERGIA ELÉTRICA SALTO DONNER,Cersad,COOPERATIVA DE DISTRIBUIÇÃO DE ENERGIA ELÉTRICA SALTO DONNER,Cersad — COOPERATIVA DE DISTRIBUIÇÃO DE ENERGIA ELÉTRICA SALTO DONNER,nao_classificado,1587,11,1124.1100000000001,16848,P,101,16848.0,0.006931316950220542,False,False,65.28964862298196,0.06672067901234568,102.19181818181819,pos_2022,REN_1000,True
2024,1,cersad,cersad,Cersad,COOPERATIVA DE DISTRIBUIÇÃO DE ENERGIA ELÉTRICA SALTO DONNER,Cersad,COOPERATIVA DE DISTRIBUIÇÃO DE ENERGIA ELÉTRICA SALTO DONNER,Cersad — COOPERATIVA DE DISTRIBUIÇÃO DE ENERGIA ELÉTRICA SALTO DONNER,rural,167,1,116.31,16848,P,101,16848.0,0.005988023952095809,False,False,5.935422602089269,0.006903490028490029,116.31,pos_2022,REN_1000,True
2024,1,cersad,cersad,Cersad,COOPERATIVA DE DISTRIBUIÇÃO DE ENERGIA ELÉTRICA SALTO DONNER,Cersad,COOPERATIVA DE DISTRIBUIÇÃO DE ENERGIA ELÉTRICA SALTO DONNER,Cersad — COOPERATIVA DE DISTRIBUIÇÃO DE ENERGIA ELÉTRICA SALTO DONNER,urbana,0,0,0.0,16848,P,101,16848.0,,False,False,0.0,0.0,,pos_2022,REN_1000,True
2024,1,cersul,cersul,Cersul,COOPERATIVA DE DISTRIBUIÇÃOI DE ENERGIA,Cersul,COOPERATIVA DE DISTRIBUIÇÃOI DE ENERGIA,Cersul — COOPERATIVA DE DISTRIBUIÇÃOI DE ENERGIA,grupo_a,0,0,0.0,224524,M,57,224524.0,,False,False,0.0,0.0,,pos_2022,REN_1000,True
2024,1,cersul,cersul,Cersul,COOPERATIVA DE DISTRIBUIÇÃOI DE ENERGIA,Cersul,COOPERATIVA DE DISTRIBUIÇÃOI DE ENERGIA,Cersul — COOPERATIVA DE DISTRIBUIÇÃOI DE ENERGIA,nao_classificado,69490,17,550.24,224524,M,57,224524.0,0.000244639516477191,False,False,7.571573640234451,0.002450695694001532,32.36705882352941,pos_2022,REN_1000,True
2024,1,cersul,cersul,Cersul,COOPERATIVA DE DISTRIBUIÇÃOI DE ENERGIA,Cersul,COOPERATIVA DE DISTRIBUIÇÃOI DE ENERGIA,Cersul — COOPERATIVA DE DISTRIBUIÇÃOI DE ENERGIA,rural,1087,1,0.0,224524,M,57,224524.0,0.0009199632014719411,False,False,0.44538668471967363,0.0,0.0,pos_2022,REN_1000,True
2024,1,cersul,cersul,Cersul,COOPERATIVA DE DISTRIBUIÇÃOI DE ENERGIA,Cersul,COOPERATIVA DE DISTRIBUIÇÃOI DE ENERGIA,Cersul — COOPERATIVA DE DISTRIBUIÇÃOI DE ENERGIA,urbana,1051,0,0.0,224524,M,57,224524.0,0.0,False,False,0.0,0.0,,pos_2022,REN_1000,True
2024,1,certaja,certaja_energia,Certaja Energia,COOPERATIVA REGIONAL DE ENERGIA TAQUARI JACUÍ,Certaja Energia,COOPERATIVA REGIONAL DE ENERGIA TAQUARI JACUÍ,Certaja Energia — COOPERATIVA REGIONAL DE ENERGIA TAQUARI JACUÍ,grupo_a,0,0,0.0,320567,G,51,320567.0,,False,False,0.0,0.0,,pos_2022,REN_1000,True
2024,1,certaja,certaja_energia,Certaja Energia,COOPERATIVA REGIONAL DE ENERGIA TAQUARI JACUÍ,Certaja Energia,COOPERATIVA REGIONAL DE ENERGIA TAQUARI JACUÍ,Certaja Energia — COOPERATIVA REGIONAL DE ENERGIA TAQUARI JACUÍ,nao_classificado,50292,54,1473.29,320567,G,51,320567.0,0.0010737294201861132,False,False,16.845152495422173,0.004595887911107506,27.283148148148147,pos_2022,REN_1000,True
2024,1,certaja,certaja_energia,Certaja Energia,COOPERATIVA REGIONAL DE ENERGIA TAQUARI JACUÍ,Certaja Energia,COOPERATIVA REGIONAL DE ENERGIA TAQUARI JACUÍ,Certaja Energia — COOPERATIVA REGIONAL DE ENERGIA TAQUARI JACUÍ,rural,3903,49,7146.65,320567,G,51,320567.0,0.012554445298488343,False,False,15.285416153253454,0.02229377945952016,145.85,pos_2022,REN_1000,True
2024,1,certaja,certaja_energia,Certaja Energia,COOPERATIVA REGIONAL DE ENERGIA TAQUARI JACUÍ,Certaja Energia,COOPERATIVA REGIONAL DE ENERGIA TAQUARI JACUÍ,Certaja Energia — COOPERATIVA REGIONAL DE ENERGIA TAQUARI JACUÍ,urbana,956,5,800.8399999999999,320567,G,51,320567.0,0.005230125523012552,False,False,1.5597363421687198,0.002498198504524795,160.16799999999998,pos_2022,REN_1000,True
2024,1,certel,certel_energia,Certel Energia,COOPERATIVA DE DISTRIBUIÇÃO DE ENERGIA TEUTÔNIA,Certel Energia,COOPERATIVA DE DISTRIBUIÇÃO DE ENERGIA TEUTÔNIA,Certel Energia — COOPERATIVA DE DISTRIBUIÇÃO DE ENERGIA TEUTÔNIA,grupo_a,0,0,0.0,899215,G,40,899215.0,,False,False,0.0,0.0,,pos_2022,REN_1000,True
2024,1,certel,certel_energia,Certel Energia,COOPERATIVA DE DISTRIBUIÇÃO DE ENERGIA TEUTÔNIA,Certel Energia,COOPERATIVA DE DISTRIBUIÇÃO DE ENERGIA TEUTÔNIA,Certel Energia — COOPERATIVA DE DISTRIBUIÇÃO DE ENERGIA TEUTÔNIA,nao_classificado,124565,43,1087.51,899215,G,40,899215.0,0.00034520130052582987,False,False,4.781948699699182,0.0012093993093976413,25.29093023255814,pos_2022,REN_1000,True
2024,1,certel,certel_energia,Certel Energia,COOPERATIVA DE DISTRIBUIÇÃO DE ENERGIA TEUTÔNIA,Certel Energia,COOPERATIVA DE DISTRIBUIÇÃO DE ENERGIA TEUTÔNIA,Certel Energia — COOPERATIVA DE DISTRIBUIÇÃO DE ENERGIA TEUTÔNIA,rural,2128,9,3276.08,899215,G,40,899215.0,0.0042293233082706765,False,False,1.0008729836579684,0.003643266627002441,364.00888888888886,pos_2022,REN_1000,True
2024,1,certel,certel_energia,Certel Energia,COOPERATIVA DE DISTRIBUIÇÃO DE ENERGIA TEUTÔNIA,Certel Energia,COOPERATIVA DE DISTRIBUIÇÃO DE ENERGIA TEUTÔNIA,Certel Energia — COOPERATIVA DE DISTRIBUIÇÃO DE ENERGIA TEUTÔNIA,urbana,9778,15,5787.19,899215,G,40,899215.0,0.0015340560441808142,False,False,1.668121639429947,0.006435824580328397,385.81266666666664,pos_2022,REN_1000,True
2024,1,certhil,certhil,Certhil,COOPERATIVA DE DISTRIBUIÇÃO DE ENERGIA ENTRE RIOS LTDA,Certhil,COOPERATIVA DE DISTRIBUIÇÃO DE ENERGIA ENTRE RIOS LTDA,Certhil — COOPERATIVA DE DISTRIBUIÇÃO DE ENERGIA ENTRE RIOS LTDA,grupo_a,0,0,0.0,108538,M,74,108538.0,,False,False,0.0,0.0,,pos_2022,REN_1000,True
2024,1,certhil,certhil,Certhil,COOPERATIVA DE DISTRIBUIÇÃO DE ENERGIA ENTRE RIOS LTDA,Certhil,COOPERATIVA DE DISTRIBUIÇÃO DE ENERGIA ENTRE RIOS LTDA,Certhil — COOPERATIVA DE DISTRIBUIÇÃO DE ENERGIA ENTRE RIOS LTDA,nao_classificado,33960,17,1663.08,108538,M,74,108538.0,0.0005005889281507656,False,False,15.66271720503418,0.015322559840793086,97.82823529411765,pos_2022,REN_1000,True
2024,1,certhil,certhil,Certhil,COOPERATIVA DE DISTRIBUIÇÃO DE ENERGIA ENTRE RIOS LTDA,Certhil,COOPERATIVA DE DISTRIBUIÇÃO DE ENERGIA ENTRE RIOS LTDA,Certhil — COOPERATIVA DE DISTRIBUIÇÃO DE ENERGIA ENTRE RIOS LTDA,rural,1043,8,308.64,108538,M,74,108538.0,0.007670182166826462,False,False,7.370690449427849,0.0028436123753892645,38.58,pos_2022,REN_1000,True
2024,1,certhil,certhil,Certhil,COOPERATIVA DE DISTRIBUIÇÃO DE ENERGIA ENTRE RIOS LTDA,Certhil,COOPERATIVA DE DISTRIBUIÇÃO DE ENERGIA ENTRE RIOS LTDA,Certhil — COOPERATIVA DE DISTRIBUIÇÃO DE ENERGIA ENTRE RIOS LTDA,urbana,0,0,0.0,108538,M,74,108538.0,,False,False,0.0,0.0,,pos_2022,REN_1000,True
2024,1,certrel,certrel,Certrel,COOPERATIVA DE ENERGIA TREVISO,Certrel,COOPERATIVA DE ENERGIA TREVISO,Certrel — COOPERATIVA DE ENERGIA TREVISO,grupo_a,0,0,0.0,57574,P,90,57574.0,,False,False,0.0,0.0,,pos_2022,REN_1000,True
2024,1,certrel,certrel,Certrel,COOPERATIVA DE ENERGIA TREVISO,Certrel,COOPERATIVA DE ENERGIA TREVISO,Certrel — COOPERATIVA DE ENERGIA TREVISO,nao_classificado,12121,26,2197.77,57574,P,90,57574.0,0.0021450375381569177,False,False,45.159273283079166,0.038172960016674196,84.52961538461538,pos_2022,REN_1000,True
2024,1,certrel,certrel,Certrel,COOPERATIVA DE ENERGIA TREVISO,Certrel,COOPERATIVA DE ENERGIA TREVISO,Certrel — COOPERATIVA DE ENERGIA TREVISO,rural,317,0,0.0,57574,P,90,57574.0,0.0,False,False,0.0,0.0,,pos_2022,REN_1000,True
2024,1,certrel,certrel,Certrel,COOPERATIVA DE ENERGIA TREVISO,Certrel,COOPERATIVA DE ENERGIA TREVISO,Certrel — COOPERATIVA DE ENERGIA TREVISO,urbana,270,0,0.0,57574,P,90,57574.0,0.0,False,False,0.0,0.0,,pos_2022,REN_1000,True
2024,1,cervam,cervam,Cervam,COOPERATIVA DE ENERGIZAÇÃO E DE DESENVOLVIMENTO DO VALE DO MOGI,Cervam,COOPERATIVA DE ENERGIZAÇÃO E DE DESENVOLVIMENTO DO VALE DO MOGI,Cervam — COOPERATIVA DE ENERGIZAÇÃO E DE DESENVOLVIMENTO DO VALE DO MOGI,grupo_a,0,0,0.0,58172,P,89,58172.0,,False,False,0.0,0.0,,pos_2022,REN_1000,True
2024,1,cervam,cervam,Cervam,COOPERATIVA DE ENERGIZAÇÃO E DE DESENVOLVIMENTO DO VALE DO MOGI,Cervam,COOPERATIVA DE ENERGIZAÇÃO E DE DESENVOLVIMENTO DO VALE DO MOGI,Cervam — COOPERATIVA DE ENERGIZAÇÃO E DE DESENVOLVIMENTO DO VALE DO MOGI,nao_classificado,10026,12,0.0,58172,P,89,58172.0,0.0011968880909634949,False,False,20.62848105617823,0.0,0.0,pos_2022,REN_1000,True
2024,1,cervam,cervam,Cervam,COOPERATIVA DE ENERGIZAÇÃO E DE DESENVOLVIMENTO DO VALE DO MOGI,Cervam,COOPERATIVA DE ENERGIZAÇÃO E DE DESENVOLVIMENTO DO VALE DO MOGI,Cervam — COOPERATIVA DE ENERGIZAÇÃO E DE DESENVOLVIMENTO DO VALE DO MOGI,rural,192,0,0.0,58172,P,89,58172.0,0.0,False,False,0.0,0.0,,pos_2022,REN_1000,True
2024,1,cervam,cervam,Cervam,COOPERATIVA DE ENERGIZAÇÃO E DE DESENVOLVIMENTO DO VALE DO MOGI,Cervam,COOPERATIVA DE ENERGIZAÇÃO E DE DESENVOLVIMENTO DO VALE DO MOGI,Cervam — COOPERATIVA DE ENERGIZAÇÃO E DE DESENVOLVIMENTO DO VALE DO MOGI,urbana,830,2,250.14,58172,P,89,58172.0,0.0024096385542168677,False,False,3.438080176029705,0.004300006876160352,125.07,pos_2022,REN_1000,True
2024,1,cetril,cetril,Cetril,COOPERATIVA DE ELETRIFICAÇÃO DE IBIÚNA E REGIÃO,Cetril,COOPERATIVA DE ELETRIFICAÇÃO DE IBIÚNA E REGIÃO,Cetril — COOPERATIVA DE ELETRIFICAÇÃO DE IBIÚNA E REGIÃO,grupo_a,0,0,0.0,396900,G,48,396900.0,,False,False,0.0,0.0,,pos_2022,REN_1000,True
2024,1,cetril,cetril,Cetril,COOPERATIVA DE ELETRIFICAÇÃO DE IBIÚNA E REGIÃO,Cetril,COOPERATIVA DE ELETRIFICAÇÃO DE IBIÚNA E REGIÃO,Cetril — COOPERATIVA DE ELETRIFICAÇÃO DE IBIÚNA E REGIÃO,nao_classificado,86430,33,2768.16,396900,G,48,396900.0,0.0003818118708781673,False,False,8.314436885865458,0.006974452003023431,83.88363636363636,pos_2022,REN_1000,True
2024,1,cetril,cetril,Cetril,COOPERATIVA DE ELETRIFICAÇÃO DE IBIÚNA E REGIÃO,Cetril,COOPERATIVA DE ELETRIFICAÇÃO DE IBIÚNA E REGIÃO,Cetril — COOPERATIVA DE ELETRIFICAÇÃO DE IBIÚNA E REGIÃO,rural,9606,3,0.0,396900,G,48,396900.0,0.0003123048094940662,False,False,0.7558578987150415,0.0,0.0,pos_2022,REN_1000,True
2024,1,cetril,cetril,Cetril,COOPERATIVA DE ELETRIFICAÇÃO DE IBIÚNA E REGIÃO,Cetril,COOPERATIVA DE ELETRIFICAÇÃO DE IBIÚNA E REGIÃO,Cetril — COOPERATIVA DE ELETRIFICAÇÃO DE IBIÚNA E REGIÃO,urbana,0,0,0.0,396900,G,48,396900.0,,False,False,0.0,0.0,,pos_2022,REN_1000,True
2024,1,chesp,chesp,Chesp,COMPANHIA HIDROELÉTRICA SÃO PATRÍCIO,Chesp,COMPANHIA HIDROELÉTRICA SÃO PATRÍCIO,Chesp — COMPANHIA HIDROELÉTRICA SÃO PATRÍCIO,grupo_a,0,0,0.0,487441,G,46,487441.0,,False,False,0.0,0.0,,pos_2022,REN_1000,True
2024,1,chesp,chesp,Chesp,COMPANHIA HIDROELÉTRICA SÃO PATRÍCIO,Chesp,COMPANHIA HIDROELÉTRICA SÃO PATRÍCIO,Chesp — COMPANHIA HIDROELÉTRICA SÃO PATRÍCIO,nao_classificado,25095,58,0.0,487441,G,46,487441.0,0.0023112173739788804,False,False,11.89887596652723,0.0,0.0,pos_2022,REN_1000,True
2024,1,chesp,chesp,Chesp,COMPANHIA HIDROELÉTRICA SÃO PATRÍCIO,Chesp,COMPANHIA HIDROELÉTRICA SÃO PATRÍCIO,Chesp — COMPANHIA HIDROELÉTRICA SÃO PATRÍCIO,rural,263,5,0.0,487441,G,46,487441.0,0.019011406844106463,False,False,1.0257651695282095,0.0,0.0,pos_2022,REN_1000,True
2024,1,chesp,chesp,Chesp,COMPANHIA HIDROELÉTRICA SÃO PATRÍCIO,Chesp,COMPANHIA HIDROELÉTRICA SÃO PATRÍCIO,Chesp — COMPANHIA HIDROELÉTRICA SÃO PATRÍCIO,urbana,3405,6,0.0,487441,G,46,487441.0,0.001762114537444934,False,False,1.2309182034338515,0.0,0.0,pos_2022,REN_1000,True
2024,1,cocel,cocel,Cocel,COMPANHIA CAMPOLARGUENSE DE ENERGIA,Cocel,COMPANHIA CAMPOLARGUENSE DE ENERGIA,Cocel — COMPANHIA CAMPOLARGUENSE DE ENERGIA,grupo_a,0,0,0.0,709049,G,41,709049.0,,False,False,0.0,0.0,,pos_2022,REN_1000,True
2024,1,cocel,cocel,Cocel,COMPANHIA CAMPOLARGUENSE DE ENERGIA,Cocel,COMPANHIA CAMPOLARGUENSE DE ENERGIA,Cocel — COMPANHIA CAMPOLARGUENSE DE ENERGIA,nao_classificado,183960,44,18644.949999999997,709049,G,41,709049.0,0.00023918243096325288,False,False,6.20549496579221,0.026295714400556235,423.7488636363636,pos_2022,REN_1000,True
2024,1,cocel,cocel,Cocel,COMPANHIA CAMPOLARGUENSE DE ENERGIA,Cocel,COMPANHIA CAMPOLARGUENSE DE ENERGIA,Cocel — COMPANHIA CAMPOLARGUENSE DE ENERGIA,rural,852,42,0.0,709049,G,41,709049.0,0.04929577464788732,False,False,5.923427012801654,0.0,0.0,pos_2022,REN_1000,True
2024,1,cocel,cocel,Cocel,COMPANHIA CAMPOLARGUENSE DE ENERGIA,Cocel,COMPANHIA CAMPOLARGUENSE DE ENERGIA,Cocel — COMPANHIA CAMPOLARGUENSE DE ENERGIA,urbana,18355,30,7748.049999999999,709049,G,41,709049.0,0.0016344320348678834,False,False,4.231019294858324,0.010927383015842345,258.2683333333333,pos_2022,REN_1000,True
2024,1,coopera,coopera,Coopera,COOPERATIVA PIONEIRA DE ELETRIFICAÇÃO,Coopera,COOPERATIVA PIONEIRA DE ELETRIFICAÇÃO,Coopera — COOPERATIVA PIONEIRA DE ELETRIFICAÇÃO,grupo_a,0,0,0.0,334303,G,50,334303.0,,False,False,0.0,0.0,,pos_2022,REN_1000,True
2024,1,coopera,coopera,Coopera,COOPERATIVA PIONEIRA DE ELETRIFICAÇÃO,Coopera,COOPERATIVA PIONEIRA DE ELETRIFICAÇÃO,Coopera — COOPERATIVA PIONEIRA DE ELETRIFICAÇÃO,nao_classificado,89077,164,35373.75,334303,G,50,334303.0,0.0018411037641590984,False,False,49.05729233659285,0.10581343870680192,215.6935975609756,pos_2022,REN_1000,True
2024,1,coopera,coopera,Coopera,COOPERATIVA PIONEIRA DE ELETRIFICAÇÃO,Coopera,COOPERATIVA PIONEIRA DE ELETRIFICAÇÃO,Coopera — COOPERATIVA PIONEIRA DE ELETRIFICAÇÃO,rural,415,0,0.0,334303,G,50,334303.0,0.0,False,False,0.0,0.0,,pos_2022,REN_1000,True
2024,1,coopera,coopera,Coopera,COOPERATIVA PIONEIRA DE ELETRIFICAÇÃO,Coopera,COOPERATIVA PIONEIRA DE ELETRIFICAÇÃO,Coopera — COOPERATIVA PIONEIRA DE ELETRIFICAÇÃO,urbana,5459,26,2048.93,334303,G,50,334303.0,0.004762777065396593,False,False,7.777375614337891,0.006128960852878974,78.80499999999999,pos_2022,REN_1000,True
2024,1,cooperalianca,cooperalianca,Cooperaliança,COOPERATIVA ALIANÇA,Cooperaliança,COOPERATIVA ALIANÇA,Cooperaliança — COOPERATIVA ALIANÇA,grupo_a,0,0,0.0,540415,G,43,540415.0,,False,False,0.0,0.0,,pos_2022,REN_1000,True
2024,1,cooperalianca,cooperalianca,Cooperaliança,COOPERATIVA ALIANÇA,Cooperaliança,COOPERATIVA ALIANÇA,Cooperaliança — COOPERATIVA ALIANÇA,nao_classificado,128574,21,8077.29,540415,G,43,540415.0,0.0001633300667319987,False,False,3.8859025008558237,0.014946457814827493,384.6328571428571,pos_2022,REN_1000,True
2024,1,cooperalianca,cooperalianca,Cooperaliança,COOPERATIVA ALIANÇA,Cooperaliança,COOPERATIVA ALIANÇA,Cooperaliança — COOPERATIVA ALIANÇA,rural,353,0,0.0,540415,G,43,540415.0,0.0,False,False,0.0,0.0,,pos_2022,REN_1000,True
2024,1,cooperalianca,cooperalianca,Cooperaliança,COOPERATIVA ALIANÇA,Cooperaliança,COOPERATIVA ALIANÇA,Cooperaliança — COOPERATIVA ALIANÇA,urbana,8776,13,1551.38,540415,G,43,540415.0,0.0014813126709206927,False,False,2.4055586910059863,0.0028707197246560516,119.33692307692309,pos_2022,REN_1000,True
2024,1,coopercocal,coopercocal,Coopercocal,COOPERATIVA ENERGÉTICA COCAL,Coopercocal,COOPERATIVA ENERGÉTICA COCAL,Coopercocal — COOPERATIVA ENERGÉTICA COCAL,grupo_a,0,0,0.0,143859,M,71,143859.0,,False,False,0.0,0.0,,pos_2022,REN_1000,True
2024,1,coopercocal,coopercocal,Coopercocal,COOPERATIVA ENERGÉTICA COCAL,Coopercocal,COOPERATIVA ENERGÉTICA COCAL,Coopercocal — COOPERATIVA ENERGÉTICA COCAL,nao_classificado,28672,0,0.0,143859,M,71,143859.0,0.0,False,False,0.0,0.0,,pos_2022,REN_1000,True
2024,1,coopercocal,coopercocal,Coopercocal,COOPERATIVA ENERGÉTICA COCAL,Coopercocal,COOPERATIVA ENERGÉTICA COCAL,Coopercocal — COOPERATIVA ENERGÉTICA COCAL,rural,391,0,0.0,143859,M,71,143859.0,0.0,False,False,0.0,0.0,,pos_2022,REN_1000,True
2024,1,coopercocal,coopercocal,Coopercocal,COOPERATIVA ENERGÉTICA COCAL,Coopercocal,COOPERATIVA ENERGÉTICA COCAL,Coopercocal — COOPERATIVA ENERGÉTICA COCAL,urbana,1653,0,0.0,143859,M,71,143859.0,0.0,False,False,0.0,0.0,,pos_2022,REN_1000,True
2024,1,cooperluz,cooperluz,Cooperluz,COOPERATIVA DISTRIBUIDORA DE ENERGIA FRONTEIRA NOROESTE,Cooperluz,COOPERATIVA DISTRIBUIDORA DE ENERGIA FRONTEIRA NOROESTE,Cooperluz — COOPERATIVA DISTRIBUIDORA DE ENERGIA FRONTEIRA NOROESTE,grupo_a,0,0,0.0,207509,M,62,207509.0,,False,False,0.0,0.0,,pos_2022,REN_1000,True
2024,1,cooperluz,cooperluz,Cooperluz,COOPERATIVA DISTRIBUIDORA DE ENERGIA FRONTEIRA NOROESTE,Cooperluz,COOPERATIVA DISTRIBUIDORA DE ENERGIA FRONTEIRA NOROESTE,Cooperluz — COOPERATIVA DISTRIBUIDORA DE ENERGIA FRONTEIRA NOROESTE,nao_classificado,41127,4,213.37,207509,M,62,207509.0,9.725970773457826e-05,False,False,1.9276272354452095,0.001028244558067361,53.3425,pos_2022,REN_1000,True
2024,1,cooperluz,cooperluz,Cooperluz,COOPERATIVA DISTRIBUIDORA DE ENERGIA FRONTEIRA NOROESTE,Cooperluz,COOPERATIVA DISTRIBUIDORA DE ENERGIA FRONTEIRA NOROESTE,Cooperluz — COOPERATIVA DISTRIBUIDORA DE ENERGIA FRONTEIRA NOROESTE,rural,754,1,158.12,207509,M,62,207509.0,0.001326259946949602,False,False,0.4819068088613024,0.0007619910461714914,158.12,pos_2022,REN_1000,True
2024,1,cooperluz,cooperluz,Cooperluz,COOPERATIVA DISTRIBUIDORA DE ENERGIA FRONTEIRA NOROESTE,Cooperluz,COOPERATIVA DISTRIBUIDORA DE ENERGIA FRONTEIRA NOROESTE,Cooperluz — COOPERATIVA DISTRIBUIDORA DE ENERGIA FRONTEIRA NOROESTE,urbana,580,1,0.0,207509,M,62,207509.0,0.0017241379310344827,False,False,0.4819068088613024,0.0,0.0,pos_2022,REN_1000,True
2024,1,coopermila,coopermila,Coopermila,COOPERATIVA DE ELETRIFICAÇÃO LAURO MÜLLER,Coopermila,COOPERATIVA DE ELETRIFICAÇÃO LAURO MÜLLER,Coopermila — COOPERATIVA DE ELETRIFICAÇÃO LAURO MÜLLER,grupo_a,0,0,0.0,17061,P,100,17061.0,,False,False,0.0,0.0,,pos_2022,REN_1000,True
2024,1,coopermila,coopermila,Coopermila,COOPERATIVA DE ELETRIFICAÇÃO LAURO MÜLLER,Coopermila,COOPERATIVA DE ELETRIFICAÇÃO LAURO MÜLLER,Coopermila — COOPERATIVA DE ELETRIFICAÇÃO LAURO MÜLLER,nao_classificado,1001,3,198.79,17061,P,100,17061.0,0.002997002997002997,False,False,17.583963425356075,0.011651720297755113,66.26333333333334,pos_2022,REN_1000,True
2024,1,coopermila,coopermila,Coopermila,COOPERATIVA DE ELETRIFICAÇÃO LAURO MÜLLER,Coopermila,COOPERATIVA DE ELETRIFICAÇÃO LAURO MÜLLER,Coopermila — COOPERATIVA DE ELETRIFICAÇÃO LAURO MÜLLER,rural,118,1,0.0,17061,P,100,17061.0,0.00847457627118644,False,False,5.861321141785359,0.0,0.0,pos_2022,REN_1000,True
2024,1,coopermila,coopermila,Coopermila,COOPERATIVA DE ELETRIFICAÇÃO LAURO MÜLLER,Coopermila,COOPERATIVA DE ELETRIFICAÇÃO LAURO MÜLLER,Coopermila — COOPERATIVA DE ELETRIFICAÇÃO LAURO MÜLLER,urbana,0,0,0.0,17061,P,100,17061.0,,False,False,0.0,0.0,,pos_2022,REN_1000,True
2024,1,coopernorte,coopernorte,Coopernorte,COOPERATIVA REGIONAL DE DISTRIBUIÇÃO DE ENERGIA DO LITORAL NORTE,Coopernorte,COOPERATIVA REGIONAL DE DISTRIBUIÇÃO DE ENERGIA DO LITORAL NORTE,Coopernorte — COOPERATIVA REGIONAL DE DISTRIBUIÇÃO DE ENERGIA DO LITORAL NORTE,grupo_a,0,0,0.0,85512,P,82,85512.0,,False,False,0.0,0.0,,pos_2022,REN_1000,True
2024,1,coopernorte,coopernorte,Coopernorte,COOPERATIVA REGIONAL DE DISTRIBUIÇÃO DE ENERGIA DO LITORAL NORTE,Coopernorte,COOPERATIVA REGIONAL DE DISTRIBUIÇÃO DE ENERGIA DO LITORAL NORTE,Coopernorte — COOPERATIVA REGIONAL DE DISTRIBUIÇÃO DE ENERGIA DO LITORAL NORTE,nao_classificado,68086,26,8130.93,85512,P,82,85512.0,0.00038186998795640805,False,False,30.405089344185612,0.09508525119281505,312.7280769230769,pos_2022,REN_1000,True
2024,1,coopernorte,coopernorte,Coopernorte,COOPERATIVA REGIONAL DE DISTRIBUIÇÃO DE ENERGIA DO LITORAL NORTE,Coopernorte,COOPERATIVA REGIONAL DE DISTRIBUIÇÃO DE ENERGIA DO LITORAL NORTE,Coopernorte — COOPERATIVA REGIONAL DE DISTRIBUIÇÃO DE ENERGIA DO LITORAL NORTE,rural,1934,17,7265.58,85512,P,82,85512.0,0.008790072388831437,False,False,19.880250725044437,0.08496561886051081,427.3870588235294,pos_2022,REN_1000,True
2024,1,coopernorte,coopernorte,Coopernorte,COOPERATIVA REGIONAL DE DISTRIBUIÇÃO DE ENERGIA DO LITORAL NORTE,Coopernorte,COOPERATIVA REGIONAL DE DISTRIBUIÇÃO DE ENERGIA DO LITORAL NORTE,Coopernorte — COOPERATIVA REGIONAL DE DISTRIBUIÇÃO DE ENERGIA DO LITORAL NORTE,urbana,13,0,0.0,85512,P,82,85512.0,0.0,False,False,0.0,0.0,,pos_2022,REN_1000,True
2024,1,coopersul,coopersul,Coopersul,COOPERATIVA REGIONAL DE ELETRIFICAÇÃO RURAL FRONTEIRA SUL LTDA,Coopersul,COOPERATIVA REGIONAL DE ELETRIFICAÇÃO RURAL FRONTEIRA SUL LTDA,Coopersul — COOPERATIVA REGIONAL DE ELETRIFICAÇÃO RURAL FRONTEIRA SUL LTDA,grupo_a,0,0,0.0,71921,P,87,71921.0,,False,False,0.0,0.0,,pos_2022,REN_1000,True
2024,1,coopersul,coopersul,Coopersul,COOPERATIVA REGIONAL DE ELETRIFICAÇÃO RURAL FRONTEIRA SUL LTDA,Coopersul,COOPERATIVA REGIONAL DE ELETRIFICAÇÃO RURAL FRONTEIRA SUL LTDA,Coopersul — COOPERATIVA REGIONAL DE ELETRIFICAÇÃO RURAL FRONTEIRA SUL LTDA,nao_classificado,21261,61,7527.64,71921,P,87,71921.0,0.00286910305253751,False,False,84.81528343599227,0.1046653967547726,123.40393442622951,pos_2022,REN_1000,True
2024,1,coopersul,coopersul,Coopersul,COOPERATIVA REGIONAL DE ELETRIFICAÇÃO RURAL FRONTEIRA SUL LTDA,Coopersul,COOPERATIVA REGIONAL DE ELETRIFICAÇÃO RURAL FRONTEIRA SUL LTDA,Coopersul — COOPERATIVA REGIONAL DE ELETRIFICAÇÃO RURAL FRONTEIRA SUL LTDA,rural,411,0,0.0,71921,P,87,71921.0,0.0,False,False,0.0,0.0,,pos_2022,REN_1000,True
2024,1,coopersul,coopersul,Coopersul,COOPERATIVA REGIONAL DE ELETRIFICAÇÃO RURAL FRONTEIRA SUL LTDA,Coopersul,COOPERATIVA REGIONAL DE ELETRIFICAÇÃO RURAL FRONTEIRA SUL LTDA,Coopersul — COOPERATIVA REGIONAL DE ELETRIFICAÇÃO RURAL FRONTEIRA SUL LTDA,urbana,288,1,187.31,71921,P,87,71921.0,0.003472222222222222,False,False,1.3904144825572504,0.0026043853672779857,187.31,pos_2022,REN_1000,True
2024,1,cooperzem,cooperzem,Cooperzem,COOPERZEM COOPERATIVA DE DISTRIBUIÇÃO DE ENERGIA ELÉTRICA,Cooperzem,COOPERZEM COOPERATIVA DE DISTRIBUIÇÃO DE ENERGIA ELÉTRICA,Cooperzem — COOPERZEM COOPERATIVA DE DISTRIBUIÇÃO DE ENERGIA ELÉTRICA,grupo_a,0,0,0.0,109034,M,73,109034.0,,False,False,0.0,0.0,,pos_2022,REN_1000,True
2024,1,cooperzem,cooperzem,Cooperzem,COOPERZEM COOPERATIVA DE DISTRIBUIÇÃO DE ENERGIA ELÉTRICA,Cooperzem,COOPERZEM COOPERATIVA DE DISTRIBUIÇÃO DE ENERGIA ELÉTRICA,Cooperzem — COOPERZEM COOPERATIVA DE DISTRIBUIÇÃO DE ENERGIA ELÉTRICA,nao_classificado,29787,0,0.0,109034,M,73,109034.0,0.0,False,False,0.0,0.0,,pos_2022,REN_1000,True
2024,1,cooperzem,cooperzem,Cooperzem,COOPERZEM COOPERATIVA DE DISTRIBUIÇÃO DE ENERGIA ELÉTRICA,Cooperzem,COOPERZEM COOPERATIVA DE DISTRIBUIÇÃO DE ENERGIA ELÉTRICA,Cooperzem — COOPERZEM COOPERATIVA DE DISTRIBUIÇÃO DE ENERGIA ELÉTRICA,rural,903,0,0.0,109034,M,73,109034.0,0.0,False,False,0.0,0.0,,pos_2022,REN_1000,True
2024,1,cooperzem,cooperzem,Cooperzem,COOPERZEM COOPERATIVA DE DISTRIBUIÇÃO DE ENERGIA ELÉTRICA,Cooperzem,COOPERZEM COOPERATIVA DE DISTRIBUIÇÃO DE ENERGIA ELÉTRICA,Cooperzem — COOPERZEM COOPERATIVA DE DISTRIBUIÇÃO DE ENERGIA ELÉTRICA,urbana,972,1,0.0,109034,M,73,109034.0,0.00102880658436214,False,False,0.9171451106994148,0.0,0.0,pos_2022,REN_1000,True
2024,1,coorsel,coorsel,Coorsel,COOPERATIVA REGIONAL SUL DE ELETRIFICAÇÃO RURAL,Coorsel,COOPERATIVA REGIONAL SUL DE ELETRIFICAÇÃO RURAL,Coorsel — COOPERATIVA REGIONAL SUL DE ELETRIFICAÇÃO RURAL,grupo_a,0,0,0.0,113841,M,72,113841.0,,False,False,0.0,0.0,,pos_2022,REN_1000,True
2024,1,coorsel,coorsel,Coorsel,COOPERATIVA REGIONAL SUL DE ELETRIFICAÇÃO RURAL,Coorsel,COOPERATIVA REGIONAL SUL DE ELETRIFICAÇÃO RURAL,Coorsel — COOPERATIVA REGIONAL SUL DE ELETRIFICAÇÃO RURAL,nao_classificado,19058,17,525.04,113841,M,72,113841.0,0.0008920138524504145,False,False,14.933108458288315,0.0046120466264351154,30.88470588235294,pos_2022,REN_1000,True
2024,1,coorsel,coorsel,Coorsel,COOPERATIVA REGIONAL SUL DE ELETRIFICAÇÃO RURAL,Coorsel,COOPERATIVA REGIONAL SUL DE ELETRIFICAÇÃO RURAL,Coorsel — COOPERATIVA REGIONAL SUL DE ELETRIFICAÇÃO RURAL,rural,373,1,71.2,113841,M,72,113841.0,0.002680965147453083,False,False,0.8784181446051949,0.0006254337189588988,71.2,pos_2022,REN_1000,True
2024,1,coorsel,coorsel,Coorsel,COOPERATIVA REGIONAL SUL DE ELETRIFICAÇÃO RURAL,Coorsel,COOPERATIVA REGIONAL SUL DE ELETRIFICAÇÃO RURAL,Coorsel — COOPERATIVA REGIONAL SUL DE ELETRIFICAÇÃO RURAL,urbana,430,0,0.0,113841,M,72,113841.0,0.0,False,False,0.0,0.0,,pos_2022,REN_1000,True
2024,1,copel,copel_dis,Copel-Dis,COPEL DISTRIBUIÇÃO S.A.,Copel-Dis,COPEL DISTRIBUIÇÃO S.A.,Copel-Dis — COPEL DISTRIBUIÇÃO S.A.,grupo_a,698,0,0.0,63185670,GG,4,63185670.0,0.0,False,False,0.0,0.0,,pos_2022,REN_1000,True
2024,1,copel,copel_dis,Copel-Dis,COPEL DISTRIBUIÇÃO S.A.,Copel-Dis,COPEL DISTRIBUIÇÃO S.A.,Copel-Dis — COPEL DISTRIBUIÇÃO S.A.,nao_classificado,18725888,5001,2100245.5287,63185670,GG,4,63185670.0,0.00026706343645759283,False,False,7.914769282338859,0.03323926973790102,419.9651127174565,pos_2022,REN_1000,True
2024,1,copel,copel_dis,Copel-Dis,COPEL DISTRIBUIÇÃO S.A.,Copel-Dis,COPEL DISTRIBUIÇÃO S.A.,Copel-Dis — COPEL DISTRIBUIÇÃO S.A.,rural,63871,374,82613.5698,63185670,GG,4,63185670.0,0.005855552598205758,False,False,0.5919063610467373,0.0013074731944758993,220.89189786096256,pos_2022,REN_1000,True
2024,1,copel,copel_dis,Copel-Dis,COPEL DISTRIBUIÇÃO S.A.,Copel-Dis,COPEL DISTRIBUIÇÃO S.A.,Copel-Dis — COPEL DISTRIBUIÇÃO S.A.,urbana,929976,2378,548077.5682,63185670,GG,4,63185670.0,0.002557055235834043,False,False,3.7635115683666887,0.008674080186219438,230.47837182506308,pos_2022,REN_1000,True
2024,1,coprel,coprel,Coprel,COPREL COOPERATIVA DE ENERGIA,Coprel,COPREL COOPERATIVA DE ENERGIA,Coprel — COPREL COOPERATIVA DE ENERGIA,nao_classificado,14881,158,17074.3,708332,G,42,708332.0,0.010617566023788725,False,False,22.305924340563465,0.024104939491650806,108.06518987341772,pos_2022,REN_1000,True
2024,1,coprel,coprel,Coprel,COPREL COOPERATIVA DE ENERGIA,Coprel,COPREL COOPERATIVA DE ENERGIA,Coprel — COPREL COOPERATIVA DE ENERGIA,rural,2262,14,6926.55,708332,G,42,708332.0,0.00618921308576481,False,False,1.9764743086575223,0.009778677230451258,494.75357142857143,pos_2022,REN_1000,True
2024,1,coprel,coprel,Coprel,COPREL COOPERATIVA DE ENERGIA,Coprel,COPREL COOPERATIVA DE ENERGIA,Coprel — COPREL COOPERATIVA DE ENERGIA,urbana,736,2,2370.87,708332,G,42,708332.0,0.002717391304347826,False,False,0.2823534726653603,0.003347116888690614,1185.435,pos_2022,REN_1000,True
2024,1,cpfl,cpfl_paulista,CPFL Paulista,COMPANHIA PAULISTA DE FORÇA E LUZ,CPFL Paulista,COMPANHIA PAULISTA DE FORÇA E LUZ,CPFL Paulista — COMPANHIA PAULISTA DE FORÇA E LUZ,grupo_a,323,2,130557.5,60020090,GG,5,60020090.0,0.006191950464396285,False,False,0.0033322175958083364,0.0021752299938237346,65278.75,pos_2022,REN_1000,True
2024,1,cpfl,cpfl_paulista,CPFL Paulista,COMPANHIA PAULISTA DE FORÇA E LUZ,CPFL Paulista,COMPANHIA PAULISTA DE FORÇA E LUZ,CPFL Paulista — COMPANHIA PAULISTA DE FORÇA E LUZ,nao_classificado,24433734,6949,3737504.2487,60020090,GG,5,60020090.0,0.0002844018847057924,False,False,11.577790036636067,0.062270887109632786,537.8477836667146,pos_2022,REN_1000,True
2024,1,cpfl,cpfl_paulista,CPFL Paulista,COMPANHIA PAULISTA DE FORÇA E LUZ,CPFL Paulista,COMPANHIA PAULISTA DE FORÇA E LUZ,CPFL Paulista — COMPANHIA PAULISTA DE FORÇA E LUZ,rural,17034,121,68655.9573,60020090,GG,5,60020090.0,0.0071034401784665965,False,False,0.2015991645464044,0.0011438829448606291,567.404605785124,pos_2022,REN_1000,True
2024,1,cpfl,cpfl_paulista,CPFL Paulista,COMPANHIA PAULISTA DE FORÇA E LUZ,CPFL Paulista,COMPANHIA PAULISTA DE FORÇA E LUZ,CPFL Paulista — COMPANHIA PAULISTA DE FORÇA E LUZ,urbana,1410547,5001,1256642.4015,60020090,GG,5,60020090.0,0.0035454330837611223,False,False,8.332210098318747,0.02093702960958572,251.27822465506898,pos_2022,REN_1000,True
2024,1,cpfl,cpfl_piratininga,CPFL Piratininga,COMPANHIA PIRATININGA DE FORÇA E LUZ,CPFL Piratininga,COMPANHIA PIRATININGA DE FORÇA E LUZ,CPFL Piratininga — COMPANHIA PIRATININGA DE FORÇA E LUZ,grupo_a,135,0,0.0,23534373,GG,17,23534373.0,0.0,False,False,0.0,0.0,,pos_2022,REN_1000,True
2024,1,cpfl,cpfl_piratininga,CPFL Piratininga,COMPANHIA PIRATININGA DE FORÇA E LUZ,CPFL Piratininga,COMPANHIA PIRATININGA DE FORÇA E LUZ,CPFL Piratininga — COMPANHIA PIRATININGA DE FORÇA E LUZ,nao_classificado,7664056,1818,1019414.3927,23534373,GG,17,23534373.0,0.00023721121035650053,False,False,7.7248711915970745,0.04331597840741285,560.7339893839384,pos_2022,REN_1000,True
2024,1,cpfl,cpfl_piratininga,CPFL Piratininga,COMPANHIA PIRATININGA DE FORÇA E LUZ,CPFL Piratininga,COMPANHIA PIRATININGA DE FORÇA E LUZ,CPFL Piratininga — COMPANHIA PIRATININGA DE FORÇA E LUZ,rural,2989,27,13677.9497,23534373,GG,17,23534373.0,0.009033121445299431,False,False,0.11472580977619416,0.0005811903168187229,506.5907296296296,pos_2022,REN_1000,True
2024,1,cpfl,cpfl_piratininga,CPFL Piratininga,COMPANHIA PIRATININGA DE FORÇA E LUZ,CPFL Piratininga,COMPANHIA PIRATININGA DE FORÇA E LUZ,CPFL Piratininga — COMPANHIA PIRATININGA DE FORÇA E LUZ,urbana,571809,1491,529561.9106,23534373,GG,17,23534373.0,0.0026075140475228615,False,False,6.335414162085388,0.022501636674153162,355.1723075788061,pos_2022,REN_1000,True
2024,1,cpfl,cpfl_santa_cruz,CPFL Santa Cruz,COMPANHIA JAGUARI DE ENERGIA - CPFL SANTA CRUZ,CPFL Santa Cruz,COMPANHIA JAGUARI DE ENERGIA - CPFL SANTA CRUZ,CPFL Santa Cruz — COMPANHIA JAGUARI DE ENERGIA - CPFL SANTA CRUZ,grupo_a,46,0,0.0,6110374,G,33,6110374.0,0.0,False,False,0.0,0.0,,pos_2022,REN_1000,True
2024,1,cpfl,cpfl_santa_cruz,CPFL Santa Cruz,COMPANHIA JAGUARI DE ENERGIA - CPFL SANTA CRUZ,CPFL Santa Cruz,COMPANHIA JAGUARI DE ENERGIA - CPFL SANTA CRUZ,CPFL Santa Cruz — COMPANHIA JAGUARI DE ENERGIA - CPFL SANTA CRUZ,nao_classificado,2050514,533,278474.7451,6110374,G,33,6110374.0,0.0002599348260972615,False,False,8.722870318576243,0.04557409171680817,522.4666887429644,pos_2022,REN_1000,True
2024,1,cpfl,cpfl_santa_cruz,CPFL Santa Cruz,COMPANHIA JAGUARI DE ENERGIA - CPFL SANTA CRUZ,CPFL Santa Cruz,COMPANHIA JAGUARI DE ENERGIA - CPFL SANTA CRUZ,CPFL Santa Cruz — COMPANHIA JAGUARI DE ENERGIA - CPFL SANTA CRUZ,rural,4940,24,21391.977,6110374,G,33,6110374.0,0.004858299595141701,False,False,0.392774648491238,0.003500927602794853,891.332375,pos_2022,REN_1000,True
2024,1,cpfl,cpfl_santa_cruz,CPFL Santa Cruz,COMPANHIA JAGUARI DE ENERGIA - CPFL SANTA CRUZ,CPFL Santa Cruz,COMPANHIA JAGUARI DE ENERGIA - CPFL SANTA CRUZ,CPFL Santa Cruz — COMPANHIA JAGUARI DE ENERGIA - CPFL SANTA CRUZ,urbana,115876,726,182480.0991,6110374,G,33,6110374.0,0.0062653180986571855,False,False,11.88143311685995,0.02986398199193699,251.34999876033058,pos_2022,REN_1000,True
2024,1,creluz_d,creluz_d,Creluz-D,COOPERATIVA DE DISTRIBUIÇÃO DE ENERGIA,Creluz-D,COOPERATIVA DE DISTRIBUIÇÃO DE ENERGIA,Creluz-D — COOPERATIVA DE DISTRIBUIÇÃO DE ENERGIA,grupo_a,0,0,0.0,305895,M,52,305895.0,,False,False,0.0,0.0,,pos_2022,REN_1000,True
2024,1,creluz_d,creluz_d,Creluz-D,COOPERATIVA DE DISTRIBUIÇÃO DE ENERGIA,Creluz-D,COOPERATIVA DE DISTRIBUIÇÃO DE ENERGIA,Creluz-D — COOPERATIVA DE DISTRIBUIÇÃO DE ENERGIA,nao_classificado,35176,13,5285.03,305895,M,52,305895.0,0.00036957016147373206,False,False,4.249824286111247,0.01727726834371271,406.54076923076923,pos_2022,REN_1000,True
2024,1,creluz_d,creluz_d,Creluz-D,COOPERATIVA DE DISTRIBUIÇÃO DE ENERGIA,Creluz-D,COOPERATIVA DE DISTRIBUIÇÃO DE ENERGIA,Creluz-D — COOPERATIVA DE DISTRIBUIÇÃO DE ENERGIA,rural,1151,9,10538.109999999999,305895,M,52,305895.0,0.007819287576020852,False,False,2.9421860442308634,0.034450089082855226,1170.901111111111,pos_2022,REN_1000,True
2024,1,creluz_d,creluz_d,Creluz-D,COOPERATIVA DE DISTRIBUIÇÃO DE ENERGIA,Creluz-D,COOPERATIVA DE DISTRIBUIÇÃO DE ENERGIA,Creluz-D — COOPERATIVA DE DISTRIBUIÇÃO DE ENERGIA,urbana,797,4,416.36,305895,M,52,305895.0,0.005018820577164366,False,False,1.3076382418803838,0.0013611206459732915,104.09,pos_2022,REN_1000,True
2024,1,creral,creral,Creral,COOPERATIVA REGIONAL DE ELETRIFICAÇÃO RURAL DO ALTO URUGUAI,Creral,COOPERATIVA REGIONAL DE ELETRIFICAÇÃO RURAL DO ALTO URUGUAI,Creral — COOPERATIVA REGIONAL DE ELETRIFICAÇÃO RURAL DO ALTO URUGUAI,grupo_a,0,0,0.0,96425,M,76,96425.0,,False,False,0.0,0.0,,pos_2022,REN_1000,True
2024,1,creral,creral,Creral,COOPERATIVA REGIONAL DE ELETRIFICAÇÃO RURAL DO ALTO URUGUAI,Creral,COOPERATIVA REGIONAL DE ELETRIFICAÇÃO RURAL DO ALTO URUGUAI,Creral — COOPERATIVA REGIONAL DE ELETRIFICAÇÃO RURAL DO ALTO URUGUAI,nao_classificado,14676,12,0.0,96425,M,76,96425.0,0.0008176614881439084,False,False,12.44490536686544,0.0,0.0,pos_2022,REN_1000,True
2024,1,creral,creral,Creral,COOPERATIVA REGIONAL DE ELETRIFICAÇÃO RURAL DO ALTO URUGUAI,Creral,COOPERATIVA REGIONAL DE ELETRIFICAÇÃO RURAL DO ALTO URUGUAI,Creral — COOPERATIVA REGIONAL DE ELETRIFICAÇÃO RURAL DO ALTO URUGUAI,rural,296,8,2085.4900000000002,96425,M,76,96425.0,0.02702702702702703,False,False,8.296603577910293,0.021628104744620173,260.68625000000003,pos_2022,REN_1000,True
2024,1,creral,creral,Creral,COOPERATIVA REGIONAL DE ELETRIFICAÇÃO RURAL DO ALTO URUGUAI,Creral,COOPERATIVA REGIONAL DE ELETRIFICAÇÃO RURAL DO ALTO URUGUAI,Creral — COOPERATIVA REGIONAL DE ELETRIFICAÇÃO RURAL DO ALTO URUGUAI,urbana,151,2,0.0,96425,M,76,96425.0,0.013245033112582781,False,False,2.0741508944775733,0.0,0.0,pos_2022,REN_1000,True
2024,1,dcelt,dcelt,Dcelt,DISTRIBUIDORA CATARINENSE DE ENERGIA ELÉTRICA S/A.,Dcelt,DISTRIBUIDORA CATARINENSE DE ENERGIA ELÉTRICA S/A.,Dcelt — DISTRIBUIDORA CATARINENSE DE ENERGIA ELÉTRICA S/A.,grupo_a,0,0,0.0,502939,G,44,502939.0,,False,False,0.0,0.0,,pos_2022,REN_1000,True
2024,1,dcelt,dcelt,Dcelt,DISTRIBUIDORA CATARINENSE DE ENERGIA ELÉTRICA S/A.,Dcelt,DISTRIBUIDORA CATARINENSE DE ENERGIA ELÉTRICA S/A.,Dcelt — DISTRIBUIDORA CATARINENSE DE ENERGIA ELÉTRICA S/A.,nao_classificado,83584,945,21715.73,502939,G,44,502939.0,0.011305991577335375,False,False,187.8955499573507,0.04317766170450094,22.979608465608464,pos_2022,REN_1000,True
2024,1,dcelt,dcelt,Dcelt,DISTRIBUIDORA CATARINENSE DE ENERGIA ELÉTRICA S/A.,Dcelt,DISTRIBUIDORA CATARINENSE DE ENERGIA ELÉTRICA S/A.,Dcelt — DISTRIBUIDORA CATARINENSE DE ENERGIA ELÉTRICA S/A.,rural,838,12,11604.769999999999,502939,G,44,502939.0,0.014319809069212411,False,False,2.3859752375536596,0.023073911547921315,967.0641666666666,pos_2022,REN_1000,True
2024,1,dcelt,dcelt,Dcelt,DISTRIBUIDORA CATARINENSE DE ENERGIA ELÉTRICA S/A.,Dcelt,DISTRIBUIDORA CATARINENSE DE ENERGIA ELÉTRICA S/A.,Dcelt — DISTRIBUIDORA CATARINENSE DE ENERGIA ELÉTRICA S/A.,urbana,9466,87,6588.47,502939,G,44,502939.0,0.009190788083667864,False,False,17.29832047226403,0.013099938561137633,75.72954022988506,pos_2022,REN_1000,True
2024,1,demei,demei,Demei,DEPARTAMENTO MUNICIPAL DE ENERGIA DE IJUÍ,Demei,DEPARTAMENTO MUNICIPAL DE ENERGIA DE IJUÍ,Demei — DEPARTAMENTO MUNICIPAL DE ENERGIA DE IJUÍ,grupo_a,0,0,0.0,437353,G,47,437353.0,,False,False,0.0,0.0,,pos_2022,REN_1000,True
2024,1,demei,demei,Demei,DEPARTAMENTO MUNICIPAL DE ENERGIA DE IJUÍ,Demei,DEPARTAMENTO MUNICIPAL DE ENERGIA DE IJUÍ,Demei — DEPARTAMENTO MUNICIPAL DE ENERGIA DE IJUÍ,nao_classificado,80680,57,2805.57,437353,G,47,437353.0,0.0007064947942488844,False,False,13.032950499939407,0.0064148868305464925,49.22052631578948,pos_2022,REN_1000,True
2024,1,demei,demei,Demei,DEPARTAMENTO MUNICIPAL DE ENERGIA DE IJUÍ,Demei,DEPARTAMENTO MUNICIPAL DE ENERGIA DE IJUÍ,Demei — DEPARTAMENTO MUNICIPAL DE ENERGIA DE IJUÍ,rural,0,0,0.0,437353,G,47,437353.0,,False,False,0.0,0.0,,pos_2022,REN_1000,True
2024,1,demei,demei,Demei,DEPARTAMENTO MUNICIPAL DE ENERGIA DE IJUÍ,Demei,DEPARTAMENTO MUNICIPAL DE ENERGIA DE IJUÍ,Demei — DEPARTAMENTO MUNICIPAL DE ENERGIA DE IJUÍ,urbana,8476,52,11467.86,437353,G,47,437353.0,0.006134969325153374,False,False,11.8897092280149,0.026221061705304412,220.53576923076923,pos_2022,REN_1000,True
2024,1,dmed,dmed,Dmed,DME DISTRIBUIÇÃO S.A.,Dmed,DME DISTRIBUIÇÃO S.A.,Dmed — DME DISTRIBUIÇÃO S.A.,grupo_a,0,0,0.0,1080133,G,39,1080133.0,,False,False,0.0,0.0,,pos_2022,REN_1000,True
2024,1,dmed,dmed,Dmed,DME DISTRIBUIÇÃO S.A.,Dmed,DME DISTRIBUIÇÃO S.A.,Dmed — DME DISTRIBUIÇÃO S.A.,nao_classificado,288541,196,79582.65,1080133,G,39,1080133.0,0.000679279547793901,False,False,18.145913512502627,0.07367856550998812,406.03392857142853,pos_2022,REN_1000,True
2024,1,dmed,dmed,Dmed,DME DISTRIBUIÇÃO S.A.,Dmed,DME DISTRIBUIÇÃO S.A.,Dmed — DME DISTRIBUIÇÃO S.A.,rural,307,6,153.7,1080133,G,39,1080133.0,0.019543973941368076,False,False,0.5554871483419171,0.0001422972911669211,25.616666666666664,pos_2022,REN_1000,True
2024,1,dmed,dmed,Dmed,DME DISTRIBUIÇÃO S.A.,Dmed,DME DISTRIBUIÇÃO S.A.,Dmed — DME DISTRIBUIÇÃO S.A.,urbana,28869,74,11643.6,1080133,G,39,1080133.0,0.0025633031972011502,False,False,6.8510081628836454,0.010779783600723245,157.34594594594594,pos_2022,REN_1000,True
2024,1,edp,edp_es,EDP ES,EDP ESPÍRITO SANTO DISTRIBUIÇÃO DE ENERGIA S.A.,EDP ES,EDP ESPÍRITO SANTO DISTRIBUIÇÃO DE ENERGIA S.A.,EDP ES — EDP ESPÍRITO SANTO DISTRIBUIÇÃO DE ENERGIA S.A.,grupo_a,34,0,0.0,21759639,GG,20,21759639.0,0.0,False,False,0.0,0.0,,pos_2022,REN_1000,True
2024,1,edp,edp_es,EDP ES,EDP ESPÍRITO SANTO DISTRIBUIÇÃO DE ENERGIA S.A.,EDP ES,EDP ESPÍRITO SANTO DISTRIBUIÇÃO DE ENERGIA S.A.,EDP ES — EDP ESPÍRITO SANTO DISTRIBUIÇÃO DE ENERGIA S.A.,nao_classificado,8598149,10964,6271742.46,21759639,GG,20,21759639.0,0.0012751581764865903,False,False,50.38686533356551,0.28822824036740685,572.0305052900401,pos_2022,REN_1000,True
2024,1,edp,edp_es,EDP ES,EDP ESPÍRITO SANTO DISTRIBUIÇÃO DE ENERGIA S.A.,EDP ES,EDP ESPÍRITO SANTO DISTRIBUIÇÃO DE ENERGIA S.A.,EDP ES — EDP ESPÍRITO SANTO DISTRIBUIÇÃO DE ENERGIA S.A.,rural,43269,828,584034.63,21759639,GG,20,21759639.0,0.019136102059210982,False,False,3.805210187540336,0.02684027202841003,705.3558333333333,pos_2022,REN_1000,True
2024,1,edp,edp_es,EDP ES,EDP ESPÍRITO SANTO DISTRIBUIÇÃO DE ENERGIA S.A.,EDP ES,EDP ESPÍRITO SANTO DISTRIBUIÇÃO DE ENERGIA S.A.,EDP ES — EDP ESPÍRITO SANTO DISTRIBUIÇÃO DE ENERGIA S.A.,urbana,385925,4681,1599933.9,21759639,GG,20,21759639.0,0.012129299734404353,False,False,21.51230542014047,0.07352759390907174,341.793185216834,pos_2022,REN_1000,True
2024,1,edp,edp_sp,EDP SP,EDP SÃO PAULO DISTRIBUIÇÃO DE ENERGIA S.A.,EDP SP,EDP SÃO PAULO DISTRIBUIÇÃO DE ENERGIA S.A.,EDP SP — EDP SÃO PAULO DISTRIBUIÇÃO DE ENERGIA S.A.,grupo_a,79,1,60824.75,27333359,GG,16,27333359.0,0.012658227848101266,False,False,0.0036585331499139934,0.0022252936421023116,60824.75,pos_2022,REN_1000,True
2024,1,edp,edp_sp,EDP SP,EDP SÃO PAULO DISTRIBUIÇÃO DE ENERGIA S.A.,EDP SP,EDP SÃO PAULO DISTRIBUIÇÃO DE ENERGIA S.A.,EDP SP — EDP SÃO PAULO DISTRIBUIÇÃO DE ENERGIA S.A.,nao_classificado,10972757,10486,5724484.03,27333359,GG,16,27333359.0,0.0009556394988059975,False,False,38.363378609998136,0.20943214589908252,545.9168443639138,pos_2022,REN_1000,True
2024,1,edp,edp_sp,EDP SP,EDP SÃO PAULO DISTRIBUIÇÃO DE ENERGIA S.A.,EDP SP,EDP SÃO PAULO DISTRIBUIÇÃO DE ENERGIA S.A.,EDP SP — EDP SÃO PAULO DISTRIBUIÇÃO DE ENERGIA S.A.,rural,25996,72,110354.72,27333359,GG,16,27333359.0,0.0027696568702877365,False,False,0.2634143867938075,0.004037364013694767,1532.7044444444446,pos_2022,REN_1000,True
2024,1,edp,edp_sp,EDP SP,EDP SÃO PAULO DISTRIBUIÇÃO DE ENERGIA S.A.,EDP SP,EDP SÃO PAULO DISTRIBUIÇÃO DE ENERGIA S.A.,EDP SP — EDP SÃO PAULO DISTRIBUIÇÃO DE ENERGIA S.A.,urbana,580361,2813,1273070.83,27333359,GG,16,27333359.0,0.004846983170819542,False,False,10.291453750708063,0.04657571833743522,452.5669498755777,pos_2022,REN_1000,True
2024,1,eflul,eflul,Eflul,EMPRESA FORÇA E LUZ DE URUSSANGA LTDA.,Eflul,EMPRESA FORÇA E LUZ DE URUSSANGA LTDA.,Eflul — EMPRESA FORÇA E LUZ DE URUSSANGA LTDA.,nao_classificado,7619,185,0.0,91532,P,80,91532.0,0.024281401758760993,False,False,202.115107284884,0.0,0.0,pos_2022,REN_1000,True
2024,1,eflul,eflul,Eflul,EMPRESA FORÇA E LUZ DE URUSSANGA LTDA.,Eflul,EMPRESA FORÇA E LUZ DE URUSSANGA LTDA.,Eflul — EMPRESA FORÇA E LUZ DE URUSSANGA LTDA.,rural,175,0,0.0,91532,P,80,91532.0,0.0,False,False,0.0,0.0,,pos_2022,REN_1000,True
2024,1,eflul,eflul,Eflul,EMPRESA FORÇA E LUZ DE URUSSANGA LTDA.,Eflul,EMPRESA FORÇA E LUZ DE URUSSANGA LTDA.,Eflul — EMPRESA FORÇA E LUZ DE URUSSANGA LTDA.,urbana,1296,2,17.55,91532,P,80,91532.0,0.0015432098765432098,False,False,2.1850281868636108,0.00019173622339728184,8.775,pos_2022,REN_1000,True
2024,1,eletrocar,eletrocar,Eletrocar,CENTRAIS ELÉTRICAS DE CARAZINHO S.A.,Eletrocar,CENTRAIS ELÉTRICAS DE CARAZINHO S.A.,Eletrocar — CENTRAIS ELÉTRICAS DE CARAZINHO S.A.,grupo_a,0,0,0.0,495803,G,45,495803.0,,False,False,0.0,0.0,,pos_2022,REN_1000,True
2024,1,eletrocar,eletrocar,Eletrocar,CENTRAIS ELÉTRICAS DE CARAZINHO S.A.,Eletrocar,CENTRAIS ELÉTRICAS DE CARAZINHO S.A.,Eletrocar — CENTRAIS ELÉTRICAS DE CARAZINHO S.A.,nao_classificado,126208,185,0.0,495803,G,45,495803.0,0.0014658341784989858,False,False,37.31320706006216,0.0,0.0,pos_2022,REN_1000,True
2024,1,eletrocar,eletrocar,Eletrocar,CENTRAIS ELÉTRICAS DE CARAZINHO S.A.,Eletrocar,CENTRAIS ELÉTRICAS DE CARAZINHO S.A.,Eletrocar — CENTRAIS ELÉTRICAS DE CARAZINHO S.A.,rural,397,9,0.0,495803,G,45,495803.0,0.022670025188916875,False,False,1.8152371002192402,0.0,0.0,pos_2022,REN_1000,True
2024,1,eletrocar,eletrocar,Eletrocar,CENTRAIS ELÉTRICAS DE CARAZINHO S.A.,Eletrocar,CENTRAIS ELÉTRICAS DE CARAZINHO S.A.,Eletrocar — CENTRAIS ELÉTRICAS DE CARAZINHO S.A.,urbana,8462,136,0.0,495803,G,45,495803.0,0.016071850626329473,False,False,27.430249514424073,0.0,0.0,pos_2022,REN_1000,True
2024,1,enel,enel_ce,Enel CE,COMPANHIA ENERGÉTICA DO CEARÁ,Enel CE,COMPANHIA ENERGÉTICA DO CEARÁ,Enel CE — COMPANHIA ENERGÉTICA DO CEARÁ,grupo_a,20,1,0.0,50609559,GG,7,50609559.0,0.05,False,False,0.001975911309561105,0.0,0.0,pos_2022,REN_1000,True
2024,1,enel,enel_ce,Enel CE,COMPANHIA ENERGÉTICA DO CEARÁ,Enel CE,COMPANHIA ENERGÉTICA DO CEARÁ,Enel CE — COMPANHIA ENERGÉTICA DO CEARÁ,nao_classificado,12327410,17765,26561576.54,50609559,GG,7,50609559.0,0.0014410975217016388,False,False,35.10206441435303,0.5248331948515892,1495.1633290177315,pos_2022,REN_1000,True
2024,1,enel,enel_ce,Enel CE,COMPANHIA ENERGÉTICA DO CEARÁ,Enel CE,COMPANHIA ENERGÉTICA DO CEARÁ,Enel CE — COMPANHIA ENERGÉTICA DO CEARÁ,rural,111414,2045,334867.95,50609559,GG,7,50609559.0,0.018354964367135188,False,False,4.04073862805246,0.006616693696145426,163.749608801956,pos_2022,REN_1000,True
2024,1,enel,enel_ce,Enel CE,COMPANHIA ENERGÉTICA DO CEARÁ,Enel CE,COMPANHIA ENERGÉTICA DO CEARÁ,Enel CE — COMPANHIA ENERGÉTICA DO CEARÁ,urbana,936823,2000,1837896.8,50609559,GG,7,50609559.0,0.002134874997731695,False,False,3.9518226191222094,0.03631521072926164,918.9484,pos_2022,REN_1000,True
2024,1,enel,enel_go,Enel GO,CELG DISTRIBUIÇÃO S.A.,Enel GO,CELG DISTRIBUIÇÃO S.A.,Enel GO — CELG DISTRIBUIÇÃO S.A.,grupo_a,65,6,591984.29,41755475,GG,9,41755475.0,0.09230769230769231,False,False,0.014369373118136004,0.014177405238474716,98664.04833333334,pos_2022,REN_1000,True
2024,1,enel,enel_go,Enel GO,CELG DISTRIBUIÇÃO S.A.,Enel GO,CELG DISTRIBUIÇÃO S.A.,Enel GO — CELG DISTRIBUIÇÃO S.A.,nao_classificado,13688527,13446,8161817.83,41755475,GG,9,41755475.0,0.0009822824618017701,False,False,32.20176515774279,0.19546700953587523,607.007127026625,pos_2022,REN_1000,True
2024,1,enel,enel_go,Enel GO,CELG DISTRIBUIÇÃO S.A.,Enel GO,CELG DISTRIBUIÇÃO S.A.,Enel GO — CELG DISTRIBUIÇÃO S.A.,rural,24156,869,184230.98,41755475,GG,9,41755475.0,0.03597449908925319,False,False,2.0811642066100315,0.004412139485899753,212.00342922899887,pos_2022,REN_1000,True
2024,1,enel,enel_go,Enel GO,CELG DISTRIBUIÇÃO S.A.,Enel GO,CELG DISTRIBUIÇÃO S.A.,Enel GO — CELG DISTRIBUIÇÃO S.A.,urbana,1054779,1253,515573.98,41755475,GG,9,41755475.0,0.0011879265704000553,False,False,3.0008040861707355,0.012347458147703983,411.4716520351157,pos_2022,REN_1000,True
2024,1,enel,enel_rj,Enel RJ,AMPLA ENERGIA E SERVIÇOS S.A.,Enel RJ,AMPLA ENERGIA E SERVIÇOS S.A.,Enel RJ — AMPLA ENERGIA E SERVIÇOS S.A.,grupo_a,65,37,0.0,37088539,GG,12,37088539.0,0.5692307692307692,False,False,0.09976127665746015,0.0,0.0,pos_2022,REN_1000,True
2024,1,enel,enel_rj,Enel RJ,AMPLA ENERGIA E SERVIÇOS S.A.,Enel RJ,AMPLA ENERGIA E SERVIÇOS S.A.,Enel RJ — AMPLA ENERGIA E SERVIÇOS S.A.,nao_classificado,10341219,4846,3959553.91,37088539,GG,12,37088539.0,0.00046861013193899093,False,False,13.066030991406807,0.10675950082584812,817.076745769707,pos_2022,REN_1000,True
2024,1,enel,enel_rj,Enel RJ,AMPLA ENERGIA E SERVIÇOS S.A.,Enel RJ,AMPLA ENERGIA E SERVIÇOS S.A.,Enel RJ — AMPLA ENERGIA E SERVIÇOS S.A.,rural,3926,439,0.0,37088539,GG,12,37088539.0,0.11181864493122771,False,False,1.1836540662871622,0.0,0.0,pos_2022,REN_1000,True
2024,1,enel,enel_rj,Enel RJ,AMPLA ENERGIA E SERVIÇOS S.A.,Enel RJ,AMPLA ENERGIA E SERVIÇOS S.A.,Enel RJ — AMPLA ENERGIA E SERVIÇOS S.A.,urbana,734833,2720,2783875.39,37088539,GG,12,37088539.0,0.0037015212980364247,False,False,7.333801959683556,0.0750602602599148,1023.483599264706,pos_2022,REN_1000,True
2024,1,enel,enel_sp,Enel SP,ELETROPAULO METROPOLITANA ELETRICIDADE DE SÃO PAULO S.A.,Enel SP,ELETROPAULO METROPOLITANA ELETRICIDADE DE SÃO PAULO S.A.,Enel SP — ELETROPAULO METROPOLITANA ELETRICIDADE DE SÃO PAULO S.A.,grupo_a,97,7,0.0,101542485,GG,2,101542485.0,0.07216494845360824,False,False,0.006893666232414934,0.0,0.0,pos_2022,REN_1000,True
2024,1,enel,enel_sp,Enel SP,ELETROPAULO METROPOLITANA ELETRICIDADE DE SÃO PAULO S.A.,Enel SP,ELETROPAULO METROPOLITANA ELETRICIDADE DE SÃO PAULO S.A.,Enel SP — ELETROPAULO METROPOLITANA ELETRICIDADE DE SÃO PAULO S.A.,nao_classificado,43422004,7302,7776011.54,101542485,GG,2,101542485.0,0.00016816358821209634,False,False,7.191078689870551,0.07657889739452407,1064.9153026568063,pos_2022,REN_1000,True
2024,1,enel,enel_sp,Enel SP,ELETROPAULO METROPOLITANA ELETRICIDADE DE SÃO PAULO S.A.,Enel SP,ELETROPAULO METROPOLITANA ELETRICIDADE DE SÃO PAULO S.A.,Enel SP — ELETROPAULO METROPOLITANA ELETRICIDADE DE SÃO PAULO S.A.,rural,14,0,0.0,101542485,GG,2,101542485.0,0.0,False,False,0.0,0.0,,pos_2022,REN_1000,True
2024,1,enel,enel_sp,Enel SP,ELETROPAULO METROPOLITANA ELETRICIDADE DE SÃO PAULO S.A.,Enel SP,ELETROPAULO METROPOLITANA ELETRICIDADE DE SÃO PAULO S.A.,Enel SP — ELETROPAULO METROPOLITANA ELETRICIDADE DE SÃO PAULO S.A.,urbana,1522682,5426,8150425.67,101542485,GG,2,101542485.0,0.0035634492297144118,False,False,5.343576139583348,0.08026616317298124,1502.1057261334315,pos_2022,REN_1000,True
2024,1,energisa,energisa_ac,Energisa AC,ENERGISA ACRE - DISTRIBUIDORA DE ENERGIA S.A.,Energisa AC,ENERGISA ACRE - DISTRIBUIDORA DE ENERGIA S.A.,Energisa AC — ENERGISA ACRE - DISTRIBUIDORA DE ENERGIA S.A.,grupo_a,8,0,0.0,3562014,G,34,3562014.0,0.0,False,False,0.0,0.0,,pos_2022,REN_1000,True
2024,1,energisa,energisa_ac,Energisa AC,ENERGISA ACRE - DISTRIBUIDORA DE ENERGIA S.A.,Energisa AC,ENERGISA ACRE - DISTRIBUIDORA DE ENERGIA S.A.,Energisa AC — ENERGISA ACRE - DISTRIBUIDORA DE ENERGIA S.A.,nao_classificado,192569,1001,183910.04,3562014,G,34,3562014.0,0.0051981367717545395,False,False,28.10207932927832,0.05163091442088661,183.7263136863137,pos_2022,REN_1000,True
2024,1,energisa,energisa_ac,Energisa AC,ENERGISA ACRE - DISTRIBUIDORA DE ENERGIA S.A.,Energisa AC,ENERGISA ACRE - DISTRIBUIDORA DE ENERGIA S.A.,Energisa AC — ENERGISA ACRE - DISTRIBUIDORA DE ENERGIA S.A.,rural,9097,523,99700.47,3562014,G,34,3562014.0,0.05749148070792569,False,False,14.682704784428136,0.02798991525580753,190.63187380497132,pos_2022,REN_1000,True
2024,1,energisa,energisa_ac,Energisa AC,ENERGISA ACRE - DISTRIBUIDORA DE ENERGIA S.A.,Energisa AC,ENERGISA ACRE - DISTRIBUIDORA DE ENERGIA S.A.,Energisa AC — ENERGISA ACRE - DISTRIBUIDORA DE ENERGIA S.A.,urbana,90731,2842,669161.97,3562014,G,34,3562014.0,0.031323362467073,False,False,79.78632313067831,0.18786056708367793,235.45459887403237,pos_2022,REN_1000,True
2024,1,energisa,energisa_minas_rio,Energisa Minas Rio,ENERGISA MINAS RIO - DISTRIBUIDORA DE ENERGIA S.A.,Energisa Minas Rio,ENERGISA MINAS RIO - DISTRIBUIDORA DE ENERGIA S.A.,Energisa Minas Rio — ENERGISA MINAS RIO - DISTRIBUIDORA DE ENERGIA S.A.,grupo_a,0,0,0.0,7229182,G,32,7229182.0,,False,False,0.0,0.0,,pos_2022,REN_1000,True
2024,1,energisa,energisa_minas_rio,Energisa Minas Rio,ENERGISA MINAS RIO - DISTRIBUIDORA DE ENERGIA S.A.,Energisa Minas Rio,ENERGISA MINAS RIO - DISTRIBUIDORA DE ENERGIA S.A.,Energisa Minas Rio — ENERGISA MINAS RIO - DISTRIBUIDORA DE ENERGIA S.A.,nao_classificado,410225,419,102134.062845,7229182,G,32,7229182.0,0.001021390700225486,False,False,5.795953124433719,0.014128024836696599,243.7567132338902,pos_2022,REN_1000,True
2024,1,energisa,energisa_minas_rio,Energisa Minas Rio,ENERGISA MINAS RIO - DISTRIBUIDORA DE ENERGIA S.A.,Energisa Minas Rio,ENERGISA MINAS RIO - DISTRIBUIDORA DE ENERGIA S.A.,Energisa Minas Rio — ENERGISA MINAS RIO - DISTRIBUIDORA DE ENERGIA S.A.,rural,22762,345,60799.68568254,7229182,G,32,7229182.0,0.015156840347948335,False,False,4.772324171669768,0.008410313322107536,176.23097299286957,pos_2022,REN_1000,True
2024,1,energisa,energisa_minas_rio,Energisa Minas Rio,ENERGISA MINAS RIO - DISTRIBUIDORA DE ENERGIA S.A.,Energisa Minas Rio,ENERGISA MINAS RIO - DISTRIBUIDORA DE ENERGIA S.A.,Energisa Minas Rio — ENERGISA MINAS RIO - DISTRIBUIDORA DE ENERGIA S.A.,urbana,153224,472,153840.87,7229182,G,32,7229182.0,0.003080457369602673,False,False,6.529092779791683,0.021280536304107436,325.9340466101695,pos_2022,REN_1000,True
2024,1,energisa,energisa_ms,Energisa MS,ENERGISA MATO GROSSO DO SUL DISTRIBUIDORA DE ENERGIA S.A.,Energisa MS,ENERGISA MATO GROSSO DO SUL DISTRIBUIDORA DE ENERGIA S.A.,Energisa MS — ENERGISA MATO GROSSO DO SUL DISTRIBUIDORA DE ENERGIA S.A.,grupo_a,125,0,0.0,13573392,G,27,13573392.0,0.0,False,False,0.0,0.0,,pos_2022,REN_1000,True
2024,1,energisa,energisa_ms,Energisa MS,ENERGISA MATO GROSSO DO SUL DISTRIBUIDORA DE ENERGIA S.A.,Energisa MS,ENERGISA MATO GROSSO DO SUL DISTRIBUIDORA DE ENERGIA S.A.,Energisa MS — ENERGISA MATO GROSSO DO SUL DISTRIBUIDORA DE ENERGIA S.A.,nao_classificado,1302766,1265,852636.6,13573392,G,27,13573392.0,0.0009710109106316867,False,False,9.319704315619854,0.06281676680375842,674.0210276679842,pos_2022,REN_1000,True
2024,1,energisa,energisa_ms,Energisa MS,ENERGISA MATO GROSSO DO SUL DISTRIBUIDORA DE ENERGIA S.A.,Energisa MS,ENERGISA MATO GROSSO DO SUL DISTRIBUIDORA DE ENERGIA S.A.,Energisa MS — ENERGISA MATO GROSSO DO SUL DISTRIBUIDORA DE ENERGIA S.A.,rural,34484,735,448348.78,13573392,G,27,13573392.0,0.021314232687623245,False,False,5.415006064806793,0.03303144711358812,609.9983401360545,pos_2022,REN_1000,True
2024,1,energisa,energisa_ms,Energisa MS,ENERGISA MATO GROSSO DO SUL DISTRIBUIDORA DE ENERGIA S.A.,Energisa MS,ENERGISA MATO GROSSO DO SUL DISTRIBUIDORA DE ENERGIA S.A.,Energisa MS — ENERGISA MATO GROSSO DO SUL DISTRIBUIDORA DE ENERGIA S.A.,urbana,429473,1949,786473.42,13573392,G,27,13573392.0,0.004538119974946038,False,False,14.358975265725768,0.05794229032801823,403.52663930220626,pos_2022,REN_1000,True
2024,1,energisa,energisa_mt,Energisa MT,ENERGISA MATO GROSSO DISTRIBUIDORA DE ENERGIA S.A.,Energisa MT,ENERGISA MATO GROSSO DISTRIBUIDORA DE ENERGIA S.A.,Energisa MT — ENERGISA MATO GROSSO DISTRIBUIDORA DE ENERGIA S.A.,grupo_a,200,0,0.0,19713721,GG,21,19713721.0,0.0,False,False,0.0,0.0,,pos_2022,REN_1000,True
2024,1,energisa,energisa_mt,Energisa MT,ENERGISA MATO GROSSO DISTRIBUIDORA DE ENERGIA S.A.,Energisa MT,ENERGISA MATO GROSSO DISTRIBUIDORA DE ENERGIA S.A.,Energisa MT — ENERGISA MATO GROSSO DISTRIBUIDORA DE ENERGIA S.A.,nao_classificado,2105505,8709,4367282.59,19713721,GG,21,19713721.0,0.0041362998425555865,False,False,44.177352413580365,0.2215351728879596,501.46774486163736,pos_2022,REN_1000,True
2024,1,energisa,energisa_mt,Energisa MT,ENERGISA MATO GROSSO DISTRIBUIDORA DE ENERGIA S.A.,Energisa MT,ENERGISA MATO GROSSO DISTRIBUIDORA DE ENERGIA S.A.,Energisa MT — ENERGISA MATO GROSSO DISTRIBUIDORA DE ENERGIA S.A.,rural,49634,2888,1174048.17,19713721,GG,21,19713721.0,0.05818592094129024,False,False,14.649695001770594,0.05955487398852809,406.5263746537396,pos_2022,REN_1000,True
2024,1,energisa,energisa_mt,Energisa MT,ENERGISA MATO GROSSO DISTRIBUIDORA DE ENERGIA S.A.,Energisa MT,ENERGISA MATO GROSSO DISTRIBUIDORA DE ENERGIA S.A.,Energisa MT — ENERGISA MATO GROSSO DISTRIBUIDORA DE ENERGIA S.A.,urbana,616082,3933,2668686.18,19713721,GG,21,19713721.0,0.006383890456140579,False,False,19.95057148267443,0.135372017286843,678.5370404271549,pos_2022,REN_1000,True
2024,1,energisa,energisa_pb,Energisa PB,ENERGISA PARAÍBA DISTRIBUIDORA DE ENERGIA S.A.,Energisa PB,ENERGISA PARAÍBA DISTRIBUIDORA DE ENERGIA S.A.,Energisa PB — ENERGISA PARAÍBA DISTRIBUIDORA DE ENERGIA S.A.,grupo_a,0,0,0.0,22020146,GG,19,22020146.0,,False,False,0.0,0.0,,pos_2022,REN_1000,True
2024,1,energisa,energisa_pb,Energisa PB,ENERGISA PARAÍBA DISTRIBUIDORA DE ENERGIA S.A.,Energisa PB,ENERGISA PARAÍBA DISTRIBUIDORA DE ENERGIA S.A.,Energisa PB — ENERGISA PARAÍBA DISTRIBUIDORA DE ENERGIA S.A.,nao_classificado,1019758,12126,2121308.67,22020146,GG,19,22020146.0,0.011891056505563085,False,False,55.06775477328806,0.09633490486393687,174.9388644235527,pos_2022,REN_1000,True
2024,1,energisa,energisa_pb,Energisa PB,ENERGISA PARAÍBA DISTRIBUIDORA DE ENERGIA S.A.,Energisa PB,ENERGISA PARAÍBA DISTRIBUIDORA DE ENERGIA S.A.,Energisa PB — ENERGISA PARAÍBA DISTRIBUIDORA DE ENERGIA S.A.,rural,59746,1993,308269.45,22020146,GG,19,22020146.0,0.03335788169919325,False,False,9.050802842088332,0.01399942806918719,154.67609131961868,pos_2022,REN_1000,True
2024,1,energisa,energisa_pb,Energisa PB,ENERGISA PARAÍBA DISTRIBUIDORA DE ENERGIA S.A.,Energisa PB,ENERGISA PARAÍBA DISTRIBUIDORA DE ENERGIA S.A.,Energisa PB — ENERGISA PARAÍBA DISTRIBUIDORA DE ENERGIA S.A.,urbana,373193,7139,1132436.66,22020146,GG,19,22020146.0,0.019129512075521243,False,False,32.42031183626121,0.05142730025495743,158.6267908670682,pos_2022,REN_1000,True
2024,1,energisa,energisa_ro,Energisa RO,ENERGISA RONDÔNIA DISTRIBUIDORA DE ENERGIA S.A.,Energisa RO,ENERGISA RONDÔNIA DISTRIBUIDORA DE ENERGIA S.A.,Energisa RO — ENERGISA RONDÔNIA DISTRIBUIDORA DE ENERGIA S.A.,grupo_a,0,0,0.0,8429036,G,30,8429036.0,,False,False,0.0,0.0,,pos_2022,REN_1000,True
2024,1,energisa,energisa_ro,Energisa RO,ENERGISA RONDÔNIA DISTRIBUIDORA DE ENERGIA S.A.,Energisa RO,ENERGISA RONDÔNIA DISTRIBUIDORA DE ENERGIA S.A.,Energisa RO — ENERGISA RONDÔNIA DISTRIBUIDORA DE ENERGIA S.A.,nao_classificado,798556,8562,3708127.83,8429036,G,30,8429036.0,0.010721852944564939,False,False,101.57745203603355,0.43992312169505504,433.0913139453399,pos_2022,REN_1000,True
2024,1,energisa,energisa_ro,Energisa RO,ENERGISA RONDÔNIA DISTRIBUIDORA DE ENERGIA S.A.,Energisa RO,ENERGISA RONDÔNIA DISTRIBUIDORA DE ENERGIA S.A.,Energisa RO — ENERGISA RONDÔNIA DISTRIBUIDORA DE ENERGIA S.A.,rural,24205,2156,1880526.05,8429036,G,30,8429036.0,0.0890725056806445,False,False,25.57825117842657,0.22310096314691266,872.2291512059369,pos_2022,REN_1000,True
2024,1,energisa,energisa_ro,Energisa RO,ENERGISA RONDÔNIA DISTRIBUIDORA DE ENERGIA S.A.,Energisa RO,ENERGISA RONDÔNIA DISTRIBUIDORA DE ENERGIA S.A.,Energisa RO — ENERGISA RONDÔNIA DISTRIBUIDORA DE ENERGIA S.A.,urbana,293715,3992,1714440.71,8429036,G,30,8429036.0,0.013591406635684252,False,False,47.360101439832505,0.2033970088631725,429.4691157314629,pos_2022,REN_1000,True
2024,1,energisa,energisa_se,Energisa SE,ENERGISA SERGIPE DISTRIBUIDORA DE ENERGIA S.A.,Energisa SE,ENERGISA SERGIPE DISTRIBUIDORA DE ENERGIA S.A.,Energisa SE — ENERGISA SERGIPE DISTRIBUIDORA DE ENERGIA S.A.,grupo_a,0,0,0.0,10498924,G,28,10498924.0,,False,False,0.0,0.0,,pos_2022,REN_1000,True
2024,1,energisa,energisa_se,Energisa SE,ENERGISA SERGIPE DISTRIBUIDORA DE ENERGIA S.A.,Energisa SE,ENERGISA SERGIPE DISTRIBUIDORA DE ENERGIA S.A.,Energisa SE — ENERGISA SERGIPE DISTRIBUIDORA DE ENERGIA S.A.,nao_classificado,482503,1844,337525.59,10498924,G,28,10498924.0,0.0038217378959301807,False,False,17.563704623445222,0.032148588750618635,183.03990780911064,pos_2022,REN_1000,True
2024,1,energisa,energisa_se,Energisa SE,ENERGISA SERGIPE DISTRIBUIDORA DE ENERGIA S.A.,Energisa SE,ENERGISA SERGIPE DISTRIBUIDORA DE ENERGIA S.A.,Energisa SE — ENERGISA SERGIPE DISTRIBUIDORA DE ENERGIA S.A.,rural,46702,596,64410.159999999996,10498924,G,28,10498924.0,0.012761766091387948,False,False,5.6767722101807765,0.0061349296365989505,108.07073825503355,pos_2022,REN_1000,True
2024,1,energisa,energisa_se,Energisa SE,ENERGISA SERGIPE DISTRIBUIDORA DE ENERGIA S.A.,Energisa SE,ENERGISA SERGIPE DISTRIBUIDORA DE ENERGIA S.A.,Energisa SE — ENERGISA SERGIPE DISTRIBUIDORA DE ENERGIA S.A.,urbana,153115,1247,170842.03,10498924,G,28,10498924.0,0.008144205335858669,False,False,11.877407627676893,0.016272337050920647,137.00242983159583,pos_2022,REN_1000,True
2024,1,energisa,energisa_sul_sudeste,Energisa Sul-Sudeste,ENERGISA SUL-SUDESTE DISTRIBUIDORA DE ENERGIA S.A.,Energisa Sul-Sudeste,ENERGISA SUL-SUDESTE DISTRIBUIDORA DE ENERGIA S.A.,Energisa Sul-Sudeste — ENERGISA SUL-SUDESTE DISTRIBUIDORA DE ENERGIA S.A.,grupo_a,41,0,0.0,10471090,G,29,10471090.0,0.0,False,False,0.0,0.0,,pos_2022,REN_1000,True
2024,1,energisa,energisa_sul_sudeste,Energisa Sul-Sudeste,ENERGISA SUL-SUDESTE DISTRIBUIDORA DE ENERGIA S.A.,Energisa Sul-Sudeste,ENERGISA SUL-SUDESTE DISTRIBUIDORA DE ENERGIA S.A.,Energisa Sul-Sudeste — ENERGISA SUL-SUDESTE DISTRIBUIDORA DE ENERGIA S.A.,nao_classificado,590021,1002,548329.53,10471090,G,29,10471090.0,0.001698244638750146,False,False,9.56920435217346,0.05236604116667892,547.2350598802395,pos_2022,REN_1000,True
2024,1,energisa,energisa_sul_sudeste,Energisa Sul-Sudeste,ENERGISA SUL-SUDESTE DISTRIBUIDORA DE ENERGIA S.A.,Energisa Sul-Sudeste,ENERGISA SUL-SUDESTE DISTRIBUIDORA DE ENERGIA S.A.,Energisa Sul-Sudeste — ENERGISA SUL-SUDESTE DISTRIBUIDORA DE ENERGIA S.A.,rural,17745,151,114687.67,10471090,G,29,10471090.0,0.008509439278670048,False,False,1.442065725726739,0.010952791925195944,759.5209933774835,pos_2022,REN_1000,True
2024,1,energisa,energisa_sul_sudeste,Energisa Sul-Sudeste,ENERGISA SUL-SUDESTE DISTRIBUIDORA DE ENERGIA S.A.,Energisa Sul-Sudeste,ENERGISA SUL-SUDESTE DISTRIBUIDORA DE ENERGIA S.A.,Energisa Sul-Sudeste — ENERGISA SUL-SUDESTE DISTRIBUIDORA DE ENERGIA S.A.,urbana,250649,1214,452404.85,10471090,G,29,10471090.0,0.004843426464897127,False,False,11.593826430677227,0.04320513432698983,372.65638385502467,pos_2022,REN_1000,True
2024,1,energisa,energisa_to,Energisa TO,ENERGISA TOCANTINS DISTRIBUIDORA DE ENERGIA S.A.,Energisa TO,ENERGISA TOCANTINS DISTRIBUIDORA DE ENERGIA S.A.,Energisa TO — ENERGISA TOCANTINS DISTRIBUIDORA DE ENERGIA S.A.,grupo_a,13,0,0.0,8029308,G,31,8029308.0,0.0,False,False,0.0,0.0,,pos_2022,REN_1000,True
2024,1,energisa,energisa_to,Energisa TO,ENERGISA TOCANTINS DISTRIBUIDORA DE ENERGIA S.A.,Energisa TO,ENERGISA TOCANTINS DISTRIBUIDORA DE ENERGIA S.A.,Energisa TO — ENERGISA TOCANTINS DISTRIBUIDORA DE ENERGIA S.A.,nao_classificado,554163,1745,419535.57,8029308,G,31,8029308.0,0.0031488930152319804,False,False,21.732881588301257,0.05225052644636375,240.4215300859599,pos_2022,REN_1000,True
2024,1,energisa,energisa_to,Energisa TO,ENERGISA TOCANTINS DISTRIBUIDORA DE ENERGIA S.A.,Energisa TO,ENERGISA TOCANTINS DISTRIBUIDORA DE ENERGIA S.A.,Energisa TO — ENERGISA TOCANTINS DISTRIBUIDORA DE ENERGIA S.A.,rural,25161,482,103969.25,8029308,G,31,8029308.0,0.019156631294463655,False,False,6.003007980264302,0.012948718619338054,215.70383817427387,pos_2022,REN_1000,True
2024,1,energisa,energisa_to,Energisa TO,ENERGISA TOCANTINS DISTRIBUIDORA DE ENERGIA S.A.,Energisa TO,ENERGISA TOCANTINS DISTRIBUIDORA DE ENERGIA S.A.,Energisa TO — ENERGISA TOCANTINS DISTRIBUIDORA DE ENERGIA S.A.,urbana,260328,1718,460250.62,8029308,G,31,8029308.0,0.0065993669524599735,False,False,21.396613506419232,0.05732133080459736,267.8990803259604,pos_2022,REN_1000,True
2024,1,equatorial,cea_equatorial,CEA Equatorial,COMPANHIA DE ELETRICIDADE DO AMAPA,CEA Equatorial,COMPANHIA DE ELETRICIDADE DO AMAPA,CEA Equatorial — COMPANHIA DE ELETRICIDADE DO AMAPA,grupo_a,0,0,0.0,3021017,G,35,3021017.0,,False,False,0.0,0.0,,pos_2022,REN_1000,True
2024,1,equatorial,cea_equatorial,CEA Equatorial,COMPANHIA DE ELETRICIDADE DO AMAPA,CEA Equatorial,COMPANHIA DE ELETRICIDADE DO AMAPA,CEA Equatorial — COMPANHIA DE ELETRICIDADE DO AMAPA,nao_classificado,104577,2074,177636.07,3021017,G,35,3021017.0,0.019832276695640534,False,False,68.65237765957623,0.058800089506282155,85.6490212150434,pos_2022,REN_1000,True
2024,1,equatorial,cea_equatorial,CEA Equatorial,COMPANHIA DE ELETRICIDADE DO AMAPA,CEA Equatorial,COMPANHIA DE ELETRICIDADE DO AMAPA,CEA Equatorial — COMPANHIA DE ELETRICIDADE DO AMAPA,rural,3702,20,12520.02,3021017,G,35,3021017.0,0.005402485143165856,False,False,0.6620287141714197,0.004144306371000229,626.001,pos_2022,REN_1000,True
2024,1,equatorial,cea_equatorial,CEA Equatorial,COMPANHIA DE ELETRICIDADE DO AMAPA,CEA Equatorial,COMPANHIA DE ELETRICIDADE DO AMAPA,CEA Equatorial — COMPANHIA DE ELETRICIDADE DO AMAPA,urbana,91183,260,79051.45,3021017,G,35,3021017.0,0.0028514087055701172,False,False,8.606373284228457,0.02616716489844314,304.04403846153843,pos_2022,REN_1000,True
2024,1,equatorial,ceee_equatorial,CEEE Equatorial,COMPANHIA ESTADUAL DE DISTRIBUIÇÃO DE ENERGIA ELÉTRICA,CEEE Equatorial,COMPANHIA ESTADUAL DE DISTRIBUIÇÃO DE ENERGIA ELÉTRICA,CEEE Equatorial — COMPANHIA ESTADUAL DE DISTRIBUIÇÃO DE ENERGIA ELÉTRICA,grupo_a,201,2,25127.22,23384957,GG,18,23384957.0,0.009950248756218905,False,False,0.008552506639203998,0.0010745035793736973,12563.61,pos_2022,REN_1000,True
2024,1,equatorial,ceee_equatorial,CEEE Equatorial,COMPANHIA ESTADUAL DE DISTRIBUIÇÃO DE ENERGIA ELÉTRICA,CEEE Equatorial,COMPANHIA ESTADUAL DE DISTRIBUIÇÃO DE ENERGIA ELÉTRICA,CEEE Equatorial — COMPANHIA ESTADUAL DE DISTRIBUIÇÃO DE ENERGIA ELÉTRICA,nao_classificado,8148800,16762,3448827.22,23384957,GG,18,23384957.0,0.002056989986255645,False,False,71.6785581431687,0.14748058848258733,205.75272759813865,pos_2022,REN_1000,True
2024,1,equatorial,ceee_equatorial,CEEE Equatorial,COMPANHIA ESTADUAL DE DISTRIBUIÇÃO DE ENERGIA ELÉTRICA,CEEE Equatorial,COMPANHIA ESTADUAL DE DISTRIBUIÇÃO DE ENERGIA ELÉTRICA,CEEE Equatorial — COMPANHIA ESTADUAL DE DISTRIBUIÇÃO DE ENERGIA ELÉTRICA,rural,12969,587,239441.41,23384957,GG,18,23384957.0,0.045261778086205566,False,False,2.510160698606373,0.010239121243626833,407.9070017035775,pos_2022,REN_1000,True
2024,1,equatorial,ceee_equatorial,CEEE Equatorial,COMPANHIA ESTADUAL DE DISTRIBUIÇÃO DE ENERGIA ELÉTRICA,CEEE Equatorial,COMPANHIA ESTADUAL DE DISTRIBUIÇÃO DE ENERGIA ELÉTRICA,CEEE Equatorial — COMPANHIA ESTADUAL DE DISTRIBUIÇÃO DE ENERGIA ELÉTRICA,urbana,353061,3499,1651305.82,23384957,GG,18,23384957.0,0.00991046872919977,False,False,14.962610365287395,0.07061401994453101,471.93650185767365,pos_2022,REN_1000,True
2024,1,equatorial,equatorial_al,Equatorial AL,EQUATORIAL ALAGOAS DISTRIBUIDORA DE ENERGIA S.A.,Equatorial AL,EQUATORIAL ALAGOAS DISTRIBUIDORA DE ENERGIA S.A.,Equatorial AL — EQUATORIAL ALAGOAS DISTRIBUIDORA DE ENERGIA S.A.,grupo_a,0,0,0.0,16539542,GG,24,16539542.0,,False,False,0.0,0.0,,pos_2022,REN_1000,True
2024,1,equatorial,equatorial_al,Equatorial AL,EQUATORIAL ALAGOAS DISTRIBUIDORA DE ENERGIA S.A.,Equatorial AL,EQUATORIAL ALAGOAS DISTRIBUIDORA DE ENERGIA S.A.,Equatorial AL — EQUATORIAL ALAGOAS DISTRIBUIDORA DE ENERGIA S.A.,nao_classificado,289405,2817,1372970.36,16539542,GG,24,16539542.0,0.009733764102209707,False,False,17.031910557136346,0.08301138931174758,487.3874192403266,pos_2022,REN_1000,True
2024,1,equatorial,equatorial_al,Equatorial AL,EQUATORIAL ALAGOAS DISTRIBUIDORA DE ENERGIA S.A.,Equatorial AL,EQUATORIAL ALAGOAS DISTRIBUIDORA DE ENERGIA S.A.,Equatorial AL — EQUATORIAL ALAGOAS DISTRIBUIDORA DE ENERGIA S.A.,rural,25769,714,277731.05,16539542,GG,24,16539542.0,0.027707710815320735,False,False,4.316927276462674,0.016791943211003062,388.97906162464983,pos_2022,REN_1000,True
2024,1,equatorial,equatorial_al,Equatorial AL,EQUATORIAL ALAGOAS DISTRIBUIDORA DE ENERGIA S.A.,Equatorial AL,EQUATORIAL ALAGOAS DISTRIBUIDORA DE ENERGIA S.A.,Equatorial AL — EQUATORIAL ALAGOAS DISTRIBUIDORA DE ENERGIA S.A.,urbana,199237,1019,662082.26,16539542,GG,24,16539542.0,0.005114511862756415,False,False,6.160992849741547,0.040030265650644985,649.7372522080472,pos_2022,REN_1000,True
2024,1,equatorial,equatorial_ma,Equatorial MA,EQUATORIAL MARANHÃO DISTRIBUIDORA DE ENERGIA S.A.,Equatorial MA,EQUATORIAL MARANHÃO DISTRIBUIDORA DE ENERGIA S.A.,Equatorial MA — EQUATORIAL MARANHÃO DISTRIBUIDORA DE ENERGIA S.A.,grupo_a,0,0,0.0,33547981,GG,15,33547981.0,,False,False,0.0,0.0,,pos_2022,REN_1000,True
2024,1,equatorial,equatorial_ma,Equatorial MA,EQUATORIAL MARANHÃO DISTRIBUIDORA DE ENERGIA S.A.,Equatorial MA,EQUATORIAL MARANHÃO DISTRIBUIDORA DE ENERGIA S.A.,Equatorial MA — EQUATORIAL MARANHÃO DISTRIBUIDORA DE ENERGIA S.A.,nao_classificado,452507,2873,1835916.28,33547981,GG,15,33547981.0,0.006349073053013544,False,False,8.563853663801705,0.054725090013613635,639.0241141663766,pos_2022,REN_1000,True
2024,1,equatorial,equatorial_ma,Equatorial MA,EQUATORIAL MARANHÃO DISTRIBUIDORA DE ENERGIA S.A.,Equatorial MA,EQUATORIAL MARANHÃO DISTRIBUIDORA DE ENERGIA S.A.,Equatorial MA — EQUATORIAL MARANHÃO DISTRIBUIDORA DE ENERGIA S.A.,rural,28264,3180,3038519.56,33547981,GG,15,33547981.0,0.11251061420888762,False,False,9.478960894844908,0.09057235247629358,955.5092955974843,pos_2022,REN_1000,True
2024,1,equatorial,equatorial_ma,Equatorial MA,EQUATORIAL MARANHÃO DISTRIBUIDORA DE ENERGIA S.A.,Equatorial MA,EQUATORIAL MARANHÃO DISTRIBUIDORA DE ENERGIA S.A.,Equatorial MA — EQUATORIAL MARANHÃO DISTRIBUIDORA DE ENERGIA S.A.,urbana,380786,1641,1144552.21,33547981,GG,15,33547981.0,0.0043095071772596685,False,False,4.891501518377514,0.03411687308395697,697.4724009750153,pos_2022,REN_1000,True
2024,1,equatorial,equatorial_pa,Equatorial PA,EQUATORIAL PARÁ DISTRIBUIDORA DE ENERGIA S.A.,Equatorial PA,EQUATORIAL PARÁ DISTRIBUIDORA DE ENERGIA S.A.,Equatorial PA — EQUATORIAL PARÁ DISTRIBUIDORA DE ENERGIA S.A.,grupo_a,0,0,0.0,36709738,GG,13,36709738.0,,False,False,0.0,0.0,,pos_2022,REN_1000,True
2024,1,equatorial,equatorial_pa,Equatorial PA,EQUATORIAL PARÁ DISTRIBUIDORA DE ENERGIA S.A.,Equatorial PA,EQUATORIAL PARÁ DISTRIBUIDORA DE ENERGIA S.A.,Equatorial PA — EQUATORIAL PARÁ DISTRIBUIDORA DE ENERGIA S.A.,nao_classificado,807334,5210,3666282.86,36709738,GG,13,36709738.0,0.006453339014583803,False,False,14.192419461016037,0.09987221537783789,703.7011247600767,pos_2022,REN_1000,True
2024,1,equatorial,equatorial_pa,Equatorial PA,EQUATORIAL PARÁ DISTRIBUIDORA DE ENERGIA S.A.,Equatorial PA,EQUATORIAL PARÁ DISTRIBUIDORA DE ENERGIA S.A.,Equatorial PA — EQUATORIAL PARÁ DISTRIBUIDORA DE ENERGIA S.A.,rural,32102,594,754799.87,36709738,GG,13,36709738.0,0.01850352002990468,False,False,1.6180992629258208,0.020561298203762717,1270.7068518518518,pos_2022,REN_1000,True
2024,1,equatorial,equatorial_pa,Equatorial PA,EQUATORIAL PARÁ DISTRIBUIDORA DE ENERGIA S.A.,Equatorial PA,EQUATORIAL PARÁ DISTRIBUIDORA DE ENERGIA S.A.,Equatorial PA — EQUATORIAL PARÁ DISTRIBUIDORA DE ENERGIA S.A.,urbana,708420,1224,2285596.07,36709738,GG,13,36709738.0,0.001727788599983061,False,False,3.3342651478471463,0.06226130161975005,1867.3170506535946,pos_2022,REN_1000,True
2024,1,equatorial,equatorial_pi,Equatorial PI,EQUATORIAL PIAUÍ DISTRIBUIDORA DE ENERGIA S.A.,Equatorial PI,EQUATORIAL PIAUÍ DISTRIBUIDORA DE ENERGIA S.A.,Equatorial PI — EQUATORIAL PIAUÍ DISTRIBUIDORA DE ENERGIA S.A.,grupo_a,0,0,0.0,18268633,GG,23,18268633.0,,False,False,0.0,0.0,,pos_2022,REN_1000,True
2024,1,equatorial,equatorial_pi,Equatorial PI,EQUATORIAL PIAUÍ DISTRIBUIDORA DE ENERGIA S.A.,Equatorial PI,EQUATORIAL PIAUÍ DISTRIBUIDORA DE ENERGIA S.A.,Equatorial PI — EQUATORIAL PIAUÍ DISTRIBUIDORA DE ENERGIA S.A.,nao_classificado,311720,9285,4135013.1,18268633,GG,23,18268633.0,0.029786346721416657,False,False,50.82482088287613,0.22634496516515495,445.3433602584814,pos_2022,REN_1000,True
2024,1,equatorial,equatorial_pi,Equatorial PI,EQUATORIAL PIAUÍ DISTRIBUIDORA DE ENERGIA S.A.,Equatorial PI,EQUATORIAL PIAUÍ DISTRIBUIDORA DE ENERGIA S.A.,Equatorial PI — EQUATORIAL PIAUÍ DISTRIBUIDORA DE ENERGIA S.A.,rural,20618,929,681360.26,18268633,GG,23,18268633.0,0.045057716558347075,False,False,5.08521901994528,0.03729672931740432,733.4340796555437,pos_2022,REN_1000,True
2024,1,equatorial,equatorial_pi,Equatorial PI,EQUATORIAL PIAUÍ DISTRIBUIDORA DE ENERGIA S.A.,Equatorial PI,EQUATORIAL PIAUÍ DISTRIBUIDORA DE ENERGIA S.A.,Equatorial PI — EQUATORIAL PIAUÍ DISTRIBUIDORA DE ENERGIA S.A.,urbana,156554,1088,703921.25,18268633,GG,23,18268633.0,0.006949678705111336,False,False,5.955563287083385,0.03853168707259049,646.9864430147059,pos_2022,REN_1000,True
2024,1,forcel,forcel,Forcel,FORÇA E LUZ CORONEL VIVIDA LTDA,Forcel,FORÇA E LUZ CORONEL VIVIDA LTDA,Forcel — FORÇA E LUZ CORONEL VIVIDA LTDA,grupo_a,0,0,0.0,105209,M,75,105209.0,,False,False,0.0,0.0,,pos_2022,REN_1000,True
2024,1,forcel,forcel,Forcel,FORÇA E LUZ CORONEL VIVIDA LTDA,Forcel,FORÇA E LUZ CORONEL VIVIDA LTDA,Forcel — FORÇA E LUZ CORONEL VIVIDA LTDA,nao_classificado,13994,38,1429.62,105209,M,75,105209.0,0.0027154494783478635,False,False,36.11858301095914,0.01358838122213879,37.62157894736842,pos_2022,REN_1000,True
2024,1,forcel,forcel,Forcel,FORÇA E LUZ CORONEL VIVIDA LTDA,Forcel,FORÇA E LUZ CORONEL VIVIDA LTDA,Forcel — FORÇA E LUZ CORONEL VIVIDA LTDA,rural,87,1,0.0,105209,M,75,105209.0,0.011494252873563218,False,False,0.9504890266041879,0.0,0.0,pos_2022,REN_1000,True
2024,1,forcel,forcel,Forcel,FORÇA E LUZ CORONEL VIVIDA LTDA,Forcel,FORÇA E LUZ CORONEL VIVIDA LTDA,Forcel — FORÇA E LUZ CORONEL VIVIDA LTDA,urbana,2839,11,463.62,105209,M,75,105209.0,0.0038746037337090526,False,False,10.455379292646066,0.004406657225142336,42.14727272727273,pos_2022,REN_1000,True
2024,1,hidropan,hidropan,Hidropan,HIDROPAN DISTRIBUIÇÃO DE ENERGIA S.A.,Hidropan,HIDROPAN DISTRIBUIÇÃO DE ENERGIA S.A.,Hidropan — HIDROPAN DISTRIBUIÇÃO DE ENERGIA S.A.,grupo_a,0,0,0.0,242931,M,56,242931.0,,False,False,0.0,0.0,,pos_2022,REN_1000,True
2024,1,hidropan,hidropan,Hidropan,HIDROPAN DISTRIBUIÇÃO DE ENERGIA S.A.,Hidropan,HIDROPAN DISTRIBUIÇÃO DE ENERGIA S.A.,Hidropan — HIDROPAN DISTRIBUIÇÃO DE ENERGIA S.A.,nao_classificado,46566,6,0.0,242931,M,56,242931.0,0.00012884937508053087,False,False,2.4698371142423157,0.0,0.0,pos_2022,REN_1000,True
2024,1,hidropan,hidropan,Hidropan,HIDROPAN DISTRIBUIÇÃO DE ENERGIA S.A.,Hidropan,HIDROPAN DISTRIBUIÇÃO DE ENERGIA S.A.,Hidropan — HIDROPAN DISTRIBUIÇÃO DE ENERGIA S.A.,rural,45,0,0.0,242931,M,56,242931.0,0.0,False,False,0.0,0.0,,pos_2022,REN_1000,True
2024,1,hidropan,hidropan,Hidropan,HIDROPAN DISTRIBUIÇÃO DE ENERGIA S.A.,Hidropan,HIDROPAN DISTRIBUIÇÃO DE ENERGIA S.A.,Hidropan — HIDROPAN DISTRIBUIÇÃO DE ENERGIA S.A.,urbana,3275,0,0.0,242931,M,56,242931.0,0.0,False,False,0.0,0.0,,pos_2022,REN_1000,True
2024,1,joao,joao_cesa,João Cesa,EMPRESA FORÇA E LUZ JOÃO CESA LTDA.,João Cesa,EMPRESA FORÇA E LUZ JOÃO CESA LTDA.,João Cesa — EMPRESA FORÇA E LUZ JOÃO CESA LTDA.,nao_classificado,3981,3,9.23,48424,P,93,48424.0,0.0007535795026375283,False,False,6.195275070213118,0.0001906079629935569,3.0766666666666667,pos_2022,REN_1000,True
2024,1,joao,joao_cesa,João Cesa,EMPRESA FORÇA E LUZ JOÃO CESA LTDA.,João Cesa,EMPRESA FORÇA E LUZ JOÃO CESA LTDA.,João Cesa — EMPRESA FORÇA E LUZ JOÃO CESA LTDA.,urbana,955,5,25.24,48424,P,93,48424.0,0.005235602094240838,False,False,10.325458450355196,0.0005212291425739302,5.048,pos_2022,REN_1000,True
2024,1,light,light,Light,LIGHT SERVIÇOS DE ELETRICIDADE S.A.,Light,LIGHT SERVIÇOS DE ELETRICIDADE S.A.,Light — LIGHT SERVIÇOS DE ELETRICIDADE S.A.,grupo_a,140,0,0.0,55422100,GG,6,55422100.0,0.0,False,False,0.0,0.0,,pos_2022,REN_1000,True
2024,1,light,light,Light,LIGHT SERVIÇOS DE ELETRICIDADE S.A.,Light,LIGHT SERVIÇOS DE ELETRICIDADE S.A.,Light — LIGHT SERVIÇOS DE ELETRICIDADE S.A.,nao_classificado,34591944,1170,3378629.6647,55422100,GG,6,55422100.0,3.382290396862345e-05,False,False,2.1110712152733293,0.06096177634373292,2887.717662136752,pos_2022,REN_1000,True
2024,1,light,light,Light,LIGHT SERVIÇOS DE ELETRICIDADE S.A.,Light,LIGHT SERVIÇOS DE ELETRICIDADE S.A.,Light — LIGHT SERVIÇOS DE ELETRICIDADE S.A.,rural,1156,16,1256630.5435799998,55422100,GG,6,55422100.0,0.01384083044982699,False,False,0.028869349952455787,0.02267381682722235,78539.40897374999,pos_2022,REN_1000,True
2024,1,light,light,Light,LIGHT SERVIÇOS DE ELETRICIDADE S.A.,Light,LIGHT SERVIÇOS DE ELETRICIDADE S.A.,Light — LIGHT SERVIÇOS DE ELETRICIDADE S.A.,urbana,889811,637,3761256.59959,55422100,GG,6,55422100.0,0.0007158823615352024,False,False,1.1493609949821462,0.06786564564659225,5904.641443626374,pos_2022,REN_1000,True
2024,1,mux,mux_energia,Mux Energia,"MUXFELDT, MARIN & CIA LTDA",Mux Energia,"MUXFELDT, MARIN & CIA LTDA","Mux Energia — MUXFELDT, MARIN & CIA LTDA",grupo_a,50,0,0.0,155282,M,70,155282.0,0.0,False,False,0.0,0.0,,pos_2022,REN_1000,True
2024,1,mux,mux_energia,Mux Energia,"MUXFELDT, MARIN & CIA LTDA",Mux Energia,"MUXFELDT, MARIN & CIA LTDA","Mux Energia — MUXFELDT, MARIN & CIA LTDA",nao_classificado,19254,2,364.84,155282,M,70,155282.0,0.00010387451958034694,False,False,1.2879792892930282,0.0023495318195283416,182.42,pos_2022,REN_1000,True
2024,1,mux,mux_energia,Mux Energia,"MUXFELDT, MARIN & CIA LTDA",Mux Energia,"MUXFELDT, MARIN & CIA LTDA","Mux Energia — MUXFELDT, MARIN & CIA LTDA",rural,0,0,0.0,155282,M,70,155282.0,,False,False,0.0,0.0,,pos_2022,REN_1000,True
2024,1,mux,mux_energia,Mux Energia,"MUXFELDT, MARIN & CIA LTDA",Mux Energia,"MUXFELDT, MARIN & CIA LTDA","Mux Energia — MUXFELDT, MARIN & CIA LTDA",urbana,2685,1,159.14,155282,M,70,155282.0,0.00037243947858472997,False,False,0.6439896446465141,0.0010248451204904624,159.14,pos_2022,REN_1000,True
2024,1,neoenergia,neoenergia_brasilia,Neoenergia Brasília,NEOENERGIA DISTRIBUIÇÃO BRASÍLIA S.A.,Neoenergia Brasília,NEOENERGIA DISTRIBUIÇÃO BRASÍLIA S.A.,Neoenergia Brasília — NEOENERGIA DISTRIBUIÇÃO BRASÍLIA S.A.,grupo_a,67,4,185445.6,14230530,GG,25,14230530.0,0.05970149253731343,False,False,0.02810858063613934,0.013031531503043106,46361.4,pos_2022,REN_1000,True
2024,1,neoenergia,neoenergia_brasilia,Neoenergia Brasília,NEOENERGIA DISTRIBUIÇÃO BRASÍLIA S.A.,Neoenergia Brasília,NEOENERGIA DISTRIBUIÇÃO BRASÍLIA S.A.,Neoenergia Brasília — NEOENERGIA DISTRIBUIÇÃO BRASÍLIA S.A.,nao_classificado,384669,3770,6335113.29,14230530,GG,25,14230530.0,0.009800633791649443,False,False,26.49233724956133,0.4451776068776075,1680.4014031830238,pos_2022,REN_1000,True
2024,1,neoenergia,neoenergia_brasilia,Neoenergia Brasília,NEOENERGIA DISTRIBUIÇÃO BRASÍLIA S.A.,Neoenergia Brasília,NEOENERGIA DISTRIBUIÇÃO BRASÍLIA S.A.,Neoenergia Brasília — NEOENERGIA DISTRIBUIÇÃO BRASÍLIA S.A.,rural,3130,59,47068.16,14230530,GG,25,14230530.0,0.018849840255591055,False,False,0.4146015643830553,0.003307547926886771,797.7654237288136,pos_2022,REN_1000,True
2024,1,neoenergia,neoenergia_brasilia,Neoenergia Brasília,NEOENERGIA DISTRIBUIÇÃO BRASÍLIA S.A.,Neoenergia Brasília,NEOENERGIA DISTRIBUIÇÃO BRASÍLIA S.A.,Neoenergia Brasília — NEOENERGIA DISTRIBUIÇÃO BRASÍLIA S.A.,urbana,154893,251,249955.96999999997,14230530,GG,25,14230530.0,0.0016204734881498841,False,False,1.7638134349177437,0.017564768845573564,995.8405179282868,pos_2022,REN_1000,True
2024,1,neoenergia,neoenergia_coelba,Neoenergia Coelba,COMPANHIA DE ELETRICIDADE DO ESTADO DA BAHIA,Neoenergia Coelba,COMPANHIA DE ELETRICIDADE DO ESTADO DA BAHIA,Neoenergia Coelba — COMPANHIA DE ELETRICIDADE DO ESTADO DA BAHIA,grupo_a,130,5,433687.87000000005,81153562,GG,3,81153562.0,0.038461538461538464,False,False,0.006161159013574783,0.005344039858657098,86737.57400000001,pos_2022,REN_1000,True
2024,1,neoenergia,neoenergia_coelba,Neoenergia Coelba,COMPANHIA DE ELETRICIDADE DO ESTADO DA BAHIA,Neoenergia Coelba,COMPANHIA DE ELETRICIDADE DO ESTADO DA BAHIA,Neoenergia Coelba — COMPANHIA DE ELETRICIDADE DO ESTADO DA BAHIA,nao_classificado,71083984,12198,31423463.63,81153562,GG,3,81153562.0,0.0001715998360474562,False,False,15.030763529517042,0.3872099123634277,2576.116054271192,pos_2022,REN_1000,True
2024,1,neoenergia,neoenergia_coelba,Neoenergia Coelba,COMPANHIA DE ELETRICIDADE DO ESTADO DA BAHIA,Neoenergia Coelba,COMPANHIA DE ELETRICIDADE DO ESTADO DA BAHIA,Neoenergia Coelba — COMPANHIA DE ELETRICIDADE DO ESTADO DA BAHIA,rural,198845,3647,491567.97000000003,81153562,GG,3,81153562.0,0.018340918806105257,False,False,4.493949384501446,0.0060572568583003175,134.78693995064438,pos_2022,REN_1000,True
2024,1,neoenergia,neoenergia_coelba,Neoenergia Coelba,COMPANHIA DE ELETRICIDADE DO ESTADO DA BAHIA,Neoenergia Coelba,COMPANHIA DE ELETRICIDADE DO ESTADO DA BAHIA,Neoenergia Coelba — COMPANHIA DE ELETRICIDADE DO ESTADO DA BAHIA,urbana,902507,12857,8746662.33,81153562,GG,3,81153562.0,0.014245872885196458,False,False,15.842804287506196,0.10777915490634903,680.3035179279769,pos_2022,REN_1000,True
2024,1,neoenergia,neoenergia_cosern,Neoenergia Cosern,COMPANHIA ENERGÉTICA DO RIO GRANDE DO NORTE,Neoenergia Cosern,COMPANHIA ENERGÉTICA DO RIO GRANDE DO NORTE,Neoenergia Cosern — COMPANHIA ENERGÉTICA DO RIO GRANDE DO NORTE,grupo_a,11,0,81412.0,19262018,GG,22,19262018.0,0.0,False,False,0.0,0.004226556116809776,,pos_2022,REN_1000,True
2024,1,neoenergia,neoenergia_cosern,Neoenergia Cosern,COMPANHIA ENERGÉTICA DO RIO GRANDE DO NORTE,Neoenergia Cosern,COMPANHIA ENERGÉTICA DO RIO GRANDE DO NORTE,Neoenergia Cosern — COMPANHIA ENERGÉTICA DO RIO GRANDE DO NORTE,nao_classificado,17500306,3289,2911779.98532098,19262018,GG,22,19262018.0,0.00018793957088521766,False,False,17.07505412984247,0.1511669226620482,885.3085999759745,pos_2022,REN_1000,True
2024,1,neoenergia,neoenergia_cosern,Neoenergia Cosern,COMPANHIA ENERGÉTICA DO RIO GRANDE DO NORTE,Neoenergia Cosern,COMPANHIA ENERGÉTICA DO RIO GRANDE DO NORTE,Neoenergia Cosern — COMPANHIA ENERGÉTICA DO RIO GRANDE DO NORTE,rural,26008,370,69217.48354318,19262018,GG,22,19262018.0,0.014226391879421716,False,False,1.9208786950567691,0.003593469985501,187.07427984643243,pos_2022,REN_1000,True
2024,1,neoenergia,neoenergia_cosern,Neoenergia Cosern,COMPANHIA ENERGÉTICA DO RIO GRANDE DO NORTE,Neoenergia Cosern,COMPANHIA ENERGÉTICA DO RIO GRANDE DO NORTE,Neoenergia Cosern — COMPANHIA ENERGÉTICA DO RIO GRANDE DO NORTE,urbana,140548,215,55926.1533539,19262018,GG,22,19262018.0,0.0015297264991319692,False,False,1.1161862687492037,0.0029034420668644376,260.12164350651165,pos_2022,REN_1000,True
2024,1,neoenergia,neoenergia_elektro,Neoenergia Elektro,ELEKTRO REDES S.A.,Neoenergia Elektro,ELEKTRO REDES S.A.,Neoenergia Elektro — ELEKTRO REDES S.A.,grupo_a,194,0,0.0,36086467,GG,14,36086467.0,0.0,False,False,0.0,0.0,,pos_2022,REN_1000,True
2024,1,neoenergia,neoenergia_elektro,Neoenergia Elektro,ELEKTRO REDES S.A.,Neoenergia Elektro,ELEKTRO REDES S.A.,Neoenergia Elektro — ELEKTRO REDES S.A.,nao_classificado,49473902,1356,306644.15,36086467,GG,14,36086467.0,2.7408389983066225e-05,False,False,3.757641334076844,0.008497483280920795,226.13875368731564,pos_2022,REN_1000,True
2024,1,neoenergia,neoenergia_elektro,Neoenergia Elektro,ELEKTRO REDES S.A.,Neoenergia Elektro,ELEKTRO REDES S.A.,Neoenergia Elektro — ELEKTRO REDES S.A.,rural,37804,46,19844.48,36086467,GG,14,36086467.0,0.0012168024547666914,False,False,0.12747160867812304,0.0005499147367349649,431.40173913043475,pos_2022,REN_1000,True
2024,1,neoenergia,neoenergia_elektro,Neoenergia Elektro,ELEKTRO REDES S.A.,Neoenergia Elektro,ELEKTRO REDES S.A.,Neoenergia Elektro — ELEKTRO REDES S.A.,urbana,573258,294,23979.29,36086467,GG,14,36086467.0,0.0005128580848413803,False,False,0.8147098467688731,0.0006644953633172236,81.56221088435375,pos_2022,REN_1000,True
2024,1,neoenergia,neoenergia_pernambuco,Neoenergia Pernambuco,COMPANHIA ENERGÉTICA DE PERNAMBUCO,Neoenergia Pernambuco,COMPANHIA ENERGÉTICA DE PERNAMBUCO,Neoenergia Pernambuco — COMPANHIA ENERGÉTICA DE PERNAMBUCO,grupo_a,59,0,162272.66,49203835,GG,8,49203835.0,0.0,False,False,0.0,0.00329796772954791,,pos_2022,REN_1000,True
2024,1,neoenergia,neoenergia_pernambuco,Neoenergia Pernambuco,COMPANHIA ENERGÉTICA DE PERNAMBUCO,Neoenergia Pernambuco,COMPANHIA ENERGÉTICA DE PERNAMBUCO,Neoenergia Pernambuco — COMPANHIA ENERGÉTICA DE PERNAMBUCO,nao_classificado,31824905,6009,8769958.33,49203835,GG,8,49203835.0,0.0001888143892338406,False,False,12.212462707429209,0.17823729247933623,1459.4705158928275,pos_2022,REN_1000,True
2024,1,neoenergia,neoenergia_pernambuco,Neoenergia Pernambuco,COMPANHIA ENERGÉTICA DE PERNAMBUCO,Neoenergia Pernambuco,COMPANHIA ENERGÉTICA DE PERNAMBUCO,Neoenergia Pernambuco — COMPANHIA ENERGÉTICA DE PERNAMBUCO,rural,100440,3354,597210.65,49203835,GG,8,49203835.0,0.03339307048984468,False,False,6.8165418406918885,0.01213748176336255,178.05922778771617,pos_2022,REN_1000,True
2024,1,neoenergia,neoenergia_pernambuco,Neoenergia Pernambuco,COMPANHIA ENERGÉTICA DE PERNAMBUCO,Neoenergia Pernambuco,COMPANHIA ENERGÉTICA DE PERNAMBUCO,Neoenergia Pernambuco — COMPANHIA ENERGÉTICA DE PERNAMBUCO,urbana,625173,1551,1834329.1500000001,49203835,GG,8,49203835.0,0.0024809132832032095,False,False,3.152193319890614,0.03728020691883062,1182.6751450676984,pos_2022,REN_1000,True
2024,1,nova,nova_palma,Nova Palma,NOVA PALMA ENERGIA LTDA.,Nova Palma,NOVA PALMA ENERGIA LTDA.,Nova Palma — NOVA PALMA ENERGIA LTDA.,grupo_a,0,0,0.0,209135,M,60,209135.0,,False,False,0.0,0.0,,pos_2022,REN_1000,True
2024,1,nova,nova_palma,Nova Palma,NOVA PALMA ENERGIA LTDA.,Nova Palma,NOVA PALMA ENERGIA LTDA.,Nova Palma — NOVA PALMA ENERGIA LTDA.,nao_classificado,51046,29,3372.76,209135,M,60,209135.0,0.0005681150334991968,False,False,13.866641164797858,0.01612719057068401,116.30206896551725,pos_2022,REN_1000,True
2024,1,nova,nova_palma,Nova Palma,NOVA PALMA ENERGIA LTDA.,Nova Palma,NOVA PALMA ENERGIA LTDA.,Nova Palma — NOVA PALMA ENERGIA LTDA.,rural,1347,0,76.33,209135,M,60,209135.0,0.0,False,False,0.0,0.0003649795586582829,,pos_2022,REN_1000,True
2024,1,nova,nova_palma,Nova Palma,NOVA PALMA ENERGIA LTDA.,Nova Palma,NOVA PALMA ENERGIA LTDA.,Nova Palma — NOVA PALMA ENERGIA LTDA.,urbana,2794,3,798.99,209135,M,60,209135.0,0.0010737294201861132,False,False,1.43448012049633,0.003820450904917876,266.33,pos_2022,REN_1000,True
2024,1,rge,rge,RGE,RGE SUL DISTRIBUIDORA DE ENERGIA S.A.,RGE,RGE SUL DISTRIBUIDORA DE ENERGIA S.A.,RGE — RGE SUL DISTRIBUIDORA DE ENERGIA S.A.,grupo_a,347,2,257794.36000000002,37417713,GG,11,37417713.0,0.005763688760806916,False,False,0.005345062110022598,0.006889634329067627,128897.18000000001,pos_2022,REN_1000,True
2024,1,rge,rge,RGE,RGE SUL DISTRIBUIDORA DE ENERGIA S.A.,RGE,RGE SUL DISTRIBUIDORA DE ENERGIA S.A.,RGE — RGE SUL DISTRIBUIDORA DE ENERGIA S.A.,nao_classificado,14193914,5421,2864201.9869,37417713,GG,11,37417713.0,0.0003819242528875404,False,False,14.487790849216251,0.07654668757815315,528.3530689725143,pos_2022,REN_1000,True
2024,1,rge,rge,RGE,RGE SUL DISTRIBUIDORA DE ENERGIA S.A.,RGE,RGE SUL DISTRIBUIDORA DE ENERGIA S.A.,RGE — RGE SUL DISTRIBUIDORA DE ENERGIA S.A.,rural,30789,337,152052.7885,37417713,GG,11,37417713.0,0.01094546753710741,False,False,0.9006429655388077,0.0040636579926731494,451.1952181008902,pos_2022,REN_1000,True
2024,1,rge,rge,RGE,RGE SUL DISTRIBUIDORA DE ENERGIA S.A.,RGE,RGE SUL DISTRIBUIDORA DE ENERGIA S.A.,RGE — RGE SUL DISTRIBUIDORA DE ENERGIA S.A.,urbana,445349,2188,621321.5975,37417713,GG,11,37417713.0,0.004913000815091086,False,False,5.8474979483647225,0.01660501264467981,283.9678233546618,pos_2022,REN_1000,True
2024,1,roraima,roraima_energia,Roraima Energia,RORAIMA ENERGIA S.A.,Roraima Energia,RORAIMA ENERGIA S.A.,Roraima Energia — RORAIMA ENERGIA S.A.,grupo_a,1,0,0.0,2647975,G,36,2647975.0,0.0,False,False,0.0,0.0,,pos_2022,REN_1000,True
2024,1,roraima,roraima_energia,Roraima Energia,RORAIMA ENERGIA S.A.,Roraima Energia,RORAIMA ENERGIA S.A.,Roraima Energia — RORAIMA ENERGIA S.A.,nao_classificado,65014,697,447015.27999999997,2647975,G,36,2647975.0,0.010720767834620235,False,False,26.322000774176495,0.16881401070629443,641.3418651362983,pos_2022,REN_1000,True
2024,1,roraima,roraima_energia,Roraima Energia,RORAIMA ENERGIA S.A.,Roraima Energia,RORAIMA ENERGIA S.A.,Roraima Energia — RORAIMA ENERGIA S.A.,rural,4114,79,15151.9,2647975,G,36,2647975.0,0.019202722411278562,False,False,2.9834118524532895,0.005722070638884431,191.79620253164558,pos_2022,REN_1000,True
2024,1,roraima,roraima_energia,Roraima Energia,RORAIMA ENERGIA S.A.,Roraima Energia,RORAIMA ENERGIA S.A.,Roraima Energia — RORAIMA ENERGIA S.A.,urbana,77884,738,226327.61,2647975,G,36,2647975.0,0.00947563042473422,False,False,27.87035376089276,0.08547195876093996,306.6769783197832,pos_2022,REN_1000,True
2024,1,santa,santa_maria,Santa Maria,EMPRESA LUZ E FORÇA SANTA MARIA S.A.,Santa Maria,EMPRESA LUZ E FORÇA SANTA MARIA S.A.,Santa Maria — EMPRESA LUZ E FORÇA SANTA MARIA S.A.,grupo_a,0,0,0.0,1680559,G,38,1680559.0,,False,False,0.0,0.0,,pos_2022,REN_1000,True
2024,1,santa,santa_maria,Santa Maria,EMPRESA LUZ E FORÇA SANTA MARIA S.A.,Santa Maria,EMPRESA LUZ E FORÇA SANTA MARIA S.A.,Santa Maria — EMPRESA LUZ E FORÇA SANTA MARIA S.A.,nao_classificado,132451,120,12240.77,1680559,G,38,1680559.0,0.0009059954247231051,False,False,7.1404812327326805,0.007283749038266434,102.00641666666667,pos_2022,REN_1000,True
2024,1,santa,santa_maria,Santa Maria,EMPRESA LUZ E FORÇA SANTA MARIA S.A.,Santa Maria,EMPRESA LUZ E FORÇA SANTA MARIA S.A.,Santa Maria — EMPRESA LUZ E FORÇA SANTA MARIA S.A.,rural,6347,241,121055.05,1680559,G,38,1680559.0,0.037970694816448713,False,False,14.340466475738133,0.07203260938770968,502.303112033195,pos_2022,REN_1000,True
2024,1,santa,santa_maria,Santa Maria,EMPRESA LUZ E FORÇA SANTA MARIA S.A.,Santa Maria,EMPRESA LUZ E FORÇA SANTA MARIA S.A.,Santa Maria — EMPRESA LUZ E FORÇA SANTA MARIA S.A.,urbana,17654,23,8141.32,1680559,G,38,1680559.0,0.0013028208904497564,False,False,1.3685922362737637,0.004844411889139268,353.97043478260866,pos_2022,REN_1000,True
2024,1,sulgipe,sulgipe,Sulgipe,COMPANHIA SUL SERGIPANA DE ELETRICIDADE,Sulgipe,COMPANHIA SUL SERGIPANA DE ELETRICIDADE,Sulgipe — COMPANHIA SUL SERGIPANA DE ELETRICIDADE,grupo_a,0,0,0.0,2054952,G,37,2054952.0,,False,False,0.0,0.0,,pos_2022,REN_1000,True
2024,1,sulgipe,sulgipe,Sulgipe,COMPANHIA SUL SERGIPANA DE ELETRICIDADE,Sulgipe,COMPANHIA SUL SERGIPANA DE ELETRICIDADE,Sulgipe — COMPANHIA SUL SERGIPANA DE ELETRICIDADE,nao_classificado,90910,12,3049.91,2054952,G,37,2054952.0,0.00013199868001319986,False,False,0.5839552456699718,0.0014841757861010865,254.15916666666666,pos_2022,REN_1000,True
2024,1,sulgipe,sulgipe,Sulgipe,COMPANHIA SUL SERGIPANA DE ELETRICIDADE,Sulgipe,COMPANHIA SUL SERGIPANA DE ELETRICIDADE,Sulgipe — COMPANHIA SUL SERGIPANA DE ELETRICIDADE,rural,9428,9,1384.8,2054952,G,37,2054952.0,0.0009546033092914723,False,False,0.4379664342524789,0.0006738843535031475,153.86666666666667,pos_2022,REN_1000,True
2024,1,sulgipe,sulgipe,Sulgipe,COMPANHIA SUL SERGIPANA DE ELETRICIDADE,Sulgipe,COMPANHIA SUL SERGIPANA DE ELETRICIDADE,Sulgipe — COMPANHIA SUL SERGIPANA DE ELETRICIDADE,urbana,17478,8,748.03,2054952,G,37,2054952.0,0.0004577182744021055,False,False,0.3893034971133146,0.0003640133686820909,93.50375,pos_2022,REN_1000,True
2025,1,amazonas,amazonas_energia,Amazonas Energia,AMAZONAS ENERGIA S.A.,Amazonas Energia,AMAZONAS ENERGIA S.A.,Amazonas Energia — AMAZONAS ENERGIA S.A.,grupo_a,16,0,0.0,14296378,G,27,14296378.0,0.0,False,False,0.0,0.0,,pos_2022,REN_1000,True
2025,1,amazonas,amazonas_energia,Amazonas Energia,AMAZONAS ENERGIA S.A.,Amazonas Energia,AMAZONAS ENERGIA S.A.,Amazonas Energia — AMAZONAS ENERGIA S.A.,nao_classificado,346877,1161,297356.81,14296378,G,27,14296378.0,0.0033470077289644456,False,False,8.120938044587238,0.020799450741999126,256.1212833763997,pos_2022,REN_1000,True
2025,1,amazonas,amazonas_energia,Amazonas Energia,AMAZONAS ENERGIA S.A.,Amazonas Energia,AMAZONAS ENERGIA S.A.,Amazonas Energia — AMAZONAS ENERGIA S.A.,rural,15867,322,46957.19,14296378,G,27,14296378.0,0.020293691309006115,False,False,2.2523187341577007,0.0032845515136771006,145.82978260869567,pos_2022,REN_1000,True
2025,1,amazonas,amazonas_energia,Amazonas Energia,AMAZONAS ENERGIA S.A.,Amazonas Energia,AMAZONAS ENERGIA S.A.,Amazonas Energia — AMAZONAS ENERGIA S.A.,urbana,240930,931,202557.16,14296378,G,27,14296378.0,0.0038641929191051342,False,False,6.512138948760309,0.014168425037446548,217.56945220193342,pos_2022,REN_1000,True
2025,1,castro_dis,castro_dis,Castro-Dis,COOPERATIVA DE DISTRIBUIÇÃO DE ENERGIA ELÉTRICA DE CASTRO,Castro-Dis,COOPERATIVA DE DISTRIBUIÇÃO DE ENERGIA ELÉTRICA DE CASTRO,Castro-Dis — COOPERATIVA DE DISTRIBUIÇÃO DE ENERGIA ELÉTRICA DE CASTRO,grupo_a,0,0,0.0,28963,P,97,28963.0,,False,False,0.0,0.0,,pos_2022,REN_1000,True
2025,1,castro_dis,castro_dis,Castro-Dis,COOPERATIVA DE DISTRIBUIÇÃO DE ENERGIA ELÉTRICA DE CASTRO,Castro-Dis,COOPERATIVA DE DISTRIBUIÇÃO DE ENERGIA ELÉTRICA DE CASTRO,Castro-Dis — COOPERATIVA DE DISTRIBUIÇÃO DE ENERGIA ELÉTRICA DE CASTRO,nao_classificado,7984,2,0.0,28963,P,97,28963.0,0.000250501002004008,False,False,6.905362013603563,0.0,0.0,pos_2022,REN_1000,True
2025,1,castro_dis,castro_dis,Castro-Dis,COOPERATIVA DE DISTRIBUIÇÃO DE ENERGIA ELÉTRICA DE CASTRO,Castro-Dis,COOPERATIVA DE DISTRIBUIÇÃO DE ENERGIA ELÉTRICA DE CASTRO,Castro-Dis — COOPERATIVA DE DISTRIBUIÇÃO DE ENERGIA ELÉTRICA DE CASTRO,rural,160,0,0.0,28963,P,97,28963.0,0.0,False,False,0.0,0.0,,pos_2022,REN_1000,True
2025,1,castro_dis,castro_dis,Castro-Dis,COOPERATIVA DE DISTRIBUIÇÃO DE ENERGIA ELÉTRICA DE CASTRO,Castro-Dis,COOPERATIVA DE DISTRIBUIÇÃO DE ENERGIA ELÉTRICA DE CASTRO,Castro-Dis — COOPERATIVA DE DISTRIBUIÇÃO DE ENERGIA ELÉTRICA DE CASTRO,urbana,506,1,90.86,28963,P,97,28963.0,0.001976284584980237,False,False,3.4526810068017815,0.0031371059627800985,90.86,pos_2022,REN_1000,True
2025,1,cedrap,cedrap,Cedrap,COOPERATIVA DE ELETRIFICAÇÃO DA REGIÃO DO ALTO DA PARAÍBA,Cedrap,COOPERATIVA DE ELETRIFICAÇÃO DA REGIÃO DO ALTO DA PARAÍBA,Cedrap — COOPERATIVA DE ELETRIFICAÇÃO DA REGIÃO DO ALTO DA PARAÍBA,grupo_a,0,0,0.0,96092,P,77,96092.0,,False,False,0.0,0.0,,pos_2022,REN_1000,True
2025,1,cedrap,cedrap,Cedrap,COOPERATIVA DE ELETRIFICAÇÃO DA REGIÃO DO ALTO DA PARAÍBA,Cedrap,COOPERATIVA DE ELETRIFICAÇÃO DA REGIÃO DO ALTO DA PARAÍBA,Cedrap — COOPERATIVA DE ELETRIFICAÇÃO DA REGIÃO DO ALTO DA PARAÍBA,nao_classificado,11362,10,624.78,96092,P,77,96092.0,0.0008801267382503081,False,False,10.406693585314073,0.006501894018232527,62.477999999999994,pos_2022,REN_1000,True
2025,1,cedrap,cedrap,Cedrap,COOPERATIVA DE ELETRIFICAÇÃO DA REGIÃO DO ALTO DA PARAÍBA,Cedrap,COOPERATIVA DE ELETRIFICAÇÃO DA REGIÃO DO ALTO DA PARAÍBA,Cedrap — COOPERATIVA DE ELETRIFICAÇÃO DA REGIÃO DO ALTO DA PARAÍBA,rural,1463,9,0.0,96092,P,77,96092.0,0.006151742993848257,False,False,9.366024226782667,0.0,0.0,pos_2022,REN_1000,True
2025,1,cedrap,cedrap,Cedrap,COOPERATIVA DE ELETRIFICAÇÃO DA REGIÃO DO ALTO DA PARAÍBA,Cedrap,COOPERATIVA DE ELETRIFICAÇÃO DA REGIÃO DO ALTO DA PARAÍBA,Cedrap — COOPERATIVA DE ELETRIFICAÇÃO DA REGIÃO DO ALTO DA PARAÍBA,urbana,208,0,0.0,96092,P,77,96092.0,0.0,False,False,0.0,0.0,,pos_2022,REN_1000,True
2025,1,cedri,cedri,Cedri,COOPERATIVA DE ELETRIFICAÇÃO E DISTRIBUIÇÃO DA REGIÃO DE ITARIRI,Cedri,COOPERATIVA DE ELETRIFICAÇÃO E DISTRIBUIÇÃO DA REGIÃO DE ITARIRI,Cedri — COOPERATIVA DE ELETRIFICAÇÃO E DISTRIBUIÇÃO DA REGIÃO DE ITARIRI,grupo_a,0,0,0.0,51236,P,91,51236.0,,False,False,0.0,0.0,,pos_2022,REN_1000,True
2025,1,cedri,cedri,Cedri,COOPERATIVA DE ELETRIFICAÇÃO E DISTRIBUIÇÃO DA REGIÃO DE ITARIRI,Cedri,COOPERATIVA DE ELETRIFICAÇÃO E DISTRIBUIÇÃO DA REGIÃO DE ITARIRI,Cedri — COOPERATIVA DE ELETRIFICAÇÃO E DISTRIBUIÇÃO DA REGIÃO DE ITARIRI,nao_classificado,9614,24,5444.67,51236,P,91,51236.0,0.00249635947576451,False,False,46.84206417362792,0.10626649231009447,226.86125,pos_2022,REN_1000,True
2025,1,cedri,cedri,Cedri,COOPERATIVA DE ELETRIFICAÇÃO E DISTRIBUIÇÃO DA REGIÃO DE ITARIRI,Cedri,COOPERATIVA DE ELETRIFICAÇÃO E DISTRIBUIÇÃO DA REGIÃO DE ITARIRI,Cedri — COOPERATIVA DE ELETRIFICAÇÃO E DISTRIBUIÇÃO DA REGIÃO DE ITARIRI,rural,217,3,279.13,51236,P,91,51236.0,0.013824884792626729,False,False,5.85525802170349,0.005447927238660317,93.04333333333334,pos_2022,REN_1000,True
2025,1,cedri,cedri,Cedri,COOPERATIVA DE ELETRIFICAÇÃO E DISTRIBUIÇÃO DA REGIÃO DE ITARIRI,Cedri,COOPERATIVA DE ELETRIFICAÇÃO E DISTRIBUIÇÃO DA REGIÃO DE ITARIRI,Cedri — COOPERATIVA DE ELETRIFICAÇÃO E DISTRIBUIÇÃO DA REGIÃO DE ITARIRI,urbana,157,4,214.39,51236,P,91,51236.0,0.025477707006369428,False,False,7.807010695604653,0.004184362557576703,53.5975,pos_2022,REN_1000,True
2025,1,cegero,cegero,Cegero,COOPERATIVA DE ELETRICIDADE DE SÃO LUDGERO,Cegero,COOPERATIVA DE ELETRICIDADE DE SÃO LUDGERO,Cegero — COOPERATIVA DE ELETRICIDADE DE SÃO LUDGERO,grupo_a,0,0,0.0,88346,P,80,88346.0,,False,False,0.0,0.0,,pos_2022,REN_1000,True
2025,1,cegero,cegero,Cegero,COOPERATIVA DE ELETRICIDADE DE SÃO LUDGERO,Cegero,COOPERATIVA DE ELETRICIDADE DE SÃO LUDGERO,Cegero — COOPERATIVA DE ELETRICIDADE DE SÃO LUDGERO,nao_classificado,14732,9,0.0,88346,P,80,88346.0,0.0006109150149334781,False,False,10.187218436601544,0.0,0.0,pos_2022,REN_1000,True
2025,1,cegero,cegero,Cegero,COOPERATIVA DE ELETRICIDADE DE SÃO LUDGERO,Cegero,COOPERATIVA DE ELETRICIDADE DE SÃO LUDGERO,Cegero — COOPERATIVA DE ELETRICIDADE DE SÃO LUDGERO,rural,222,0,0.0,88346,P,80,88346.0,0.0,False,False,0.0,0.0,,pos_2022,REN_1000,True
2025,1,cegero,cegero,Cegero,COOPERATIVA DE ELETRICIDADE DE SÃO LUDGERO,Cegero,COOPERATIVA DE ELETRICIDADE DE SÃO LUDGERO,Cegero — COOPERATIVA DE ELETRICIDADE DE SÃO LUDGERO,urbana,1152,1,126.12,88346,P,80,88346.0,0.0008680555555555555,False,False,1.131913159622394,0.001427568876915763,126.12,pos_2022,REN_1000,True
2025,1,cejama,cejama,Cejama,COOPERATIVA DE ELETRICIDADE JACINTO MACHADO,Cejama,COOPERATIVA DE ELETRICIDADE JACINTO MACHADO,Cejama — COOPERATIVA DE ELETRICIDADE JACINTO MACHADO,grupo_a,0,0,0.0,72398,P,87,72398.0,,False,False,0.0,0.0,,pos_2022,REN_1000,True
2025,1,cejama,cejama,Cejama,COOPERATIVA DE ELETRICIDADE JACINTO MACHADO,Cejama,COOPERATIVA DE ELETRICIDADE JACINTO MACHADO,Cejama — COOPERATIVA DE ELETRICIDADE JACINTO MACHADO,nao_classificado,4818,6,0.0,72398,P,87,72398.0,0.0012453300124533001,False,False,8.287521754744606,0.0,0.0,pos_2022,REN_1000,True
2025,1,cejama,cejama,Cejama,COOPERATIVA DE ELETRICIDADE JACINTO MACHADO,Cejama,COOPERATIVA DE ELETRICIDADE JACINTO MACHADO,Cejama — COOPERATIVA DE ELETRICIDADE JACINTO MACHADO,rural,460,1,201.52,72398,P,87,72398.0,0.002173913043478261,False,False,1.3812536257907677,0.0027835023066935553,201.52,pos_2022,REN_1000,True
2025,1,cejama,cejama,Cejama,COOPERATIVA DE ELETRICIDADE JACINTO MACHADO,Cejama,COOPERATIVA DE ELETRICIDADE JACINTO MACHADO,Cejama — COOPERATIVA DE ELETRICIDADE JACINTO MACHADO,urbana,704,0,0.0,72398,P,87,72398.0,0.0,False,False,0.0,0.0,,pos_2022,REN_1000,True
2025,1,celesc,celesc_dis,Celesc-Dis,CELESC DISTRIBUIÇÃO S.A.,Celesc-Dis,CELESC DISTRIBUIÇÃO S.A.,Celesc-Dis — CELESC DISTRIBUIÇÃO S.A.,grupo_a,34,26,0.0,42541803,GG,9,42541803.0,0.7647058823529411,False,False,0.06111635653994261,0.0,0.0,pos_2022,REN_1000,True
2025,1,celesc,celesc_dis,Celesc-Dis,CELESC DISTRIBUIÇÃO S.A.,Celesc-Dis,CELESC DISTRIBUIÇÃO S.A.,Celesc-Dis — CELESC DISTRIBUIÇÃO S.A.,nao_classificado,18928502,385424,19126786.48,42541803,GG,9,42541803.0,0.020362097328145673,False,False,905.9888693481092,0.4495998084519361,49.62531259080908,pos_2022,REN_1000,True
2025,1,celesc,celesc_dis,Celesc-Dis,CELESC DISTRIBUIÇÃO S.A.,Celesc-Dis,CELESC DISTRIBUIÇÃO S.A.,Celesc-Dis — CELESC DISTRIBUIÇÃO S.A.,rural,8285,256,216.07,42541803,GG,9,42541803.0,0.030899215449607723,False,False,0.6017610490086657,5.079004291378999e-06,0.8440234375,pos_2022,REN_1000,True
2025,1,celesc,celesc_dis,Celesc-Dis,CELESC DISTRIBUIÇÃO S.A.,Celesc-Dis,CELESC DISTRIBUIÇÃO S.A.,Celesc-Dis — CELESC DISTRIBUIÇÃO S.A.,urbana,93321,5081,206106.1,42541803,GG,9,42541803.0,0.05444648042777081,False,False,11.943546445363399,0.004844789958714256,40.56408187364692,pos_2022,REN_1000,True
2025,1,celetro,celetro,Celetro,COOPERATIVA DE ELETRIFICAÇÃO CENTRO JACUÍ LTDA.,Celetro,COOPERATIVA DE ELETRIFICAÇÃO CENTRO JACUÍ LTDA.,Celetro — COOPERATIVA DE ELETRIFICAÇÃO CENTRO JACUÍ LTDA.,grupo_a,0,0,0.0,292157,M,52,292157.0,,False,False,0.0,0.0,,pos_2022,REN_1000,True
2025,1,celetro,celetro,Celetro,COOPERATIVA DE ELETRIFICAÇÃO CENTRO JACUÍ LTDA.,Celetro,COOPERATIVA DE ELETRIFICAÇÃO CENTRO JACUÍ LTDA.,Celetro — COOPERATIVA DE ELETRIFICAÇÃO CENTRO JACUÍ LTDA.,nao_classificado,42048,6,795.52,292157,M,52,292157.0,0.00014269406392694063,False,False,2.053690310346834,0.002722919526145189,132.58666666666667,pos_2022,REN_1000,True
2025,1,celetro,celetro,Celetro,COOPERATIVA DE ELETRIFICAÇÃO CENTRO JACUÍ LTDA.,Celetro,COOPERATIVA DE ELETRIFICAÇÃO CENTRO JACUÍ LTDA.,Celetro — COOPERATIVA DE ELETRIFICAÇÃO CENTRO JACUÍ LTDA.,rural,2792,3,859.29,292157,M,52,292157.0,0.0010744985673352436,False,False,1.026845155173417,0.002941192577963218,286.43,pos_2022,REN_1000,True
2025,1,celetro,celetro,Celetro,COOPERATIVA DE ELETRIFICAÇÃO CENTRO JACUÍ LTDA.,Celetro,COOPERATIVA DE ELETRIFICAÇÃO CENTRO JACUÍ LTDA.,Celetro — COOPERATIVA DE ELETRIFICAÇÃO CENTRO JACUÍ LTDA.,urbana,796,0,0.0,292157,M,52,292157.0,0.0,False,False,0.0,0.0,,pos_2022,REN_1000,True
2025,1,cemig,cemig_d,Cemig-D,CEMIG DISTRIBUIÇÃO S.A.,Cemig-D,CEMIG DISTRIBUIÇÃO S.A.,Cemig-D — CEMIG DISTRIBUIÇÃO S.A.,grupo_a,450,0,0.0,128137826,GG,1,128137826.0,0.0,False,False,0.0,0.0,,pos_2022,REN_1000,True
2025,1,cemig,cemig_d,Cemig-D,CEMIG DISTRIBUIÇÃO S.A.,Cemig-D,CEMIG DISTRIBUIÇÃO S.A.,Cemig-D — CEMIG DISTRIBUIÇÃO S.A.,nao_classificado,53711040,26264,22208344.64,128137826,GG,1,128137826.0,0.000488986994107729,False,False,20.496679879678933,0.17331607171172078,845.5812001218399,pos_2022,REN_1000,True
2025,1,cemig,cemig_d,Cemig-D,CEMIG DISTRIBUIÇÃO S.A.,Cemig-D,CEMIG DISTRIBUIÇÃO S.A.,Cemig-D — CEMIG DISTRIBUIÇÃO S.A.,rural,128904,4379,8832748.4,128137826,GG,1,128137826.0,0.03397101719108794,False,False,3.417413996082624,0.06893162367215439,2017.0697419502171,pos_2022,REN_1000,True
2025,1,cemig,cemig_d,Cemig-D,CEMIG DISTRIBUIÇÃO S.A.,Cemig-D,CEMIG DISTRIBUIÇÃO S.A.,Cemig-D — CEMIG DISTRIBUIÇÃO S.A.,urbana,2215327,19156,11271705.14,128137826,GG,1,128137826.0,0.008647030438395776,False,False,14.949527862287908,0.08796547820313419,588.4164303612446,pos_2022,REN_1000,True
2025,1,cemirim,cemirim,Cemirim,COOPERATIVA DE ELETRIFICAÇÃO E DESENVOLVIMENTO DA REGIÃO DE MOGI MIRIM,Cemirim,COOPERATIVA DE ELETRIFICAÇÃO E DESENVOLVIMENTO DA REGIÃO DE MOGI MIRIM,Cemirim — COOPERATIVA DE ELETRIFICAÇÃO E DESENVOLVIMENTO DA REGIÃO DE MOGI MIRIM,grupo_a,0,0,0.0,214588,M,61,214588.0,,False,False,0.0,0.0,,pos_2022,REN_1000,True
2025,1,cemirim,cemirim,Cemirim,COOPERATIVA DE ELETRIFICAÇÃO E DESENVOLVIMENTO DA REGIÃO DE MOGI MIRIM,Cemirim,COOPERATIVA DE ELETRIFICAÇÃO E DESENVOLVIMENTO DA REGIÃO DE MOGI MIRIM,Cemirim — COOPERATIVA DE ELETRIFICAÇÃO E DESENVOLVIMENTO DA REGIÃO DE MOGI MIRIM,nao_classificado,38783,28,4209.21,214588,M,61,214588.0,0.0007219658097620092,False,False,13.048259921337634,0.019615309336961994,150.32892857142858,pos_2022,REN_1000,True
2025,1,cemirim,cemirim,Cemirim,COOPERATIVA DE ELETRIFICAÇÃO E DESENVOLVIMENTO DA REGIÃO DE MOGI MIRIM,Cemirim,COOPERATIVA DE ELETRIFICAÇÃO E DESENVOLVIMENTO DA REGIÃO DE MOGI MIRIM,Cemirim — COOPERATIVA DE ELETRIFICAÇÃO E DESENVOLVIMENTO DA REGIÃO DE MOGI MIRIM,rural,1072,3,470.76,214588,M,61,214588.0,0.002798507462686567,False,False,1.3980278487147464,0.00219378530020318,156.92,pos_2022,REN_1000,True
2025,1,cemirim,cemirim,Cemirim,COOPERATIVA DE ELETRIFICAÇÃO E DESENVOLVIMENTO DA REGIÃO DE MOGI MIRIM,Cemirim,COOPERATIVA DE ELETRIFICAÇÃO E DESENVOLVIMENTO DA REGIÃO DE MOGI MIRIM,Cemirim — COOPERATIVA DE ELETRIFICAÇÃO E DESENVOLVIMENTO DA REGIÃO DE MOGI MIRIM,urbana,3779,12,0.0,214588,M,61,214588.0,0.0031754432389521038,False,False,5.592111394858986,0.0,0.0,pos_2022,REN_1000,True
2025,1,ceprag,ceprag,Ceprag,COOPERATIVA DE ELETRICIDADE PRAIA GRANDE,Ceprag,COOPERATIVA DE ELETRICIDADE PRAIA GRANDE,Ceprag — COOPERATIVA DE ELETRICIDADE PRAIA GRANDE,grupo_a,0,0,0.0,280269,M,53,280269.0,,False,False,0.0,0.0,,pos_2022,REN_1000,True
2025,1,ceprag,ceprag,Ceprag,COOPERATIVA DE ELETRICIDADE PRAIA GRANDE,Ceprag,COOPERATIVA DE ELETRICIDADE PRAIA GRANDE,Ceprag — COOPERATIVA DE ELETRICIDADE PRAIA GRANDE,nao_classificado,62537,49,2323.73,280269,M,53,280269.0,0.0007835361466012121,False,False,17.483203636506357,0.008291070364542637,47.4230612244898,pos_2022,REN_1000,True
2025,1,ceprag,ceprag,Ceprag,COOPERATIVA DE ELETRICIDADE PRAIA GRANDE,Ceprag,COOPERATIVA DE ELETRICIDADE PRAIA GRANDE,Ceprag — COOPERATIVA DE ELETRICIDADE PRAIA GRANDE,rural,1637,5,112.54,280269,M,53,280269.0,0.0030543677458766036,False,False,1.7840003710720773,0.00040154280352090315,22.508000000000003,pos_2022,REN_1000,True
2025,1,ceprag,ceprag,Ceprag,COOPERATIVA DE ELETRICIDADE PRAIA GRANDE,Ceprag,COOPERATIVA DE ELETRICIDADE PRAIA GRANDE,Ceprag — COOPERATIVA DE ELETRICIDADE PRAIA GRANDE,urbana,4967,5,262.62,280269,M,53,280269.0,0.0010066438494060802,False,False,1.7840003710720773,0.0009370283549018978,52.524,pos_2022,REN_1000,True
2025,1,ceraca,ceraca,Ceraçá,COOPERATIVA DISTRIBUIDORA DE ENERGIA VALE DO ARAÇÁ,Ceraçá,COOPERATIVA DISTRIBUIDORA DE ENERGIA VALE DO ARAÇÁ,Ceraçá — COOPERATIVA DISTRIBUIDORA DE ENERGIA VALE DO ARAÇÁ,grupo_a,25,0,0.0,166365,M,69,166365.0,0.0,False,False,0.0,0.0,,pos_2022,REN_1000,True
2025,1,ceraca,ceraca,Ceraçá,COOPERATIVA DISTRIBUIDORA DE ENERGIA VALE DO ARAÇÁ,Ceraçá,COOPERATIVA DISTRIBUIDORA DE ENERGIA VALE DO ARAÇÁ,Ceraçá — COOPERATIVA DISTRIBUIDORA DE ENERGIA VALE DO ARAÇÁ,nao_classificado,40367,20,1433.1299999999999,166365,M,69,166365.0,0.0004954542076448584,False,False,12.02175938448592,0.008614372013344153,71.6565,pos_2022,REN_1000,True
2025,1,ceraca,ceraca,Ceraçá,COOPERATIVA DISTRIBUIDORA DE ENERGIA VALE DO ARAÇÁ,Ceraçá,COOPERATIVA DISTRIBUIDORA DE ENERGIA VALE DO ARAÇÁ,Ceraçá — COOPERATIVA DISTRIBUIDORA DE ENERGIA VALE DO ARAÇÁ,rural,858,26,5064.51,166365,M,69,166365.0,0.030303030303030304,False,False,15.628287199831695,0.030442160310161392,194.78884615384615,pos_2022,REN_1000,True
2025,1,ceraca,ceraca,Ceraçá,COOPERATIVA DISTRIBUIDORA DE ENERGIA VALE DO ARAÇÁ,Ceraçá,COOPERATIVA DISTRIBUIDORA DE ENERGIA VALE DO ARAÇÁ,Ceraçá — COOPERATIVA DISTRIBUIDORA DE ENERGIA VALE DO ARAÇÁ,urbana,408,1,136.15,166365,M,69,166365.0,0.0024509803921568627,False,False,0.601087969224296,0.000818381270098879,136.15,pos_2022,REN_1000,True
2025,1,ceral,ceral_anitapolis,Ceral Anitápolis,COOPERATIVA DE DISTRIBUIÇÃO DE ENERGIA ELÉTRICA DE ANITÁPOLIS,Ceral Anitápolis,COOPERATIVA DE DISTRIBUIÇÃO DE ENERGIA ELÉTRICA DE ANITÁPOLIS,Ceral Anitápolis — COOPERATIVA DE DISTRIBUIÇÃO DE ENERGIA ELÉTRICA DE ANITÁPOLIS,grupo_a,0,0,0.0,49556,P,92,49556.0,,False,False,0.0,0.0,,pos_2022,REN_1000,True
2025,1,ceral,ceral_anitapolis,Ceral Anitápolis,COOPERATIVA DE DISTRIBUIÇÃO DE ENERGIA ELÉTRICA DE ANITÁPOLIS,Ceral Anitápolis,COOPERATIVA DE DISTRIBUIÇÃO DE ENERGIA ELÉTRICA DE ANITÁPOLIS,Ceral Anitápolis — COOPERATIVA DE DISTRIBUIÇÃO DE ENERGIA ELÉTRICA DE ANITÁPOLIS,nao_classificado,1135,24,0.0,49556,P,92,49556.0,0.021145374449339206,False,False,48.430058923238356,0.0,0.0,pos_2022,REN_1000,True
2025,1,ceral,ceral_anitapolis,Ceral Anitápolis,COOPERATIVA DE DISTRIBUIÇÃO DE ENERGIA ELÉTRICA DE ANITÁPOLIS,Ceral Anitápolis,COOPERATIVA DE DISTRIBUIÇÃO DE ENERGIA ELÉTRICA DE ANITÁPOLIS,Ceral Anitápolis — COOPERATIVA DE DISTRIBUIÇÃO DE ENERGIA ELÉTRICA DE ANITÁPOLIS,rural,221,1,0.0,49556,P,92,49556.0,0.004524886877828055,False,False,2.017919121801598,0.0,0.0,pos_2022,REN_1000,True
2025,1,ceral,ceral_anitapolis,Ceral Anitápolis,COOPERATIVA DE DISTRIBUIÇÃO DE ENERGIA ELÉTRICA DE ANITÁPOLIS,Ceral Anitápolis,COOPERATIVA DE DISTRIBUIÇÃO DE ENERGIA ELÉTRICA DE ANITÁPOLIS,Ceral Anitápolis — COOPERATIVA DE DISTRIBUIÇÃO DE ENERGIA ELÉTRICA DE ANITÁPOLIS,urbana,102,1,0.0,49556,P,92,49556.0,0.00980392156862745,False,False,2.017919121801598,0.0,0.0,pos_2022,REN_1000,True
2025,1,ceral,ceral_araruama,Ceral Araruama,COOPERATIVA DE ELETRIFICAÇÃO RURAL DE ARARUAMA,Ceral Araruama,COOPERATIVA DE ELETRIFICAÇÃO RURAL DE ARARUAMA,Ceral Araruama — COOPERATIVA DE ELETRIFICAÇÃO RURAL DE ARARUAMA,grupo_a,0,0,0.0,97198,M,76,97198.0,,False,False,0.0,0.0,,pos_2022,REN_1000,True
2025,1,ceral,ceral_araruama,Ceral Araruama,COOPERATIVA DE ELETRIFICAÇÃO RURAL DE ARARUAMA,Ceral Araruama,COOPERATIVA DE ELETRIFICAÇÃO RURAL DE ARARUAMA,Ceral Araruama — COOPERATIVA DE ELETRIFICAÇÃO RURAL DE ARARUAMA,nao_classificado,26681,12,464.06,97198,M,76,97198.0,0.0004497582549379708,False,False,12.345933043889792,0.004774378073622914,38.67166666666667,pos_2022,REN_1000,True
2025,1,ceral,ceral_araruama,Ceral Araruama,COOPERATIVA DE ELETRIFICAÇÃO RURAL DE ARARUAMA,Ceral Araruama,COOPERATIVA DE ELETRIFICAÇÃO RURAL DE ARARUAMA,Ceral Araruama — COOPERATIVA DE ELETRIFICAÇÃO RURAL DE ARARUAMA,rural,1849,0,0.0,97198,M,76,97198.0,0.0,False,False,0.0,0.0,,pos_2022,REN_1000,True
2025,1,ceral,ceral_araruama,Ceral Araruama,COOPERATIVA DE ELETRIFICAÇÃO RURAL DE ARARUAMA,Ceral Araruama,COOPERATIVA DE ELETRIFICAÇÃO RURAL DE ARARUAMA,Ceral Araruama — COOPERATIVA DE ELETRIFICAÇÃO RURAL DE ARARUAMA,urbana,382,1,107.78,97198,M,76,97198.0,0.002617801047120419,False,False,1.0288277536574826,0.0011088705528920348,107.78,pos_2022,REN_1000,True
2025,1,cerbranorte,cerbranorte,Cerbranorte,COOPERATIVA DE ELETRIFICAÇÃO DE BRAÇO DO NORTE,Cerbranorte,COOPERATIVA DE ELETRIFICAÇÃO DE BRAÇO DO NORTE,Cerbranorte — COOPERATIVA DE ELETRIFICAÇÃO DE BRAÇO DO NORTE,grupo_a,0,0,0.0,223433,M,58,223433.0,,False,False,0.0,0.0,,pos_2022,REN_1000,True
2025,1,cerbranorte,cerbranorte,Cerbranorte,COOPERATIVA DE ELETRIFICAÇÃO DE BRAÇO DO NORTE,Cerbranorte,COOPERATIVA DE ELETRIFICAÇÃO DE BRAÇO DO NORTE,Cerbranorte — COOPERATIVA DE ELETRIFICAÇÃO DE BRAÇO DO NORTE,nao_classificado,80387,16,5275.59,223433,M,58,223433.0,0.00019903715774938734,False,False,7.160983382042939,0.023611507700294944,329.724375,pos_2022,REN_1000,True
2025,1,cerbranorte,cerbranorte,Cerbranorte,COOPERATIVA DE ELETRIFICAÇÃO DE BRAÇO DO NORTE,Cerbranorte,COOPERATIVA DE ELETRIFICAÇÃO DE BRAÇO DO NORTE,Cerbranorte — COOPERATIVA DE ELETRIFICAÇÃO DE BRAÇO DO NORTE,rural,551,0,0.0,223433,M,58,223433.0,0.0,False,False,0.0,0.0,,pos_2022,REN_1000,True
2025,1,cerbranorte,cerbranorte,Cerbranorte,COOPERATIVA DE ELETRIFICAÇÃO DE BRAÇO DO NORTE,Cerbranorte,COOPERATIVA DE ELETRIFICAÇÃO DE BRAÇO DO NORTE,Cerbranorte — COOPERATIVA DE ELETRIFICAÇÃO DE BRAÇO DO NORTE,urbana,3920,0,0.0,223433,M,58,223433.0,0.0,False,False,0.0,0.0,,pos_2022,REN_1000,True
2025,1,cerci,cerci,Cerci,COOPERATIVA DE ELETRIFICAÇÃO RURAL CACHOEIRAS- ITABORAÍ LTDA,Cerci,COOPERATIVA DE ELETRIFICAÇÃO RURAL CACHOEIRAS- ITABORAÍ LTDA,Cerci — COOPERATIVA DE ELETRIFICAÇÃO RURAL CACHOEIRAS- ITABORAÍ LTDA,nao_classificado,43816,342,0.0,221227,M,59,221227.0,0.007805367902136206,False,False,154.59234180276368,0.0,0.0,pos_2022,REN_1000,True
2025,1,cerci,cerci,Cerci,COOPERATIVA DE ELETRIFICAÇÃO RURAL CACHOEIRAS- ITABORAÍ LTDA,Cerci,COOPERATIVA DE ELETRIFICAÇÃO RURAL CACHOEIRAS- ITABORAÍ LTDA,Cerci — COOPERATIVA DE ELETRIFICAÇÃO RURAL CACHOEIRAS- ITABORAÍ LTDA,rural,1662,2,0.0,221227,M,59,221227.0,0.0012033694344163659,False,False,0.9040487824723021,0.0,0.0,pos_2022,REN_1000,True
2025,1,cerci,cerci,Cerci,COOPERATIVA DE ELETRIFICAÇÃO RURAL CACHOEIRAS- ITABORAÍ LTDA,Cerci,COOPERATIVA DE ELETRIFICAÇÃO RURAL CACHOEIRAS- ITABORAÍ LTDA,Cerci — COOPERATIVA DE ELETRIFICAÇÃO RURAL CACHOEIRAS- ITABORAÍ LTDA,urbana,2959,4,1.37,221227,M,59,221227.0,0.0013518080432578573,False,False,1.8080975649446043,6.192734159935271e-06,0.3425,pos_2022,REN_1000,True
2025,1,cercos,cercos,Cercos,COOPERATIVA DE ELETRIFICAÇÃO E DESENVOLVIMENTO RURAL CENTRO SUL DE SERGIPE LTDA,Cercos,COOPERATIVA DE ELETRIFICAÇÃO E DESENVOLVIMENTO RURAL CENTRO SUL DE SERGIPE LTDA,Cercos — COOPERATIVA DE ELETRIFICAÇÃO E DESENVOLVIMENTO RURAL CENTRO SUL DE SERGIPE LTDA,nao_classificado,2733,4,4179.629999999999,84776,P,84,84776.0,0.0014635931211123307,False,False,4.718316504671134,0.049302043031046516,1044.9074999999998,pos_2022,REN_1000,True
2025,1,cercos,cercos,Cercos,COOPERATIVA DE ELETRIFICAÇÃO E DESENVOLVIMENTO RURAL CENTRO SUL DE SERGIPE LTDA,Cercos,COOPERATIVA DE ELETRIFICAÇÃO E DESENVOLVIMENTO RURAL CENTRO SUL DE SERGIPE LTDA,Cercos — COOPERATIVA DE ELETRIFICAÇÃO E DESENVOLVIMENTO RURAL CENTRO SUL DE SERGIPE LTDA,rural,1047,1,0.0,84776,P,84,84776.0,0.0009551098376313276,False,False,1.1795791261677835,0.0,0.0,pos_2022,REN_1000,True
2025,1,cerej,cerej,Cerej,COOPERATIVA DE PRESTAÇÃO DE SERVIÇOS PÚBLICOS DE DISTRIBUIÇÃO DE ENERGIA ELÉTRICA SENADOR ESTEVES JÚNIOR,Cerej,COOPERATIVA DE PRESTAÇÃO DE SERVIÇOS PÚBLICOS DE DISTRIBUIÇÃO DE ENERGIA ELÉTRICA SENADOR ESTEVES JÚNIOR,Cerej — COOPERATIVA DE PRESTAÇÃO DE SERVIÇOS PÚBLICOS DE DISTRIBUIÇÃO DE ENERGIA ELÉTRICA SENADOR ESTEVES JÚNIOR,grupo_a,0,0,0.0,183950,M,68,183950.0,,False,False,0.0,0.0,,pos_2022,REN_1000,True
2025,1,cerej,cerej,Cerej,COOPERATIVA DE PRESTAÇÃO DE SERVIÇOS PÚBLICOS DE DISTRIBUIÇÃO DE ENERGIA ELÉTRICA SENADOR ESTEVES JÚNIOR,Cerej,COOPERATIVA DE PRESTAÇÃO DE SERVIÇOS PÚBLICOS DE DISTRIBUIÇÃO DE ENERGIA ELÉTRICA SENADOR ESTEVES JÚNIOR,Cerej — COOPERATIVA DE PRESTAÇÃO DE SERVIÇOS PÚBLICOS DE DISTRIBUIÇÃO DE ENERGIA ELÉTRICA SENADOR ESTEVES JÚNIOR,nao_classificado,59527,67,6941.99,183950,M,68,183950.0,0.0011255396710736305,False,False,36.422941016580594,0.03773846153846154,103.61179104477611,pos_2022,REN_1000,True
2025,1,cerej,cerej,Cerej,COOPERATIVA DE PRESTAÇÃO DE SERVIÇOS PÚBLICOS DE DISTRIBUIÇÃO DE ENERGIA ELÉTRICA SENADOR ESTEVES JÚNIOR,Cerej,COOPERATIVA DE PRESTAÇÃO DE SERVIÇOS PÚBLICOS DE DISTRIBUIÇÃO DE ENERGIA ELÉTRICA SENADOR ESTEVES JÚNIOR,Cerej — COOPERATIVA DE PRESTAÇÃO DE SERVIÇOS PÚBLICOS DE DISTRIBUIÇÃO DE ENERGIA ELÉTRICA SENADOR ESTEVES JÚNIOR,rural,1380,3,90.21,183950,M,68,183950.0,0.002173913043478261,False,False,1.630877955966295,0.000490405001359065,30.069999999999997,pos_2022,REN_1000,True
2025,1,cerej,cerej,Cerej,COOPERATIVA DE PRESTAÇÃO DE SERVIÇOS PÚBLICOS DE DISTRIBUIÇÃO DE ENERGIA ELÉTRICA SENADOR ESTEVES JÚNIOR,Cerej,COOPERATIVA DE PRESTAÇÃO DE SERVIÇOS PÚBLICOS DE DISTRIBUIÇÃO DE ENERGIA ELÉTRICA SENADOR ESTEVES JÚNIOR,Cerej — COOPERATIVA DE PRESTAÇÃO DE SERVIÇOS PÚBLICOS DE DISTRIBUIÇÃO DE ENERGIA ELÉTRICA SENADOR ESTEVES JÚNIOR,urbana,0,0,0.0,183950,M,68,183950.0,,False,False,0.0,0.0,,pos_2022,REN_1000,True
2025,1,ceres,ceres,Ceres,COOPERATIVA DE ELETRIFICAÇÃO RURAL DE RESENDE LTDA.,Ceres,COOPERATIVA DE ELETRIFICAÇÃO RURAL DE RESENDE LTDA.,Ceres — COOPERATIVA DE ELETRIFICAÇÃO RURAL DE RESENDE LTDA.,nao_classificado,14404,51,270.94,73725,P,86,73725.0,0.00354068314357123,False,False,69.17599186164801,0.003675008477449983,5.312549019607843,pos_2022,REN_1000,True
2025,1,ceres,ceres,Ceres,COOPERATIVA DE ELETRIFICAÇÃO RURAL DE RESENDE LTDA.,Ceres,COOPERATIVA DE ELETRIFICAÇÃO RURAL DE RESENDE LTDA.,Ceres — COOPERATIVA DE ELETRIFICAÇÃO RURAL DE RESENDE LTDA.,rural,378,0,0.0,73725,P,86,73725.0,0.0,False,False,0.0,0.0,,pos_2022,REN_1000,True
2025,1,ceres,ceres,Ceres,COOPERATIVA DE ELETRIFICAÇÃO RURAL DE RESENDE LTDA.,Ceres,COOPERATIVA DE ELETRIFICAÇÃO RURAL DE RESENDE LTDA.,Ceres — COOPERATIVA DE ELETRIFICAÇÃO RURAL DE RESENDE LTDA.,urbana,1208,2,7.63,73725,P,86,73725.0,0.0016556291390728477,False,False,2.7127839945744316,0.00010349270939301458,3.815,pos_2022,REN_1000,True
2025,1,cerfox,cerfox,Cerfox,COOPERATIVA DE DISTRIBUIÇÃO DE ENERGIA FONTOURA XAVIER,Cerfox,COOPERATIVA DE DISTRIBUIÇÃO DE ENERGIA FONTOURA XAVIER,Cerfox — COOPERATIVA DE DISTRIBUIÇÃO DE ENERGIA FONTOURA XAVIER,grupo_a,0,0,0.0,198486,M,64,198486.0,,False,False,0.0,0.0,,pos_2022,REN_1000,True
2025,1,cerfox,cerfox,Cerfox,COOPERATIVA DE DISTRIBUIÇÃO DE ENERGIA FONTOURA XAVIER,Cerfox,COOPERATIVA DE DISTRIBUIÇÃO DE ENERGIA FONTOURA XAVIER,Cerfox — COOPERATIVA DE DISTRIBUIÇÃO DE ENERGIA FONTOURA XAVIER,nao_classificado,30358,38,5097.860000000001,198486,M,64,198486.0,0.0012517293629356347,False,False,19.144927098132865,0.025683725804338847,134.1542105263158,pos_2022,REN_1000,True
2025,1,cerfox,cerfox,Cerfox,COOPERATIVA DE DISTRIBUIÇÃO DE ENERGIA FONTOURA XAVIER,Cerfox,COOPERATIVA DE DISTRIBUIÇÃO DE ENERGIA FONTOURA XAVIER,Cerfox — COOPERATIVA DE DISTRIBUIÇÃO DE ENERGIA FONTOURA XAVIER,rural,1670,14,7910.91,198486,M,64,198486.0,0.008383233532934131,False,False,7.053394194048951,0.039856261902602705,565.0649999999999,pos_2022,REN_1000,True
2025,1,cerfox,cerfox,Cerfox,COOPERATIVA DE DISTRIBUIÇÃO DE ENERGIA FONTOURA XAVIER,Cerfox,COOPERATIVA DE DISTRIBUIÇÃO DE ENERGIA FONTOURA XAVIER,Cerfox — COOPERATIVA DE DISTRIBUIÇÃO DE ENERGIA FONTOURA XAVIER,urbana,909,4,471.46,198486,M,64,198486.0,0.0044004400440044,False,False,2.015255484013986,0.0023752808762330844,117.865,pos_2022,REN_1000,True
2025,1,cergal,cergal,Cergal,COOPERATIVA DE ELETRIFICAÇÃO RURAL ANITA GARIBALDI LTDA,Cergal,COOPERATIVA DE ELETRIFICAÇÃO RURAL ANITA GARIBALDI LTDA,Cergal — COOPERATIVA DE ELETRIFICAÇÃO RURAL ANITA GARIBALDI LTDA,grupo_a,0,0,0.0,251375,M,54,251375.0,,False,False,0.0,0.0,,pos_2022,REN_1000,True
2025,1,cergal,cergal,Cergal,COOPERATIVA DE ELETRIFICAÇÃO RURAL ANITA GARIBALDI LTDA,Cergal,COOPERATIVA DE ELETRIFICAÇÃO RURAL ANITA GARIBALDI LTDA,Cergal — COOPERATIVA DE ELETRIFICAÇÃO RURAL ANITA GARIBALDI LTDA,nao_classificado,52281,21,3721.8599999999997,251375,M,54,251375.0,0.00040167556091122973,False,False,8.35405271009448,0.01480600696171059,177.23142857142855,pos_2022,REN_1000,True
2025,1,cergal,cergal,Cergal,COOPERATIVA DE ELETRIFICAÇÃO RURAL ANITA GARIBALDI LTDA,Cergal,COOPERATIVA DE ELETRIFICAÇÃO RURAL ANITA GARIBALDI LTDA,Cergal — COOPERATIVA DE ELETRIFICAÇÃO RURAL ANITA GARIBALDI LTDA,rural,635,0,0.0,251375,M,54,251375.0,0.0,False,False,0.0,0.0,,pos_2022,REN_1000,True
2025,1,cergal,cergal,Cergal,COOPERATIVA DE ELETRIFICAÇÃO RURAL ANITA GARIBALDI LTDA,Cergal,COOPERATIVA DE ELETRIFICAÇÃO RURAL ANITA GARIBALDI LTDA,Cergal — COOPERATIVA DE ELETRIFICAÇÃO RURAL ANITA GARIBALDI LTDA,urbana,2518,3,428.58000000000004,251375,M,54,251375.0,0.0011914217633042098,False,False,1.1934361014420685,0.0017049428145201394,142.86,pos_2022,REN_1000,True
2025,1,cergapa,cergapa,Cergapa,COOPERATIVA DE ELETRICIDADE DE GRÃO PARÁ,Cergapa,COOPERATIVA DE ELETRICIDADE DE GRÃO PARÁ,Cergapa — COOPERATIVA DE ELETRICIDADE DE GRÃO PARÁ,grupo_a,0,0,0.0,48804,P,93,48804.0,,False,False,0.0,0.0,,pos_2022,REN_1000,True
2025,1,cergapa,cergapa,Cergapa,COOPERATIVA DE ELETRICIDADE DE GRÃO PARÁ,Cergapa,COOPERATIVA DE ELETRICIDADE DE GRÃO PARÁ,Cergapa — COOPERATIVA DE ELETRICIDADE DE GRÃO PARÁ,nao_classificado,1113,0,0.0,48804,P,93,48804.0,0.0,False,False,0.0,0.0,,pos_2022,REN_1000,True
2025,1,cergapa,cergapa,Cergapa,COOPERATIVA DE ELETRICIDADE DE GRÃO PARÁ,Cergapa,COOPERATIVA DE ELETRICIDADE DE GRÃO PARÁ,Cergapa — COOPERATIVA DE ELETRICIDADE DE GRÃO PARÁ,rural,265,0,0.0,48804,P,93,48804.0,0.0,False,False,0.0,0.0,,pos_2022,REN_1000,True
2025,1,cergapa,cergapa,Cergapa,COOPERATIVA DE ELETRICIDADE DE GRÃO PARÁ,Cergapa,COOPERATIVA DE ELETRICIDADE DE GRÃO PARÁ,Cergapa — COOPERATIVA DE ELETRICIDADE DE GRÃO PARÁ,urbana,166,0,0.0,48804,P,93,48804.0,0.0,False,False,0.0,0.0,,pos_2022,REN_1000,True
2025,1,cergral,cergral,Cergral,COOPERATIVA DE ELETRICIDADE DE GRAVATAL,Cergral,COOPERATIVA DE ELETRICIDADE DE GRAVATAL,Cergral — COOPERATIVA DE ELETRICIDADE DE GRAVATAL,grupo_a,0,0,0.0,86946,P,83,86946.0,,False,False,0.0,0.0,,pos_2022,REN_1000,True
2025,1,cergral,cergral,Cergral,COOPERATIVA DE ELETRICIDADE DE GRAVATAL,Cergral,COOPERATIVA DE ELETRICIDADE DE GRAVATAL,Cergral — COOPERATIVA DE ELETRICIDADE DE GRAVATAL,nao_classificado,22664,9,658.9,86946,P,83,86946.0,0.0003971055418284504,False,False,10.351252501552688,0.007578266970303406,73.21111111111111,pos_2022,REN_1000,True
2025,1,cergral,cergral,Cergral,COOPERATIVA DE ELETRICIDADE DE GRAVATAL,Cergral,COOPERATIVA DE ELETRICIDADE DE GRAVATAL,Cergral — COOPERATIVA DE ELETRICIDADE DE GRAVATAL,rural,1595,0,0.0,86946,P,83,86946.0,0.0,False,False,0.0,0.0,,pos_2022,REN_1000,True
2025,1,cergral,cergral,Cergral,COOPERATIVA DE ELETRICIDADE DE GRAVATAL,Cergral,COOPERATIVA DE ELETRICIDADE DE GRAVATAL,Cergral — COOPERATIVA DE ELETRICIDADE DE GRAVATAL,urbana,1245,2,166.24,86946,P,83,86946.0,0.001606425702811245,False,False,2.300278333678375,0.0019119913509534655,83.12,pos_2022,REN_1000,True
2025,1,ceriluz,ceriluz,Ceriluz,COOPERATIVA REGIONAL DE ENERGIA E DESENVOLVIMENTO IJUÍ LTDA,Ceriluz,COOPERATIVA REGIONAL DE ENERGIA E DESENVOLVIMENTO IJUÍ LTDA,Ceriluz — COOPERATIVA REGIONAL DE ENERGIA E DESENVOLVIMENTO IJUÍ LTDA,grupo_a,0,0,0.0,188457,M,66,188457.0,,False,False,0.0,0.0,,pos_2022,REN_1000,True
2025,1,ceriluz,ceriluz,Ceriluz,COOPERATIVA REGIONAL DE ENERGIA E DESENVOLVIMENTO IJUÍ LTDA,Ceriluz,COOPERATIVA REGIONAL DE ENERGIA E DESENVOLVIMENTO IJUÍ LTDA,Ceriluz — COOPERATIVA REGIONAL DE ENERGIA E DESENVOLVIMENTO IJUÍ LTDA,nao_classificado,59048,5,0.0,188457,M,66,188457.0,8.467687305243192e-05,False,False,2.6531251160742237,0.0,0.0,pos_2022,REN_1000,True
2025,1,ceriluz,ceriluz,Ceriluz,COOPERATIVA REGIONAL DE ENERGIA E DESENVOLVIMENTO IJUÍ LTDA,Ceriluz,COOPERATIVA REGIONAL DE ENERGIA E DESENVOLVIMENTO IJUÍ LTDA,Ceriluz — COOPERATIVA REGIONAL DE ENERGIA E DESENVOLVIMENTO IJUÍ LTDA,rural,1037,0,0.0,188457,M,66,188457.0,0.0,False,False,0.0,0.0,,pos_2022,REN_1000,True
2025,1,ceriluz,ceriluz,Ceriluz,COOPERATIVA REGIONAL DE ENERGIA E DESENVOLVIMENTO IJUÍ LTDA,Ceriluz,COOPERATIVA REGIONAL DE ENERGIA E DESENVOLVIMENTO IJUÍ LTDA,Ceriluz — COOPERATIVA REGIONAL DE ENERGIA E DESENVOLVIMENTO IJUÍ LTDA,urbana,267,2,296.46,188457,M,66,188457.0,0.00749063670411985,False,False,1.0612500464296897,0.0015730909438227286,148.23,pos_2022,REN_1000,True
2025,1,cerim,cerim,Cerim,COOPERATIVA DE ELETRIFICAÇÃO E DESENVOLVIMENTO DA REGIÃO DE ITU-MAIRINQUE,Cerim,COOPERATIVA DE ELETRIFICAÇÃO E DESENVOLVIMENTO DA REGIÃO DE ITU-MAIRINQUE,Cerim — COOPERATIVA DE ELETRIFICAÇÃO E DESENVOLVIMENTO DA REGIÃO DE ITU-MAIRINQUE,grupo_a,0,0,0.0,202961,M,63,202961.0,,False,False,0.0,0.0,,pos_2022,REN_1000,True
2025,1,cerim,cerim,Cerim,COOPERATIVA DE ELETRIFICAÇÃO E DESENVOLVIMENTO DA REGIÃO DE ITU-MAIRINQUE,Cerim,COOPERATIVA DE ELETRIFICAÇÃO E DESENVOLVIMENTO DA REGIÃO DE ITU-MAIRINQUE,Cerim — COOPERATIVA DE ELETRIFICAÇÃO E DESENVOLVIMENTO DA REGIÃO DE ITU-MAIRINQUE,nao_classificado,64224,18,4794.45,202961,M,63,202961.0,0.0002802690582959641,False,False,8.86869891259897,0.02362251861195008,266.35833333333335,pos_2022,REN_1000,True
2025,1,cerim,cerim,Cerim,COOPERATIVA DE ELETRIFICAÇÃO E DESENVOLVIMENTO DA REGIÃO DE ITU-MAIRINQUE,Cerim,COOPERATIVA DE ELETRIFICAÇÃO E DESENVOLVIMENTO DA REGIÃO DE ITU-MAIRINQUE,Cerim — COOPERATIVA DE ELETRIFICAÇÃO E DESENVOLVIMENTO DA REGIÃO DE ITU-MAIRINQUE,rural,1542,2,547.46,202961,M,63,202961.0,0.0012970168612191958,False,False,0.9854109902887748,0.0026973655037174633,273.73,pos_2022,REN_1000,True
2025,1,cerim,cerim,Cerim,COOPERATIVA DE ELETRIFICAÇÃO E DESENVOLVIMENTO DA REGIÃO DE ITU-MAIRINQUE,Cerim,COOPERATIVA DE ELETRIFICAÇÃO E DESENVOLVIMENTO DA REGIÃO DE ITU-MAIRINQUE,Cerim — COOPERATIVA DE ELETRIFICAÇÃO E DESENVOLVIMENTO DA REGIÃO DE ITU-MAIRINQUE,urbana,2936,1,1272.84,202961,M,63,202961.0,0.0003405994550408719,False,False,0.4927054951443874,0.00627135262439582,1272.84,pos_2022,REN_1000,True
2025,1,ceripa,ceripa,Ceripa,COOPERATIVA DE ELETRIFICAÇÃO RURAL DE ITAÍ-PARANAPANEMA-AVARÉ,Ceripa,COOPERATIVA DE ELETRIFICAÇÃO RURAL DE ITAÍ-PARANAPANEMA-AVARÉ,Ceripa — COOPERATIVA DE ELETRIFICAÇÃO RURAL DE ITAÍ-PARANAPANEMA-AVARÉ,grupo_a,0,0,0.0,75708,P,85,75708.0,,False,False,0.0,0.0,,pos_2022,REN_1000,True
2025,1,ceripa,ceripa,Ceripa,COOPERATIVA DE ELETRIFICAÇÃO RURAL DE ITAÍ-PARANAPANEMA-AVARÉ,Ceripa,COOPERATIVA DE ELETRIFICAÇÃO RURAL DE ITAÍ-PARANAPANEMA-AVARÉ,Ceripa — COOPERATIVA DE ELETRIFICAÇÃO RURAL DE ITAÍ-PARANAPANEMA-AVARÉ,nao_classificado,24305,3,0.0,75708,P,85,75708.0,0.00012343139271754782,False,False,3.962593120938342,0.0,0.0,pos_2022,REN_1000,True
2025,1,ceripa,ceripa,Ceripa,COOPERATIVA DE ELETRIFICAÇÃO RURAL DE ITAÍ-PARANAPANEMA-AVARÉ,Ceripa,COOPERATIVA DE ELETRIFICAÇÃO RURAL DE ITAÍ-PARANAPANEMA-AVARÉ,Ceripa — COOPERATIVA DE ELETRIFICAÇÃO RURAL DE ITAÍ-PARANAPANEMA-AVARÉ,rural,305,0,0.0,75708,P,85,75708.0,0.0,False,False,0.0,0.0,,pos_2022,REN_1000,True
2025,1,ceripa,ceripa,Ceripa,COOPERATIVA DE ELETRIFICAÇÃO RURAL DE ITAÍ-PARANAPANEMA-AVARÉ,Ceripa,COOPERATIVA DE ELETRIFICAÇÃO RURAL DE ITAÍ-PARANAPANEMA-AVARÉ,Ceripa — COOPERATIVA DE ELETRIFICAÇÃO RURAL DE ITAÍ-PARANAPANEMA-AVARÉ,urbana,1150,0,0.0,75708,P,85,75708.0,0.0,False,False,0.0,0.0,,pos_2022,REN_1000,True
2025,1,ceris,ceris,Ceris,COOPERATIVA DE ELETRIFICAÇÃO RURAL DA REGIÃO DE ITAPECERICA DA SERRA,Ceris,COOPERATIVA DE ELETRIFICAÇÃO RURAL DA REGIÃO DE ITAPECERICA DA SERRA,Ceris — COOPERATIVA DE ELETRIFICAÇÃO RURAL DA REGIÃO DE ITAPECERICA DA SERRA,grupo_a,0,0,0.0,89940,P,79,89940.0,,False,False,0.0,0.0,,pos_2022,REN_1000,True
2025,1,ceris,ceris,Ceris,COOPERATIVA DE ELETRIFICAÇÃO RURAL DA REGIÃO DE ITAPECERICA DA SERRA,Ceris,COOPERATIVA DE ELETRIFICAÇÃO RURAL DA REGIÃO DE ITAPECERICA DA SERRA,Ceris — COOPERATIVA DE ELETRIFICAÇÃO RURAL DA REGIÃO DE ITAPECERICA DA SERRA,nao_classificado,20166,7,505.06,89940,P,79,89940.0,0.0003471189130219181,False,False,7.782966422059151,0.005615521458750278,72.15142857142857,pos_2022,REN_1000,True
2025,1,ceris,ceris,Ceris,COOPERATIVA DE ELETRIFICAÇÃO RURAL DA REGIÃO DE ITAPECERICA DA SERRA,Ceris,COOPERATIVA DE ELETRIFICAÇÃO RURAL DA REGIÃO DE ITAPECERICA DA SERRA,Ceris — COOPERATIVA DE ELETRIFICAÇÃO RURAL DA REGIÃO DE ITAPECERICA DA SERRA,rural,725,3,177.01,89940,P,79,89940.0,0.004137931034482759,False,False,3.33555703802535,0.0019680898376695575,59.00333333333333,pos_2022,REN_1000,True
2025,1,ceris,ceris,Ceris,COOPERATIVA DE ELETRIFICAÇÃO RURAL DA REGIÃO DE ITAPECERICA DA SERRA,Ceris,COOPERATIVA DE ELETRIFICAÇÃO RURAL DA REGIÃO DE ITAPECERICA DA SERRA,Ceris — COOPERATIVA DE ELETRIFICAÇÃO RURAL DA REGIÃO DE ITAPECERICA DA SERRA,urbana,262,4,52.19,89940,P,79,89940.0,0.015267175572519083,False,False,4.4474093840338,0.0005802757393818101,13.0475,pos_2022,REN_1000,True
2025,1,cermc,cermc,Cermc,COOPERATIVA DE ELETRIFICAÇÃO E DESENVOLVIMENTO DA REGIÃO DE MOGI DAS CRUZES,Cermc,COOPERATIVA DE ELETRIFICAÇÃO E DESENVOLVIMENTO DA REGIÃO DE MOGI DAS CRUZES,Cermc — COOPERATIVA DE ELETRIFICAÇÃO E DESENVOLVIMENTO DA REGIÃO DE MOGI DAS CRUZES,grupo_a,0,0,0.0,44123,P,95,44123.0,,False,False,0.0,0.0,,pos_2022,REN_1000,True
2025,1,cermc,cermc,Cermc,COOPERATIVA DE ELETRIFICAÇÃO E DESENVOLVIMENTO DA REGIÃO DE MOGI DAS CRUZES,Cermc,COOPERATIVA DE ELETRIFICAÇÃO E DESENVOLVIMENTO DA REGIÃO DE MOGI DAS CRUZES,Cermc — COOPERATIVA DE ELETRIFICAÇÃO E DESENVOLVIMENTO DA REGIÃO DE MOGI DAS CRUZES,nao_classificado,13468,14,0.0,44123,P,95,44123.0,0.0010395010395010396,False,False,31.729483489336626,0.0,0.0,pos_2022,REN_1000,True
2025,1,cermc,cermc,Cermc,COOPERATIVA DE ELETRIFICAÇÃO E DESENVOLVIMENTO DA REGIÃO DE MOGI DAS CRUZES,Cermc,COOPERATIVA DE ELETRIFICAÇÃO E DESENVOLVIMENTO DA REGIÃO DE MOGI DAS CRUZES,Cermc — COOPERATIVA DE ELETRIFICAÇÃO E DESENVOLVIMENTO DA REGIÃO DE MOGI DAS CRUZES,rural,363,4,0.0,44123,P,95,44123.0,0.011019283746556474,False,False,9.065566711239036,0.0,0.0,pos_2022,REN_1000,True
2025,1,cermc,cermc,Cermc,COOPERATIVA DE ELETRIFICAÇÃO E DESENVOLVIMENTO DA REGIÃO DE MOGI DAS CRUZES,Cermc,COOPERATIVA DE ELETRIFICAÇÃO E DESENVOLVIMENTO DA REGIÃO DE MOGI DAS CRUZES,Cermc — COOPERATIVA DE ELETRIFICAÇÃO E DESENVOLVIMENTO DA REGIÃO DE MOGI DAS CRUZES,urbana,263,1,0.0,44123,P,95,44123.0,0.0038022813688212928,False,False,2.266391677809759,0.0,0.0,pos_2022,REN_1000,True
2025,1,cermissoes,cermissoes,Cermissões,COOPERATIVA DE DISTRIBUIÇÃO E GERAÇÃO DE ENERGIA DAS MISSÕES,Cermissões,COOPERATIVA DE DISTRIBUIÇÃO E GERAÇÃO DE ENERGIA DAS MISSÕES,Cermissões — COOPERATIVA DE DISTRIBUIÇÃO E GERAÇÃO DE ENERGIA DAS MISSÕES,grupo_a,0,0,0.0,348307,G,49,348307.0,,False,False,0.0,0.0,,pos_2022,REN_1000,True
2025,1,cermissoes,cermissoes,Cermissões,COOPERATIVA DE DISTRIBUIÇÃO E GERAÇÃO DE ENERGIA DAS MISSÕES,Cermissões,COOPERATIVA DE DISTRIBUIÇÃO E GERAÇÃO DE ENERGIA DAS MISSÕES,Cermissões — COOPERATIVA DE DISTRIBUIÇÃO E GERAÇÃO DE ENERGIA DAS MISSÕES,nao_classificado,67127,110,9979.73,348307,G,49,348307.0,0.0016386848808974035,False,False,31.581334856893484,0.028652108628307783,90.72481818181818,pos_2022,REN_1000,True
2025,1,cermissoes,cermissoes,Cermissões,COOPERATIVA DE DISTRIBUIÇÃO E GERAÇÃO DE ENERGIA DAS MISSÕES,Cermissões,COOPERATIVA DE DISTRIBUIÇÃO E GERAÇÃO DE ENERGIA DAS MISSÕES,Cermissões — COOPERATIVA DE DISTRIBUIÇÃO E GERAÇÃO DE ENERGIA DAS MISSÕES,rural,7981,18,1033.52,348307,G,49,348307.0,0.0022553564716200976,False,False,5.16785479476439,0.0029672673819360505,57.41777777777778,pos_2022,REN_1000,True
2025,1,cermissoes,cermissoes,Cermissões,COOPERATIVA DE DISTRIBUIÇÃO E GERAÇÃO DE ENERGIA DAS MISSÕES,Cermissões,COOPERATIVA DE DISTRIBUIÇÃO E GERAÇÃO DE ENERGIA DAS MISSÕES,Cermissões — COOPERATIVA DE DISTRIBUIÇÃO E GERAÇÃO DE ENERGIA DAS MISSÕES,urbana,8508,14,3219.1,348307,G,49,348307.0,0.0016455101081335214,False,False,4.01944261815008,0.009242134094347803,229.93571428571428,pos_2022,REN_1000,True
2025,1,cermoful,cermoful,Cermoful,COOPERATIVA FUMACENSE DE ELETRICIDADE,Cermoful,COOPERATIVA FUMACENSE DE ELETRICIDADE,Cermoful — COOPERATIVA FUMACENSE DE ELETRICIDADE,grupo_a,0,0,0.0,184887,M,67,184887.0,,False,False,0.0,0.0,,pos_2022,REN_1000,True
2025,1,cermoful,cermoful,Cermoful,COOPERATIVA FUMACENSE DE ELETRICIDADE,Cermoful,COOPERATIVA FUMACENSE DE ELETRICIDADE,Cermoful — COOPERATIVA FUMACENSE DE ELETRICIDADE,nao_classificado,38231,21,0.0,184887,M,67,184887.0,0.0005492924589992414,False,False,11.358289117136414,0.0,0.0,pos_2022,REN_1000,True
2025,1,cermoful,cermoful,Cermoful,COOPERATIVA FUMACENSE DE ELETRICIDADE,Cermoful,COOPERATIVA FUMACENSE DE ELETRICIDADE,Cermoful — COOPERATIVA FUMACENSE DE ELETRICIDADE,rural,223,0,0.0,184887,M,67,184887.0,0.0,False,False,0.0,0.0,,pos_2022,REN_1000,True
2025,1,cermoful,cermoful,Cermoful,COOPERATIVA FUMACENSE DE ELETRICIDADE,Cermoful,COOPERATIVA FUMACENSE DE ELETRICIDADE,Cermoful — COOPERATIVA FUMACENSE DE ELETRICIDADE,urbana,3193,7,1021.98,184887,M,67,184887.0,0.002192295646727216,False,False,3.7860963723788044,0.005527592529490986,145.99714285714285,pos_2022,REN_1000,True
2025,1,cernhe,cernhe,Cernhe,COOPERATIVA DE ELETRIFICAÇÃO E DESENVOLVIMENTO RURAL DA REGIÃO DE NOVO HORIZONTE,Cernhe,COOPERATIVA DE ELETRIFICAÇÃO E DESENVOLVIMENTO RURAL DA REGIÃO DE NOVO HORIZONTE,Cernhe — COOPERATIVA DE ELETRIFICAÇÃO E DESENVOLVIMENTO RURAL DA REGIÃO DE NOVO HORIZONTE,grupo_a,0,0,0.0,57970,P,90,57970.0,,False,False,0.0,0.0,,pos_2022,REN_1000,True
2025,1,cernhe,cernhe,Cernhe,COOPERATIVA DE ELETRIFICAÇÃO E DESENVOLVIMENTO RURAL DA REGIÃO DE NOVO HORIZONTE,Cernhe,COOPERATIVA DE ELETRIFICAÇÃO E DESENVOLVIMENTO RURAL DA REGIÃO DE NOVO HORIZONTE,Cernhe — COOPERATIVA DE ELETRIFICAÇÃO E DESENVOLVIMENTO RURAL DA REGIÃO DE NOVO HORIZONTE,nao_classificado,11072,3,262.29,57970,P,90,57970.0,0.0002709537572254335,False,False,5.175090564084871,0.004524581680179404,87.43,pos_2022,REN_1000,True
2025,1,cernhe,cernhe,Cernhe,COOPERATIVA DE ELETRIFICAÇÃO E DESENVOLVIMENTO RURAL DA REGIÃO DE NOVO HORIZONTE,Cernhe,COOPERATIVA DE ELETRIFICAÇÃO E DESENVOLVIMENTO RURAL DA REGIÃO DE NOVO HORIZONTE,Cernhe — COOPERATIVA DE ELETRIFICAÇÃO E DESENVOLVIMENTO RURAL DA REGIÃO DE NOVO HORIZONTE,rural,300,0,0.0,57970,P,90,57970.0,0.0,False,False,0.0,0.0,,pos_2022,REN_1000,True
2025,1,cernhe,cernhe,Cernhe,COOPERATIVA DE ELETRIFICAÇÃO E DESENVOLVIMENTO RURAL DA REGIÃO DE NOVO HORIZONTE,Cernhe,COOPERATIVA DE ELETRIFICAÇÃO E DESENVOLVIMENTO RURAL DA REGIÃO DE NOVO HORIZONTE,Cernhe — COOPERATIVA DE ELETRIFICAÇÃO E DESENVOLVIMENTO RURAL DA REGIÃO DE NOVO HORIZONTE,urbana,0,0,0.0,57970,P,90,57970.0,,False,False,0.0,0.0,,pos_2022,REN_1000,True
2025,1,cerpalo,cerpalo,Cerpalo,COOPERATIVA DE ELETRIFICAÇÃO DE PAULO LOPES,Cerpalo,COOPERATIVA DE ELETRIFICAÇÃO DE PAULO LOPES,Cerpalo — COOPERATIVA DE ELETRIFICAÇÃO DE PAULO LOPES,grupo_a,0,0,0.0,216615,M,60,216615.0,,False,False,0.0,0.0,,pos_2022,REN_1000,True
2025,1,cerpalo,cerpalo,Cerpalo,COOPERATIVA DE ELETRIFICAÇÃO DE PAULO LOPES,Cerpalo,COOPERATIVA DE ELETRIFICAÇÃO DE PAULO LOPES,Cerpalo — COOPERATIVA DE ELETRIFICAÇÃO DE PAULO LOPES,nao_classificado,92898,8,0.0,216615,M,60,216615.0,8.611595513358737e-05,False,False,3.693188375689587,0.0,0.0,pos_2022,REN_1000,True
2025,1,cerpalo,cerpalo,Cerpalo,COOPERATIVA DE ELETRIFICAÇÃO DE PAULO LOPES,Cerpalo,COOPERATIVA DE ELETRIFICAÇÃO DE PAULO LOPES,Cerpalo — COOPERATIVA DE ELETRIFICAÇÃO DE PAULO LOPES,rural,358,1,0.0,216615,M,60,216615.0,0.002793296089385475,False,False,0.4616485469611984,0.0,0.0,pos_2022,REN_1000,True
2025,1,cerpalo,cerpalo,Cerpalo,COOPERATIVA DE ELETRIFICAÇÃO DE PAULO LOPES,Cerpalo,COOPERATIVA DE ELETRIFICAÇÃO DE PAULO LOPES,Cerpalo — COOPERATIVA DE ELETRIFICAÇÃO DE PAULO LOPES,urbana,4947,2,0.0,216615,M,60,216615.0,0.0004042854255104103,False,False,0.9232970939223968,0.0,0.0,pos_2022,REN_1000,True
2025,1,cerpro,cerpro,Cerpro,COOPERATIVA DE ELETRIFICAÇÃO RURAL DA REGIÃO DE PROMISSÃO,Cerpro,COOPERATIVA DE ELETRIFICAÇÃO RURAL DA REGIÃO DE PROMISSÃO,Cerpro — COOPERATIVA DE ELETRIFICAÇÃO RURAL DA REGIÃO DE PROMISSÃO,grupo_a,0,0,0.0,26244,P,99,26244.0,,False,False,0.0,0.0,,pos_2022,REN_1000,True
2025,1,cerpro,cerpro,Cerpro,COOPERATIVA DE ELETRIFICAÇÃO RURAL DA REGIÃO DE PROMISSÃO,Cerpro,COOPERATIVA DE ELETRIFICAÇÃO RURAL DA REGIÃO DE PROMISSÃO,Cerpro — COOPERATIVA DE ELETRIFICAÇÃO RURAL DA REGIÃO DE PROMISSÃO,nao_classificado,3343,2,597.1600000000001,26244,P,99,26244.0,0.0005982650314089142,False,False,7.620789513793629,0.02275415333028502,298.58000000000004,pos_2022,REN_1000,True
2025,1,cerpro,cerpro,Cerpro,COOPERATIVA DE ELETRIFICAÇÃO RURAL DA REGIÃO DE PROMISSÃO,Cerpro,COOPERATIVA DE ELETRIFICAÇÃO RURAL DA REGIÃO DE PROMISSÃO,Cerpro — COOPERATIVA DE ELETRIFICAÇÃO RURAL DA REGIÃO DE PROMISSÃO,rural,160,0,0.0,26244,P,99,26244.0,0.0,False,False,0.0,0.0,,pos_2022,REN_1000,True
2025,1,cerpro,cerpro,Cerpro,COOPERATIVA DE ELETRIFICAÇÃO RURAL DA REGIÃO DE PROMISSÃO,Cerpro,COOPERATIVA DE ELETRIFICAÇÃO RURAL DA REGIÃO DE PROMISSÃO,Cerpro — COOPERATIVA DE ELETRIFICAÇÃO RURAL DA REGIÃO DE PROMISSÃO,urbana,133,0,0.0,26244,P,99,26244.0,0.0,False,False,0.0,0.0,,pos_2022,REN_1000,True
2025,1,cerrp,cerrp,Cerrp,COOPERATIVA DE ELETRIFICAÇÃO E DESENVOLVIMENTO DA REGIÃO DE SÃO JOSÉ DO RIO PRETO,Cerrp,COOPERATIVA DE ELETRIFICAÇÃO E DESENVOLVIMENTO DA REGIÃO DE SÃO JOSÉ DO RIO PRETO,Cerrp — COOPERATIVA DE ELETRIFICAÇÃO E DESENVOLVIMENTO DA REGIÃO DE SÃO JOSÉ DO RIO PRETO,grupo_a,0,0,0.0,39714,P,96,39714.0,,False,False,0.0,0.0,,pos_2022,REN_1000,True
2025,1,cerrp,cerrp,Cerrp,COOPERATIVA DE ELETRIFICAÇÃO E DESENVOLVIMENTO DA REGIÃO DE SÃO JOSÉ DO RIO PRETO,Cerrp,COOPERATIVA DE ELETRIFICAÇÃO E DESENVOLVIMENTO DA REGIÃO DE SÃO JOSÉ DO RIO PRETO,Cerrp — COOPERATIVA DE ELETRIFICAÇÃO E DESENVOLVIMENTO DA REGIÃO DE SÃO JOSÉ DO RIO PRETO,nao_classificado,13178,1,0.0,39714,P,96,39714.0,7.588404917286387e-05,False,False,2.518003726645515,0.0,0.0,pos_2022,REN_1000,True
2025,1,cerrp,cerrp,Cerrp,COOPERATIVA DE ELETRIFICAÇÃO E DESENVOLVIMENTO DA REGIÃO DE SÃO JOSÉ DO RIO PRETO,Cerrp,COOPERATIVA DE ELETRIFICAÇÃO E DESENVOLVIMENTO DA REGIÃO DE SÃO JOSÉ DO RIO PRETO,Cerrp — COOPERATIVA DE ELETRIFICAÇÃO E DESENVOLVIMENTO DA REGIÃO DE SÃO JOSÉ DO RIO PRETO,rural,494,0,0.0,39714,P,96,39714.0,0.0,False,False,0.0,0.0,,pos_2022,REN_1000,True
2025,1,cerrp,cerrp,Cerrp,COOPERATIVA DE ELETRIFICAÇÃO E DESENVOLVIMENTO DA REGIÃO DE SÃO JOSÉ DO RIO PRETO,Cerrp,COOPERATIVA DE ELETRIFICAÇÃO E DESENVOLVIMENTO DA REGIÃO DE SÃO JOSÉ DO RIO PRETO,Cerrp — COOPERATIVA DE ELETRIFICAÇÃO E DESENVOLVIMENTO DA REGIÃO DE SÃO JOSÉ DO RIO PRETO,urbana,50,0,0.0,39714,P,96,39714.0,0.0,False,False,0.0,0.0,,pos_2022,REN_1000,True
2025,1,cersad,cersad,Cersad,COOPERATIVA DE DISTRIBUIÇÃO DE ENERGIA ELÉTRICA SALTO DONNER,Cersad,COOPERATIVA DE DISTRIBUIÇÃO DE ENERGIA ELÉTRICA SALTO DONNER,Cersad — COOPERATIVA DE DISTRIBUIÇÃO DE ENERGIA ELÉTRICA SALTO DONNER,grupo_a,0,0,0.0,17261,P,101,17261.0,,False,False,0.0,0.0,,pos_2022,REN_1000,True
2025,1,cersad,cersad,Cersad,COOPERATIVA DE DISTRIBUIÇÃO DE ENERGIA ELÉTRICA SALTO DONNER,Cersad,COOPERATIVA DE DISTRIBUIÇÃO DE ENERGIA ELÉTRICA SALTO DONNER,Cersad — COOPERATIVA DE DISTRIBUIÇÃO DE ENERGIA ELÉTRICA SALTO DONNER,nao_classificado,1512,5,242.48,17261,P,101,17261.0,0.0033068783068783067,False,False,28.96703551358554,0.014047853542668442,48.495999999999995,pos_2022,REN_1000,True
2025,1,cersad,cersad,Cersad,COOPERATIVA DE DISTRIBUIÇÃO DE ENERGIA ELÉTRICA SALTO DONNER,Cersad,COOPERATIVA DE DISTRIBUIÇÃO DE ENERGIA ELÉTRICA SALTO DONNER,Cersad — COOPERATIVA DE DISTRIBUIÇÃO DE ENERGIA ELÉTRICA SALTO DONNER,rural,174,1,89.83,17261,P,101,17261.0,0.005747126436781609,False,False,5.793407102717108,0.005204217600370778,89.83,pos_2022,REN_1000,True
2025,1,cersad,cersad,Cersad,COOPERATIVA DE DISTRIBUIÇÃO DE ENERGIA ELÉTRICA SALTO DONNER,Cersad,COOPERATIVA DE DISTRIBUIÇÃO DE ENERGIA ELÉTRICA SALTO DONNER,Cersad — COOPERATIVA DE DISTRIBUIÇÃO DE ENERGIA ELÉTRICA SALTO DONNER,urbana,0,0,0.0,17261,P,101,17261.0,,False,False,0.0,0.0,,pos_2022,REN_1000,True
2025,1,cersul,cersul,Cersul,COOPERATIVA DE DISTRIBUIÇÃOI DE ENERGIA,Cersul,COOPERATIVA DE DISTRIBUIÇÃOI DE ENERGIA,Cersul — COOPERATIVA DE DISTRIBUIÇÃOI DE ENERGIA,grupo_a,0,0,0.0,226782,M,57,226782.0,,False,False,0.0,0.0,,pos_2022,REN_1000,True
2025,1,cersul,cersul,Cersul,COOPERATIVA DE DISTRIBUIÇÃOI DE ENERGIA,Cersul,COOPERATIVA DE DISTRIBUIÇÃOI DE ENERGIA,Cersul — COOPERATIVA DE DISTRIBUIÇÃOI DE ENERGIA,nao_classificado,57251,5,1274.67,226782,M,57,226782.0,8.733471904420883e-05,False,False,2.2047605189124355,0.005620684181284229,254.93400000000003,pos_2022,REN_1000,True
2025,1,cersul,cersul,Cersul,COOPERATIVA DE DISTRIBUIÇÃOI DE ENERGIA,Cersul,COOPERATIVA DE DISTRIBUIÇÃOI DE ENERGIA,Cersul — COOPERATIVA DE DISTRIBUIÇÃOI DE ENERGIA,rural,1231,0,0.0,226782,M,57,226782.0,0.0,False,False,0.0,0.0,,pos_2022,REN_1000,True
2025,1,cersul,cersul,Cersul,COOPERATIVA DE DISTRIBUIÇÃOI DE ENERGIA,Cersul,COOPERATIVA DE DISTRIBUIÇÃOI DE ENERGIA,Cersul — COOPERATIVA DE DISTRIBUIÇÃOI DE ENERGIA,urbana,1278,0,0.0,226782,M,57,226782.0,0.0,False,False,0.0,0.0,,pos_2022,REN_1000,True
2025,1,certaja,certaja_energia,Certaja Energia,COOPERATIVA REGIONAL DE ENERGIA TAQUARI JACUÍ,Certaja Energia,COOPERATIVA REGIONAL DE ENERGIA TAQUARI JACUÍ,Certaja Energia — COOPERATIVA REGIONAL DE ENERGIA TAQUARI JACUÍ,grupo_a,0,0,0.0,243207,M,56,243207.0,,False,False,0.0,0.0,,pos_2022,REN_1000,True
2025,1,certaja,certaja_energia,Certaja Energia,COOPERATIVA REGIONAL DE ENERGIA TAQUARI JACUÍ,Certaja Energia,COOPERATIVA REGIONAL DE ENERGIA TAQUARI JACUÍ,Certaja Energia — COOPERATIVA REGIONAL DE ENERGIA TAQUARI JACUÍ,nao_classificado,64190,28,1437.69,243207,M,56,243207.0,0.0004362050163576881,False,False,11.512826522262928,0.005911384129568639,51.34607142857143,pos_2022,REN_1000,True
2025,1,certaja,certaja_energia,Certaja Energia,COOPERATIVA REGIONAL DE ENERGIA TAQUARI JACUÍ,Certaja Energia,COOPERATIVA REGIONAL DE ENERGIA TAQUARI JACUÍ,Certaja Energia — COOPERATIVA REGIONAL DE ENERGIA TAQUARI JACUÍ,rural,7389,13,760.77,243207,M,56,243207.0,0.0017593720395182027,False,False,5.345240885336359,0.0031280760833364172,58.52076923076923,pos_2022,REN_1000,True
2025,1,certaja,certaja_energia,Certaja Energia,COOPERATIVA REGIONAL DE ENERGIA TAQUARI JACUÍ,Certaja Energia,COOPERATIVA REGIONAL DE ENERGIA TAQUARI JACUÍ,Certaja Energia — COOPERATIVA REGIONAL DE ENERGIA TAQUARI JACUÍ,urbana,1982,2,243.36,243207,M,56,243207.0,0.0010090817356205853,False,False,0.8223447515902091,0.0010006290937349665,121.68,pos_2022,REN_1000,True
2025,1,certel,certel_energia,Certel Energia,COOPERATIVA DE DISTRIBUIÇÃO DE ENERGIA TEUTÔNIA,Certel Energia,COOPERATIVA DE DISTRIBUIÇÃO DE ENERGIA TEUTÔNIA,Certel Energia — COOPERATIVA DE DISTRIBUIÇÃO DE ENERGIA TEUTÔNIA,grupo_a,0,0,0.0,921316,G,40,921316.0,,False,False,0.0,0.0,,pos_2022,REN_1000,True
2025,1,certel,certel_energia,Certel Energia,COOPERATIVA DE DISTRIBUIÇÃO DE ENERGIA TEUTÔNIA,Certel Energia,COOPERATIVA DE DISTRIBUIÇÃO DE ENERGIA TEUTÔNIA,Certel Energia — COOPERATIVA DE DISTRIBUIÇÃO DE ENERGIA TEUTÔNIA,nao_classificado,150871,31,6775.47,921316,G,40,921316.0,0.0002054735502515394,False,False,3.3647521588684013,0.007354121712854222,218.56354838709677,pos_2022,REN_1000,True
2025,1,certel,certel_energia,Certel Energia,COOPERATIVA DE DISTRIBUIÇÃO DE ENERGIA TEUTÔNIA,Certel Energia,COOPERATIVA DE DISTRIBUIÇÃO DE ENERGIA TEUTÔNIA,Certel Energia — COOPERATIVA DE DISTRIBUIÇÃO DE ENERGIA TEUTÔNIA,rural,2355,91,85299.73,921316,G,40,921316.0,0.038641188959660296,False,False,9.87717569216208,0.09258466150593281,937.3596703296703,pos_2022,REN_1000,True
2025,1,certel,certel_energia,Certel Energia,COOPERATIVA DE DISTRIBUIÇÃO DE ENERGIA TEUTÔNIA,Certel Energia,COOPERATIVA DE DISTRIBUIÇÃO DE ENERGIA TEUTÔNIA,Certel Energia — COOPERATIVA DE DISTRIBUIÇÃO DE ENERGIA TEUTÔNIA,urbana,10969,42,63149.68,921316,G,40,921316.0,0.0038289725590299937,False,False,4.5586964733055755,0.06854291035866088,1503.5638095238096,pos_2022,REN_1000,True
2025,1,certhil,certhil,Certhil,COOPERATIVA DE DISTRIBUIÇÃO DE ENERGIA ENTRE RIOS LTDA,Certhil,COOPERATIVA DE DISTRIBUIÇÃO DE ENERGIA ENTRE RIOS LTDA,Certhil — COOPERATIVA DE DISTRIBUIÇÃO DE ENERGIA ENTRE RIOS LTDA,grupo_a,0,0,0.0,108405,M,73,108405.0,,False,False,0.0,0.0,,pos_2022,REN_1000,True
2025,1,certhil,certhil,Certhil,COOPERATIVA DE DISTRIBUIÇÃO DE ENERGIA ENTRE RIOS LTDA,Certhil,COOPERATIVA DE DISTRIBUIÇÃO DE ENERGIA ENTRE RIOS LTDA,Certhil — COOPERATIVA DE DISTRIBUIÇÃO DE ENERGIA ENTRE RIOS LTDA,nao_classificado,18898,14,887.1,108405,M,73,108405.0,0.0007408191342999259,False,False,12.914533462478667,0.008183201881832018,63.364285714285714,pos_2022,REN_1000,True
2025,1,certhil,certhil,Certhil,COOPERATIVA DE DISTRIBUIÇÃO DE ENERGIA ENTRE RIOS LTDA,Certhil,COOPERATIVA DE DISTRIBUIÇÃO DE ENERGIA ENTRE RIOS LTDA,Certhil — COOPERATIVA DE DISTRIBUIÇÃO DE ENERGIA ENTRE RIOS LTDA,rural,1011,6,460.11,108405,M,73,108405.0,0.005934718100890208,False,False,5.534800055348001,0.004244361422443614,76.685,pos_2022,REN_1000,True
2025,1,certhil,certhil,Certhil,COOPERATIVA DE DISTRIBUIÇÃO DE ENERGIA ENTRE RIOS LTDA,Certhil,COOPERATIVA DE DISTRIBUIÇÃO DE ENERGIA ENTRE RIOS LTDA,Certhil — COOPERATIVA DE DISTRIBUIÇÃO DE ENERGIA ENTRE RIOS LTDA,urbana,0,0,0.0,108405,M,73,108405.0,,False,False,0.0,0.0,,pos_2022,REN_1000,True
2025,1,certrel,certrel,Certrel,COOPERATIVA DE ENERGIA TREVISO,Certrel,COOPERATIVA DE ENERGIA TREVISO,Certrel — COOPERATIVA DE ENERGIA TREVISO,grupo_a,0,0,0.0,59305,P,88,59305.0,,False,False,0.0,0.0,,pos_2022,REN_1000,True
2025,1,certrel,certrel,Certrel,COOPERATIVA DE ENERGIA TREVISO,Certrel,COOPERATIVA DE ENERGIA TREVISO,Certrel — COOPERATIVA DE ENERGIA TREVISO,nao_classificado,11013,26,2420.34,59305,P,88,59305.0,0.002360846272586943,False,False,43.84116010454431,0.040811735941320294,93.09,pos_2022,REN_1000,True
2025,1,certrel,certrel,Certrel,COOPERATIVA DE ENERGIA TREVISO,Certrel,COOPERATIVA DE ENERGIA TREVISO,Certrel — COOPERATIVA DE ENERGIA TREVISO,rural,445,0,0.0,59305,P,88,59305.0,0.0,False,False,0.0,0.0,,pos_2022,REN_1000,True
2025,1,certrel,certrel,Certrel,COOPERATIVA DE ENERGIA TREVISO,Certrel,COOPERATIVA DE ENERGIA TREVISO,Certrel — COOPERATIVA DE ENERGIA TREVISO,urbana,255,0,0.0,59305,P,88,59305.0,0.0,False,False,0.0,0.0,,pos_2022,REN_1000,True
2025,1,cervam,cervam,Cervam,COOPERATIVA DE ENERGIZAÇÃO E DE DESENVOLVIMENTO DO VALE DO MOGI,Cervam,COOPERATIVA DE ENERGIZAÇÃO E DE DESENVOLVIMENTO DO VALE DO MOGI,Cervam — COOPERATIVA DE ENERGIZAÇÃO E DE DESENVOLVIMENTO DO VALE DO MOGI,grupo_a,0,0,0.0,58385,P,89,58385.0,,False,False,0.0,0.0,,pos_2022,REN_1000,True
2025,1,cervam,cervam,Cervam,COOPERATIVA DE ENERGIZAÇÃO E DE DESENVOLVIMENTO DO VALE DO MOGI,Cervam,COOPERATIVA DE ENERGIZAÇÃO E DE DESENVOLVIMENTO DO VALE DO MOGI,Cervam — COOPERATIVA DE ENERGIZAÇÃO E DE DESENVOLVIMENTO DO VALE DO MOGI,nao_classificado,9280,9,0.0,58385,P,89,58385.0,0.0009698275862068965,False,False,15.414918215295025,0.0,0.0,pos_2022,REN_1000,True
2025,1,cervam,cervam,Cervam,COOPERATIVA DE ENERGIZAÇÃO E DE DESENVOLVIMENTO DO VALE DO MOGI,Cervam,COOPERATIVA DE ENERGIZAÇÃO E DE DESENVOLVIMENTO DO VALE DO MOGI,Cervam — COOPERATIVA DE ENERGIZAÇÃO E DE DESENVOLVIMENTO DO VALE DO MOGI,rural,206,0,0.0,58385,P,89,58385.0,0.0,False,False,0.0,0.0,,pos_2022,REN_1000,True
2025,1,cervam,cervam,Cervam,COOPERATIVA DE ENERGIZAÇÃO E DE DESENVOLVIMENTO DO VALE DO MOGI,Cervam,COOPERATIVA DE ENERGIZAÇÃO E DE DESENVOLVIMENTO DO VALE DO MOGI,Cervam — COOPERATIVA DE ENERGIZAÇÃO E DE DESENVOLVIMENTO DO VALE DO MOGI,urbana,733,0,0.0,58385,P,89,58385.0,0.0,False,False,0.0,0.0,,pos_2022,REN_1000,True
2025,1,cetril,cetril,Cetril,COOPERATIVA DE ELETRIFICAÇÃO DE IBIÚNA E REGIÃO,Cetril,COOPERATIVA DE ELETRIFICAÇÃO DE IBIÚNA E REGIÃO,Cetril — COOPERATIVA DE ELETRIFICAÇÃO DE IBIÚNA E REGIÃO,grupo_a,0,0,0.0,409368,G,48,409368.0,,False,False,0.0,0.0,,pos_2022,REN_1000,True
2025,1,cetril,cetril,Cetril,COOPERATIVA DE ELETRIFICAÇÃO DE IBIÚNA E REGIÃO,Cetril,COOPERATIVA DE ELETRIFICAÇÃO DE IBIÚNA E REGIÃO,Cetril — COOPERATIVA DE ELETRIFICAÇÃO DE IBIÚNA E REGIÃO,nao_classificado,96384,15,1426.95,409368,G,48,409368.0,0.00015562749003984063,False,False,3.6641847921674384,0.0034857389927888845,95.13000000000001,pos_2022,REN_1000,True
2025,1,cetril,cetril,Cetril,COOPERATIVA DE ELETRIFICAÇÃO DE IBIÚNA E REGIÃO,Cetril,COOPERATIVA DE ELETRIFICAÇÃO DE IBIÚNA E REGIÃO,Cetril — COOPERATIVA DE ELETRIFICAÇÃO DE IBIÚNA E REGIÃO,rural,8794,6,252.7,409368,G,48,409368.0,0.0006822833750284285,False,False,1.4656739168669755,0.0006172929979871411,42.11666666666667,pos_2022,REN_1000,True
2025,1,cetril,cetril,Cetril,COOPERATIVA DE ELETRIFICAÇÃO DE IBIÚNA E REGIÃO,Cetril,COOPERATIVA DE ELETRIFICAÇÃO DE IBIÚNA E REGIÃO,Cetril — COOPERATIVA DE ELETRIFICAÇÃO DE IBIÚNA E REGIÃO,urbana,0,0,0.0,409368,G,48,409368.0,,False,False,0.0,0.0,,pos_2022,REN_1000,True
2025,1,chesp,chesp,Chesp,COMPANHIA HIDROELÉTRICA SÃO PATRÍCIO,Chesp,COMPANHIA HIDROELÉTRICA SÃO PATRÍCIO,Chesp — COMPANHIA HIDROELÉTRICA SÃO PATRÍCIO,grupo_a,0,0,0.0,467262,G,46,467262.0,,False,False,0.0,0.0,,pos_2022,REN_1000,True
2025,1,chesp,chesp,Chesp,COMPANHIA HIDROELÉTRICA SÃO PATRÍCIO,Chesp,COMPANHIA HIDROELÉTRICA SÃO PATRÍCIO,Chesp — COMPANHIA HIDROELÉTRICA SÃO PATRÍCIO,nao_classificado,56284,261,0.0,467262,G,46,467262.0,0.00463719707199204,False,False,55.8573134558342,0.0,0.0,pos_2022,REN_1000,True
2025,1,chesp,chesp,Chesp,COMPANHIA HIDROELÉTRICA SÃO PATRÍCIO,Chesp,COMPANHIA HIDROELÉTRICA SÃO PATRÍCIO,Chesp — COMPANHIA HIDROELÉTRICA SÃO PATRÍCIO,rural,766,37,202.5,467262,G,46,467262.0,0.048302872062663184,False,False,7.918469723624005,0.00043337570784698947,5.472972972972973,pos_2022,REN_1000,True
2025,1,chesp,chesp,Chesp,COMPANHIA HIDROELÉTRICA SÃO PATRÍCIO,Chesp,COMPANHIA HIDROELÉTRICA SÃO PATRÍCIO,Chesp — COMPANHIA HIDROELÉTRICA SÃO PATRÍCIO,urbana,7131,9,107.32,467262,G,46,467262.0,0.0012620950778291964,False,False,1.926114257097731,0.00022967842452414276,11.924444444444443,pos_2022,REN_1000,True
2025,1,cocel,cocel,Cocel,COMPANHIA CAMPOLARGUENSE DE ENERGIA,Cocel,COMPANHIA CAMPOLARGUENSE DE ENERGIA,Cocel — COMPANHIA CAMPOLARGUENSE DE ENERGIA,grupo_a,0,0,0.0,659259,G,41,659259.0,,False,False,0.0,0.0,,pos_2022,REN_1000,True
2025,1,cocel,cocel,Cocel,COMPANHIA CAMPOLARGUENSE DE ENERGIA,Cocel,COMPANHIA CAMPOLARGUENSE DE ENERGIA,Cocel — COMPANHIA CAMPOLARGUENSE DE ENERGIA,nao_classificado,173874,30,8790.58,659259,G,41,659259.0,0.00017253873494599539,False,False,4.550563587300287,0.013334031086416719,293.01933333333335,pos_2022,REN_1000,True
2025,1,cocel,cocel,Cocel,COMPANHIA CAMPOLARGUENSE DE ENERGIA,Cocel,COMPANHIA CAMPOLARGUENSE DE ENERGIA,Cocel — COMPANHIA CAMPOLARGUENSE DE ENERGIA,rural,556,5,429.91,659259,G,41,659259.0,0.008992805755395683,False,False,0.7584272645500479,0.0006521109306054222,85.982,pos_2022,REN_1000,True
2025,1,cocel,cocel,Cocel,COMPANHIA CAMPOLARGUENSE DE ENERGIA,Cocel,COMPANHIA CAMPOLARGUENSE DE ENERGIA,Cocel — COMPANHIA CAMPOLARGUENSE DE ENERGIA,urbana,10573,36,7232.1900000000005,659259,G,41,659259.0,0.003404899271729878,False,False,5.460676304760344,0.010970180156812422,200.89416666666668,pos_2022,REN_1000,True
2025,1,coopera,coopera,Coopera,COOPERATIVA PIONEIRA DE ELETRIFICAÇÃO,Coopera,COOPERATIVA PIONEIRA DE ELETRIFICAÇÃO,Coopera — COOPERATIVA PIONEIRA DE ELETRIFICAÇÃO,grupo_a,0,0,0.0,342767,G,50,342767.0,,False,False,0.0,0.0,,pos_2022,REN_1000,True
2025,1,coopera,coopera,Coopera,COOPERATIVA PIONEIRA DE ELETRIFICAÇÃO,Coopera,COOPERATIVA PIONEIRA DE ELETRIFICAÇÃO,Coopera — COOPERATIVA PIONEIRA DE ELETRIFICAÇÃO,nao_classificado,97520,24,1116.6599999999999,342767,G,50,342767.0,0.00024610336341263333,False,False,7.0018409006701345,0.0032577815250592963,46.527499999999996,pos_2022,REN_1000,True
2025,1,coopera,coopera,Coopera,COOPERATIVA PIONEIRA DE ELETRIFICAÇÃO,Coopera,COOPERATIVA PIONEIRA DE ELETRIFICAÇÃO,Coopera — COOPERATIVA PIONEIRA DE ELETRIFICAÇÃO,rural,403,0,0.0,342767,G,50,342767.0,0.0,False,False,0.0,0.0,,pos_2022,REN_1000,True
2025,1,coopera,coopera,Coopera,COOPERATIVA PIONEIRA DE ELETRIFICAÇÃO,Coopera,COOPERATIVA PIONEIRA DE ELETRIFICAÇÃO,Coopera — COOPERATIVA PIONEIRA DE ELETRIFICAÇÃO,urbana,6850,16,1177.3200000000002,342767,G,50,342767.0,0.0023357664233576644,False,False,4.66789393378009,0.003434753053823735,73.58250000000001,pos_2022,REN_1000,True
2025,1,cooperalianca,cooperalianca,Cooperaliança,COOPERATIVA ALIANÇA,Cooperaliança,COOPERATIVA ALIANÇA,Cooperaliança — COOPERATIVA ALIANÇA,grupo_a,0,0,0.0,505321,G,44,505321.0,,False,False,0.0,0.0,,pos_2022,REN_1000,True
2025,1,cooperalianca,cooperalianca,Cooperaliança,COOPERATIVA ALIANÇA,Cooperaliança,COOPERATIVA ALIANÇA,Cooperaliança — COOPERATIVA ALIANÇA,nao_classificado,149293,11,1167.66,505321,G,44,505321.0,7.368061463029077e-05,False,False,2.1768341311760246,0.002310729219644543,106.1509090909091,pos_2022,REN_1000,True
2025,1,cooperalianca,cooperalianca,Cooperaliança,COOPERATIVA ALIANÇA,Cooperaliança,COOPERATIVA ALIANÇA,Cooperaliança — COOPERATIVA ALIANÇA,rural,436,0,0.0,505321,G,44,505321.0,0.0,False,False,0.0,0.0,,pos_2022,REN_1000,True
2025,1,cooperalianca,cooperalianca,Cooperaliança,COOPERATIVA ALIANÇA,Cooperaliança,COOPERATIVA ALIANÇA,Cooperaliança — COOPERATIVA ALIANÇA,urbana,10435,26,4830.05,505321,G,44,505321.0,0.0024916147580258743,False,False,5.145244310052423,0.009558379722987962,185.77115384615385,pos_2022,REN_1000,True
2025,1,coopercocal,coopercocal,Coopercocal,COOPERATIVA ENERGÉTICA COCAL,Coopercocal,COOPERATIVA ENERGÉTICA COCAL,Coopercocal — COOPERATIVA ENERGÉTICA COCAL,grupo_a,0,0,0.0,146233,M,71,146233.0,,False,False,0.0,0.0,,pos_2022,REN_1000,True
2025,1,coopercocal,coopercocal,Coopercocal,COOPERATIVA ENERGÉTICA COCAL,Coopercocal,COOPERATIVA ENERGÉTICA COCAL,Coopercocal — COOPERATIVA ENERGÉTICA COCAL,nao_classificado,28313,3,1234.07,146233,M,71,146233.0,0.00010595839367075195,False,False,2.051520518624387,0.008439066421395991,411.3566666666666,pos_2022,REN_1000,True
2025,1,coopercocal,coopercocal,Coopercocal,COOPERATIVA ENERGÉTICA COCAL,Coopercocal,COOPERATIVA ENERGÉTICA COCAL,Coopercocal — COOPERATIVA ENERGÉTICA COCAL,rural,466,0,0.0,146233,M,71,146233.0,0.0,False,False,0.0,0.0,,pos_2022,REN_1000,True
2025,1,coopercocal,coopercocal,Coopercocal,COOPERATIVA ENERGÉTICA COCAL,Coopercocal,COOPERATIVA ENERGÉTICA COCAL,Coopercocal — COOPERATIVA ENERGÉTICA COCAL,urbana,1847,0,0.0,146233,M,71,146233.0,0.0,False,False,0.0,0.0,,pos_2022,REN_1000,True
2025,1,cooperluz,cooperluz,Cooperluz,COOPERATIVA DISTRIBUIDORA DE ENERGIA FRONTEIRA NOROESTE,Cooperluz,COOPERATIVA DISTRIBUIDORA DE ENERGIA FRONTEIRA NOROESTE,Cooperluz — COOPERATIVA DISTRIBUIDORA DE ENERGIA FRONTEIRA NOROESTE,grupo_a,0,0,0.0,210890,M,62,210890.0,,False,False,0.0,0.0,,pos_2022,REN_1000,True
2025,1,cooperluz,cooperluz,Cooperluz,COOPERATIVA DISTRIBUIDORA DE ENERGIA FRONTEIRA NOROESTE,Cooperluz,COOPERATIVA DISTRIBUIDORA DE ENERGIA FRONTEIRA NOROESTE,Cooperluz — COOPERATIVA DISTRIBUIDORA DE ENERGIA FRONTEIRA NOROESTE,nao_classificado,40564,4,644.4200000000001,210890,M,62,210890.0,9.860960457548565e-05,False,False,1.8967234103086918,0.003055716250177818,161.10500000000002,pos_2022,REN_1000,True
2025,1,cooperluz,cooperluz,Cooperluz,COOPERATIVA DISTRIBUIDORA DE ENERGIA FRONTEIRA NOROESTE,Cooperluz,COOPERATIVA DISTRIBUIDORA DE ENERGIA FRONTEIRA NOROESTE,Cooperluz — COOPERATIVA DISTRIBUIDORA DE ENERGIA FRONTEIRA NOROESTE,rural,851,1,165.56,210890,M,62,210890.0,0.0011750881316098707,False,False,0.47418085257717296,0.0007850538195267675,165.56,pos_2022,REN_1000,True
2025,1,cooperluz,cooperluz,Cooperluz,COOPERATIVA DISTRIBUIDORA DE ENERGIA FRONTEIRA NOROESTE,Cooperluz,COOPERATIVA DISTRIBUIDORA DE ENERGIA FRONTEIRA NOROESTE,Cooperluz — COOPERATIVA DISTRIBUIDORA DE ENERGIA FRONTEIRA NOROESTE,urbana,579,0,0.0,210890,M,62,210890.0,0.0,False,False,0.0,0.0,,pos_2022,REN_1000,True
2025,1,coopermila,coopermila,Coopermila,COOPERATIVA DE ELETRIFICAÇÃO LAURO MÜLLER,Coopermila,COOPERATIVA DE ELETRIFICAÇÃO LAURO MÜLLER,Coopermila — COOPERATIVA DE ELETRIFICAÇÃO LAURO MÜLLER,grupo_a,0,0,0.0,17856,P,100,17856.0,,False,False,0.0,0.0,,pos_2022,REN_1000,True
2025,1,coopermila,coopermila,Coopermila,COOPERATIVA DE ELETRIFICAÇÃO LAURO MÜLLER,Coopermila,COOPERATIVA DE ELETRIFICAÇÃO LAURO MÜLLER,Coopermila — COOPERATIVA DE ELETRIFICAÇÃO LAURO MÜLLER,nao_classificado,503,5,2605.25,17856,P,100,17856.0,0.009940357852882704,False,False,28.001792114695338,0.14590333781362008,521.05,pos_2022,REN_1000,True
2025,1,coopermila,coopermila,Coopermila,COOPERATIVA DE ELETRIFICAÇÃO LAURO MÜLLER,Coopermila,COOPERATIVA DE ELETRIFICAÇÃO LAURO MÜLLER,Coopermila — COOPERATIVA DE ELETRIFICAÇÃO LAURO MÜLLER,rural,155,2,0.0,17856,P,100,17856.0,0.012903225806451613,False,False,11.200716845878135,0.0,0.0,pos_2022,REN_1000,True
2025,1,coopermila,coopermila,Coopermila,COOPERATIVA DE ELETRIFICAÇÃO LAURO MÜLLER,Coopermila,COOPERATIVA DE ELETRIFICAÇÃO LAURO MÜLLER,Coopermila — COOPERATIVA DE ELETRIFICAÇÃO LAURO MÜLLER,urbana,0,0,0.0,17856,P,100,17856.0,,False,False,0.0,0.0,,pos_2022,REN_1000,True
2025,1,coopernorte,coopernorte,Coopernorte,COOPERATIVA REGIONAL DE DISTRIBUIÇÃO DE ENERGIA DO LITORAL NORTE,Coopernorte,COOPERATIVA REGIONAL DE DISTRIBUIÇÃO DE ENERGIA DO LITORAL NORTE,Coopernorte — COOPERATIVA REGIONAL DE DISTRIBUIÇÃO DE ENERGIA DO LITORAL NORTE,grupo_a,0,0,0.0,87242,P,82,87242.0,,False,False,0.0,0.0,,pos_2022,REN_1000,True
2025,1,coopernorte,coopernorte,Coopernorte,COOPERATIVA REGIONAL DE DISTRIBUIÇÃO DE ENERGIA DO LITORAL NORTE,Coopernorte,COOPERATIVA REGIONAL DE DISTRIBUIÇÃO DE ENERGIA DO LITORAL NORTE,Coopernorte — COOPERATIVA REGIONAL DE DISTRIBUIÇÃO DE ENERGIA DO LITORAL NORTE,nao_classificado,52245,13,1887.58,87242,P,82,87242.0,0.00024882763900851756,False,False,14.901079755163797,0.021636138557116984,145.19846153846154,pos_2022,REN_1000,True
2025,1,coopernorte,coopernorte,Coopernorte,COOPERATIVA REGIONAL DE DISTRIBUIÇÃO DE ENERGIA DO LITORAL NORTE,Coopernorte,COOPERATIVA REGIONAL DE DISTRIBUIÇÃO DE ENERGIA DO LITORAL NORTE,Coopernorte — COOPERATIVA REGIONAL DE DISTRIBUIÇÃO DE ENERGIA DO LITORAL NORTE,rural,2572,17,1915.06,87242,P,82,87242.0,0.006609642301710731,False,False,19.486027372137272,0.02195112445840306,112.65058823529411,pos_2022,REN_1000,True
2025,1,coopernorte,coopernorte,Coopernorte,COOPERATIVA REGIONAL DE DISTRIBUIÇÃO DE ENERGIA DO LITORAL NORTE,Coopernorte,COOPERATIVA REGIONAL DE DISTRIBUIÇÃO DE ENERGIA DO LITORAL NORTE,Coopernorte — COOPERATIVA REGIONAL DE DISTRIBUIÇÃO DE ENERGIA DO LITORAL NORTE,urbana,17,1,78.42,87242,P,82,87242.0,0.058823529411764705,False,False,1.146236904243369,0.00089887898030765,78.42,pos_2022,REN_1000,True
2025,1,coopersul,coopersul,Coopersul,COOPERATIVA REGIONAL DE ELETRIFICAÇÃO RURAL FRONTEIRA SUL LTDA,Coopersul,COOPERATIVA REGIONAL DE ELETRIFICAÇÃO RURAL FRONTEIRA SUL LTDA,Coopersul — COOPERATIVA REGIONAL DE ELETRIFICAÇÃO RURAL FRONTEIRA SUL LTDA,grupo_a,0,0,0.0,26752,P,98,26752.0,,False,False,0.0,0.0,,pos_2022,REN_1000,True
2025,1,coopersul,coopersul,Coopersul,COOPERATIVA REGIONAL DE ELETRIFICAÇÃO RURAL FRONTEIRA SUL LTDA,Coopersul,COOPERATIVA REGIONAL DE ELETRIFICAÇÃO RURAL FRONTEIRA SUL LTDA,Coopersul — COOPERATIVA REGIONAL DE ELETRIFICAÇÃO RURAL FRONTEIRA SUL LTDA,nao_classificado,7976,167,224.67,26752,P,98,26752.0,0.020937813440320963,False,False,624.2523923444976,0.008398250598086123,1.3453293413173653,pos_2022,REN_1000,True
2025,1,coopersul,coopersul,Coopersul,COOPERATIVA REGIONAL DE ELETRIFICAÇÃO RURAL FRONTEIRA SUL LTDA,Coopersul,COOPERATIVA REGIONAL DE ELETRIFICAÇÃO RURAL FRONTEIRA SUL LTDA,Coopersul — COOPERATIVA REGIONAL DE ELETRIFICAÇÃO RURAL FRONTEIRA SUL LTDA,rural,107,0,0.0,26752,P,98,26752.0,0.0,False,False,0.0,0.0,,pos_2022,REN_1000,True
2025,1,coopersul,coopersul,Coopersul,COOPERATIVA REGIONAL DE ELETRIFICAÇÃO RURAL FRONTEIRA SUL LTDA,Coopersul,COOPERATIVA REGIONAL DE ELETRIFICAÇÃO RURAL FRONTEIRA SUL LTDA,Coopersul — COOPERATIVA REGIONAL DE ELETRIFICAÇÃO RURAL FRONTEIRA SUL LTDA,urbana,61,2,145.06,26752,P,98,26752.0,0.03278688524590164,False,False,7.476076555023923,0.005422398325358852,72.53,pos_2022,REN_1000,True
2025,1,cooperzem,cooperzem,Cooperzem,COOPERZEM COOPERATIVA DE DISTRIBUIÇÃO DE ENERGIA ELÉTRICA,Cooperzem,COOPERZEM COOPERATIVA DE DISTRIBUIÇÃO DE ENERGIA ELÉTRICA,Cooperzem — COOPERZEM COOPERATIVA DE DISTRIBUIÇÃO DE ENERGIA ELÉTRICA,grupo_a,0,0,0.0,88065,P,81,88065.0,,False,False,0.0,0.0,,pos_2022,REN_1000,True
2025,1,cooperzem,cooperzem,Cooperzem,COOPERZEM COOPERATIVA DE DISTRIBUIÇÃO DE ENERGIA ELÉTRICA,Cooperzem,COOPERZEM COOPERATIVA DE DISTRIBUIÇÃO DE ENERGIA ELÉTRICA,Cooperzem — COOPERZEM COOPERATIVA DE DISTRIBUIÇÃO DE ENERGIA ELÉTRICA,nao_classificado,26553,0,0.0,88065,P,81,88065.0,0.0,False,False,0.0,0.0,,pos_2022,REN_1000,True
2025,1,cooperzem,cooperzem,Cooperzem,COOPERZEM COOPERATIVA DE DISTRIBUIÇÃO DE ENERGIA ELÉTRICA,Cooperzem,COOPERZEM COOPERATIVA DE DISTRIBUIÇÃO DE ENERGIA ELÉTRICA,Cooperzem — COOPERZEM COOPERATIVA DE DISTRIBUIÇÃO DE ENERGIA ELÉTRICA,rural,914,1,0.0,88065,P,81,88065.0,0.0010940919037199124,False,False,1.135524896383353,0.0,0.0,pos_2022,REN_1000,True
2025,1,cooperzem,cooperzem,Cooperzem,COOPERZEM COOPERATIVA DE DISTRIBUIÇÃO DE ENERGIA ELÉTRICA,Cooperzem,COOPERZEM COOPERATIVA DE DISTRIBUIÇÃO DE ENERGIA ELÉTRICA,Cooperzem — COOPERZEM COOPERATIVA DE DISTRIBUIÇÃO DE ENERGIA ELÉTRICA,urbana,1078,0,0.0,88065,P,81,88065.0,0.0,False,False,0.0,0.0,,pos_2022,REN_1000,True
2025,1,coorsel,coorsel,Coorsel,COOPERATIVA REGIONAL SUL DE ELETRIFICAÇÃO RURAL,Coorsel,COOPERATIVA REGIONAL SUL DE ELETRIFICAÇÃO RURAL,Coorsel — COOPERATIVA REGIONAL SUL DE ELETRIFICAÇÃO RURAL,grupo_a,0,0,0.0,116310,M,72,116310.0,,False,False,0.0,0.0,,pos_2022,REN_1000,True
2025,1,coorsel,coorsel,Coorsel,COOPERATIVA REGIONAL SUL DE ELETRIFICAÇÃO RURAL,Coorsel,COOPERATIVA REGIONAL SUL DE ELETRIFICAÇÃO RURAL,Coorsel — COOPERATIVA REGIONAL SUL DE ELETRIFICAÇÃO RURAL,nao_classificado,17596,4,469.19,116310,M,72,116310.0,0.00022732439190725165,False,False,3.4390852033359125,0.004033960966382942,117.2975,pos_2022,REN_1000,True
2025,1,coorsel,coorsel,Coorsel,COOPERATIVA REGIONAL SUL DE ELETRIFICAÇÃO RURAL,Coorsel,COOPERATIVA REGIONAL SUL DE ELETRIFICAÇÃO RURAL,Coorsel — COOPERATIVA REGIONAL SUL DE ELETRIFICAÇÃO RURAL,rural,374,1,0.0,116310,M,72,116310.0,0.00267379679144385,False,False,0.8597713008339781,0.0,0.0,pos_2022,REN_1000,True
2025,1,coorsel,coorsel,Coorsel,COOPERATIVA REGIONAL SUL DE ELETRIFICAÇÃO RURAL,Coorsel,COOPERATIVA REGIONAL SUL DE ELETRIFICAÇÃO RURAL,Coorsel — COOPERATIVA REGIONAL SUL DE ELETRIFICAÇÃO RURAL,urbana,396,0,0.0,116310,M,72,116310.0,0.0,False,False,0.0,0.0,,pos_2022,REN_1000,True
2025,1,copel,copel_dis,Copel-Dis,COPEL DISTRIBUIÇÃO S.A.,Copel-Dis,COPEL DISTRIBUIÇÃO S.A.,Copel-Dis — COPEL DISTRIBUIÇÃO S.A.,grupo_a,266,0,0.0,64318959,GG,4,64318959.0,0.0,False,False,0.0,0.0,,pos_2022,REN_1000,True
2025,1,copel,copel_dis,Copel-Dis,COPEL DISTRIBUIÇÃO S.A.,Copel-Dis,COPEL DISTRIBUIÇÃO S.A.,Copel-Dis — COPEL DISTRIBUIÇÃO S.A.,nao_classificado,14747380,7968,1936254.3409,64318959,GG,4,64318959.0,0.0005402993616493235,False,False,12.388260201785913,0.030103944015947147,243.0038078438755,pos_2022,REN_1000,True
2025,1,copel,copel_dis,Copel-Dis,COPEL DISTRIBUIÇÃO S.A.,Copel-Dis,COPEL DISTRIBUIÇÃO S.A.,Copel-Dis — COPEL DISTRIBUIÇÃO S.A.,rural,73020,377,228626.3581,64318959,GG,4,64318959.0,0.005162969049575459,False,False,0.5861413273184349,0.003554571803626362,606.4359631299735,pos_2022,REN_1000,True
2025,1,copel,copel_dis,Copel-Dis,COPEL DISTRIBUIÇÃO S.A.,Copel-Dis,COPEL DISTRIBUIÇÃO S.A.,Copel-Dis — COPEL DISTRIBUIÇÃO S.A.,urbana,914003,1784,338400.8397,64318959,GG,4,64318959.0,0.0019518535497148259,False,False,2.773676731925963,0.005261292237332386,189.68656933856502,pos_2022,REN_1000,True
2025,1,coprel,coprel,Coprel,COPREL COOPERATIVA DE ENERGIA,Coprel,COPREL COOPERATIVA DE ENERGIA,Coprel — COPREL COOPERATIVA DE ENERGIA,nao_classificado,11155,685,18296.49,658139,G,42,658139.0,0.061407440609592114,False,False,104.08135667389412,0.02780034308861806,26.710204379562047,pos_2022,REN_1000,True
2025,1,coprel,coprel,Coprel,COPREL COOPERATIVA DE ENERGIA,Coprel,COPREL COOPERATIVA DE ENERGIA,Coprel — COPREL COOPERATIVA DE ENERGIA,rural,3094,324,7696.34,658139,G,42,658139.0,0.10471881060116355,False,False,49.229721988819996,0.01169409501640231,23.754135802469136,pos_2022,REN_1000,True
2025,1,coprel,coprel,Coprel,COPREL COOPERATIVA DE ENERGIA,Coprel,COPREL COOPERATIVA DE ENERGIA,Coprel — COPREL COOPERATIVA DE ENERGIA,urbana,963,164,1371.75,658139,G,42,658139.0,0.1703011422637591,False,False,24.918748167180485,0.002084286146239624,8.364329268292684,pos_2022,REN_1000,True
2025,1,cpfl,cpfl_paulista,CPFL Paulista,COMPANHIA PAULISTA DE FORÇA E LUZ,CPFL Paulista,COMPANHIA PAULISTA DE FORÇA E LUZ,CPFL Paulista — COMPANHIA PAULISTA DE FORÇA E LUZ,grupo_a,373,0,0.0,61226839,GG,5,61226839.0,0.0,False,False,0.0,0.0,,pos_2022,REN_1000,True
2025,1,cpfl,cpfl_paulista,CPFL Paulista,COMPANHIA PAULISTA DE FORÇA E LUZ,CPFL Paulista,COMPANHIA PAULISTA DE FORÇA E LUZ,CPFL Paulista — COMPANHIA PAULISTA DE FORÇA E LUZ,nao_classificado,26194719,14978,5917975.0352,61226839,GG,5,61226839.0,0.0005717946430347277,False,False,24.463128008290614,0.09665655016421801,395.11116538923756,pos_2022,REN_1000,True
2025,1,cpfl,cpfl_paulista,CPFL Paulista,COMPANHIA PAULISTA DE FORÇA E LUZ,CPFL Paulista,COMPANHIA PAULISTA DE FORÇA E LUZ,CPFL Paulista — COMPANHIA PAULISTA DE FORÇA E LUZ,rural,18014,190,201562.3587,61226839,GG,5,61226839.0,0.01054735205950927,False,False,0.31032142619676967,0.0032920588747036247,1060.8545194736844,pos_2022,REN_1000,True
2025,1,cpfl,cpfl_paulista,CPFL Paulista,COMPANHIA PAULISTA DE FORÇA E LUZ,CPFL Paulista,COMPANHIA PAULISTA DE FORÇA E LUZ,CPFL Paulista — COMPANHIA PAULISTA DE FORÇA E LUZ,urbana,1520844,5991,1567409.2679,61226839,GG,5,61226839.0,0.003939260042450113,False,False,9.784924549183406,0.025600035760461194,261.62731896177604,pos_2022,REN_1000,True
2025,1,cpfl,cpfl_piratininga,CPFL Piratininga,COMPANHIA PIRATININGA DE FORÇA E LUZ,CPFL Piratininga,COMPANHIA PIRATININGA DE FORÇA E LUZ,CPFL Piratininga — COMPANHIA PIRATININGA DE FORÇA E LUZ,grupo_a,84,0,0.0,23980216,GG,17,23980216.0,0.0,False,False,0.0,0.0,,pos_2022,REN_1000,True
2025,1,cpfl,cpfl_piratininga,CPFL Piratininga,COMPANHIA PIRATININGA DE FORÇA E LUZ,CPFL Piratininga,COMPANHIA PIRATININGA DE FORÇA E LUZ,CPFL Piratininga — COMPANHIA PIRATININGA DE FORÇA E LUZ,nao_classificado,9255876,3367,1116209.3866,23980216,GG,17,23980216.0,0.00036376891825257813,False,False,14.0407409174296,0.04654709476345001,331.51451933471935,pos_2022,REN_1000,True
2025,1,cpfl,cpfl_piratininga,CPFL Piratininga,COMPANHIA PIRATININGA DE FORÇA E LUZ,CPFL Piratininga,COMPANHIA PIRATININGA DE FORÇA E LUZ,CPFL Piratininga — COMPANHIA PIRATININGA DE FORÇA E LUZ,rural,2586,17,12953.18,23980216,GG,17,23980216.0,0.006573859242072699,False,False,0.07089177178387383,0.0005401611061384936,761.9517647058824,pos_2022,REN_1000,True
2025,1,cpfl,cpfl_piratininga,CPFL Piratininga,COMPANHIA PIRATININGA DE FORÇA E LUZ,CPFL Piratininga,COMPANHIA PIRATININGA DE FORÇA E LUZ,CPFL Piratininga — COMPANHIA PIRATININGA DE FORÇA E LUZ,urbana,576119,1532,577143.7538,23980216,GG,17,23980216.0,0.00265917284449914,False,False,6.388599668993808,0.024067496047575215,376.7256878590078,pos_2022,REN_1000,True
2025,1,cpfl,cpfl_santa_cruz,CPFL Santa Cruz,COMPANHIA JAGUARI DE ENERGIA - CPFL SANTA CRUZ,CPFL Santa Cruz,COMPANHIA JAGUARI DE ENERGIA - CPFL SANTA CRUZ,CPFL Santa Cruz — COMPANHIA JAGUARI DE ENERGIA - CPFL SANTA CRUZ,grupo_a,29,1,45048.1,6241264,G,33,6241264.0,0.034482758620689655,False,False,0.01602239546348304,0.007217784730785303,45048.1,pos_2022,REN_1000,True
2025,1,cpfl,cpfl_santa_cruz,CPFL Santa Cruz,COMPANHIA JAGUARI DE ENERGIA - CPFL SANTA CRUZ,CPFL Santa Cruz,COMPANHIA JAGUARI DE ENERGIA - CPFL SANTA CRUZ,CPFL Santa Cruz — COMPANHIA JAGUARI DE ENERGIA - CPFL SANTA CRUZ,nao_classificado,2259610,600,453963.4496,6241264,G,33,6241264.0,0.00026553254765202845,False,False,9.613437278089823,0.07273581915458151,756.6057493333333,pos_2022,REN_1000,True
2025,1,cpfl,cpfl_santa_cruz,CPFL Santa Cruz,COMPANHIA JAGUARI DE ENERGIA - CPFL SANTA CRUZ,CPFL Santa Cruz,COMPANHIA JAGUARI DE ENERGIA - CPFL SANTA CRUZ,CPFL Santa Cruz — COMPANHIA JAGUARI DE ENERGIA - CPFL SANTA CRUZ,rural,5284,32,8011.5,6241264,G,33,6241264.0,0.006056018168054504,False,False,0.5127166548314572,0.0012836342125569437,250.359375,pos_2022,REN_1000,True
2025,1,cpfl,cpfl_santa_cruz,CPFL Santa Cruz,COMPANHIA JAGUARI DE ENERGIA - CPFL SANTA CRUZ,CPFL Santa Cruz,COMPANHIA JAGUARI DE ENERGIA - CPFL SANTA CRUZ,CPFL Santa Cruz — COMPANHIA JAGUARI DE ENERGIA - CPFL SANTA CRUZ,urbana,122974,803,256468.671,6241264,G,33,6241264.0,0.006529835574999593,False,False,12.86598355717688,0.041092424707559236,319.38813325031134,pos_2022,REN_1000,True
2025,1,creluz_d,creluz_d,Creluz-D,COOPERATIVA DE DISTRIBUIÇÃO DE ENERGIA,Creluz-D,COOPERATIVA DE DISTRIBUIÇÃO DE ENERGIA,Creluz-D — COOPERATIVA DE DISTRIBUIÇÃO DE ENERGIA,grupo_a,0,0,0.0,309903,G,51,309903.0,,False,False,0.0,0.0,,pos_2022,REN_1000,True
2025,1,creluz_d,creluz_d,Creluz-D,COOPERATIVA DE DISTRIBUIÇÃO DE ENERGIA,Creluz-D,COOPERATIVA DE DISTRIBUIÇÃO DE ENERGIA,Creluz-D — COOPERATIVA DE DISTRIBUIÇÃO DE ENERGIA,nao_classificado,41895,12,3826.35,309903,G,51,309903.0,0.00028643036161833153,False,False,3.8721793593479252,0.012346927909700777,318.8625,pos_2022,REN_1000,True
2025,1,creluz_d,creluz_d,Creluz-D,COOPERATIVA DE DISTRIBUIÇÃO DE ENERGIA,Creluz-D,COOPERATIVA DE DISTRIBUIÇÃO DE ENERGIA,Creluz-D — COOPERATIVA DE DISTRIBUIÇÃO DE ENERGIA,rural,1318,2,261.83,309903,G,51,309903.0,0.0015174506828528073,False,False,0.6453632265579875,0.0008448772680483893,130.915,pos_2022,REN_1000,True
2025,1,creluz_d,creluz_d,Creluz-D,COOPERATIVA DE DISTRIBUIÇÃO DE ENERGIA,Creluz-D,COOPERATIVA DE DISTRIBUIÇÃO DE ENERGIA,Creluz-D — COOPERATIVA DE DISTRIBUIÇÃO DE ENERGIA,urbana,791,3,534.71,309903,G,51,309903.0,0.0037926675094816687,False,False,0.9680448398369813,0.0017254108543641076,178.23666666666668,pos_2022,REN_1000,True
2025,1,creral,creral,Creral,COOPERATIVA REGIONAL DE ELETRIFICAÇÃO RURAL DO ALTO URUGUAI,Creral,COOPERATIVA REGIONAL DE ELETRIFICAÇÃO RURAL DO ALTO URUGUAI,Creral — COOPERATIVA REGIONAL DE ELETRIFICAÇÃO RURAL DO ALTO URUGUAI,grupo_a,0,0,0.0,97540,M,75,97540.0,,False,False,0.0,0.0,,pos_2022,REN_1000,True
2025,1,creral,creral,Creral,COOPERATIVA REGIONAL DE ELETRIFICAÇÃO RURAL DO ALTO URUGUAI,Creral,COOPERATIVA REGIONAL DE ELETRIFICAÇÃO RURAL DO ALTO URUGUAI,Creral — COOPERATIVA REGIONAL DE ELETRIFICAÇÃO RURAL DO ALTO URUGUAI,nao_classificado,15169,86,8093.000000000001,97540,M,75,97540.0,0.005669457446107192,False,False,88.16895632561,0.08297108878408858,94.1046511627907,pos_2022,REN_1000,True
2025,1,creral,creral,Creral,COOPERATIVA REGIONAL DE ELETRIFICAÇÃO RURAL DO ALTO URUGUAI,Creral,COOPERATIVA REGIONAL DE ELETRIFICAÇÃO RURAL DO ALTO URUGUAI,Creral — COOPERATIVA REGIONAL DE ELETRIFICAÇÃO RURAL DO ALTO URUGUAI,rural,356,8,355.59000000000003,97540,M,75,97540.0,0.02247191011235955,False,False,8.201763379126513,0.003645581299979496,44.448750000000004,pos_2022,REN_1000,True
2025,1,creral,creral,Creral,COOPERATIVA REGIONAL DE ELETRIFICAÇÃO RURAL DO ALTO URUGUAI,Creral,COOPERATIVA REGIONAL DE ELETRIFICAÇÃO RURAL DO ALTO URUGUAI,Creral — COOPERATIVA REGIONAL DE ELETRIFICAÇÃO RURAL DO ALTO URUGUAI,urbana,220,10,575.98,97540,M,75,97540.0,0.045454545454545456,False,False,10.25220422390814,0.005905064588886611,57.598,pos_2022,REN_1000,True
2025,1,dcelt,dcelt,Dcelt,DISTRIBUIDORA CATARINENSE DE ENERGIA ELÉTRICA S/A.,Dcelt,DISTRIBUIDORA CATARINENSE DE ENERGIA ELÉTRICA S/A.,Dcelt — DISTRIBUIDORA CATARINENSE DE ENERGIA ELÉTRICA S/A.,grupo_a,0,0,0.0,511269,G,43,511269.0,,False,False,0.0,0.0,,pos_2022,REN_1000,True
2025,1,dcelt,dcelt,Dcelt,DISTRIBUIDORA CATARINENSE DE ENERGIA ELÉTRICA S/A.,Dcelt,DISTRIBUIDORA CATARINENSE DE ENERGIA ELÉTRICA S/A.,Dcelt — DISTRIBUIDORA CATARINENSE DE ENERGIA ELÉTRICA S/A.,nao_classificado,64007,1365,32779.96,511269,G,43,511269.0,0.021325792491446248,False,False,266.9827429396267,0.06411489841942304,24.01462271062271,pos_2022,REN_1000,True
2025,1,dcelt,dcelt,Dcelt,DISTRIBUIDORA CATARINENSE DE ENERGIA ELÉTRICA S/A.,Dcelt,DISTRIBUIDORA CATARINENSE DE ENERGIA ELÉTRICA S/A.,Dcelt — DISTRIBUIDORA CATARINENSE DE ENERGIA ELÉTRICA S/A.,rural,795,18,564.72,511269,G,43,511269.0,0.022641509433962263,False,False,3.5206515552478246,0.0011045457479330841,31.373333333333335,pos_2022,REN_1000,True
2025,1,dcelt,dcelt,Dcelt,DISTRIBUIDORA CATARINENSE DE ENERGIA ELÉTRICA S/A.,Dcelt,DISTRIBUIDORA CATARINENSE DE ENERGIA ELÉTRICA S/A.,Dcelt — DISTRIBUIDORA CATARINENSE DE ENERGIA ELÉTRICA S/A.,urbana,7468,94,8505.74,511269,G,43,511269.0,0.012587038028923407,False,False,18.385624788516417,0.016636525977518683,90.48659574468086,pos_2022,REN_1000,True
2025,1,demei,demei,Demei,DEPARTAMENTO MUNICIPAL DE ENERGIA DE IJUÍ,Demei,DEPARTAMENTO MUNICIPAL DE ENERGIA DE IJUÍ,Demei — DEPARTAMENTO MUNICIPAL DE ENERGIA DE IJUÍ,grupo_a,0,0,0.0,448596,G,47,448596.0,,False,False,0.0,0.0,,pos_2022,REN_1000,True
2025,1,demei,demei,Demei,DEPARTAMENTO MUNICIPAL DE ENERGIA DE IJUÍ,Demei,DEPARTAMENTO MUNICIPAL DE ENERGIA DE IJUÍ,Demei — DEPARTAMENTO MUNICIPAL DE ENERGIA DE IJUÍ,nao_classificado,76767,21,2057.84,448596,G,47,448596.0,0.0002735550431826175,False,False,4.681272236043122,0.004587290122961418,97.99238095238096,pos_2022,REN_1000,True
2025,1,demei,demei,Demei,DEPARTAMENTO MUNICIPAL DE ENERGIA DE IJUÍ,Demei,DEPARTAMENTO MUNICIPAL DE ENERGIA DE IJUÍ,Demei — DEPARTAMENTO MUNICIPAL DE ENERGIA DE IJUÍ,rural,0,0,0.0,448596,G,47,448596.0,,False,False,0.0,0.0,,pos_2022,REN_1000,True
2025,1,demei,demei,Demei,DEPARTAMENTO MUNICIPAL DE ENERGIA DE IJUÍ,Demei,DEPARTAMENTO MUNICIPAL DE ENERGIA DE IJUÍ,Demei — DEPARTAMENTO MUNICIPAL DE ENERGIA DE IJUÍ,urbana,10683,36,4851.81,448596,G,47,448596.0,0.003369839932603201,False,False,8.025038118931064,0.01081554449883637,134.7725,pos_2022,REN_1000,True
2025,1,dmed,dmed,Dmed,DME DISTRIBUIÇÃO S.A.,Dmed,DME DISTRIBUIÇÃO S.A.,Dmed — DME DISTRIBUIÇÃO S.A.,grupo_a,0,0,0.0,999893,G,39,999893.0,,False,False,0.0,0.0,,pos_2022,REN_1000,True
2025,1,dmed,dmed,Dmed,DME DISTRIBUIÇÃO S.A.,Dmed,DME DISTRIBUIÇÃO S.A.,Dmed — DME DISTRIBUIÇÃO S.A.,nao_classificado,295960,218,116022.06,999893,G,39,999893.0,0.0007365860251385322,False,False,21.80233284961491,0.11603447568889871,532.2112844036698,pos_2022,REN_1000,True
2025,1,dmed,dmed,Dmed,DME DISTRIBUIÇÃO S.A.,Dmed,DME DISTRIBUIÇÃO S.A.,Dmed — DME DISTRIBUIÇÃO S.A.,rural,485,95,0.0,999893,G,39,999893.0,0.1958762886597938,False,False,9.50101660877714,0.0,0.0,pos_2022,REN_1000,True
2025,1,dmed,dmed,Dmed,DME DISTRIBUIÇÃO S.A.,Dmed,DME DISTRIBUIÇÃO S.A.,Dmed — DME DISTRIBUIÇÃO S.A.,urbana,32614,3905,20275.41,999893,G,39,999893.0,0.11973385662598884,False,False,390.54178797131294,0.02027757970102801,5.1921664532650444,pos_2022,REN_1000,True
2025,1,edp,edp_es,EDP ES,EDP ESPÍRITO SANTO DISTRIBUIÇÃO DE ENERGIA S.A.,EDP ES,EDP ESPÍRITO SANTO DISTRIBUIÇÃO DE ENERGIA S.A.,EDP ES — EDP ESPÍRITO SANTO DISTRIBUIÇÃO DE ENERGIA S.A.,grupo_a,35,0,0.0,22175247,GG,21,22175247.0,0.0,False,False,0.0,0.0,,pos_2022,REN_1000,True
2025,1,edp,edp_es,EDP ES,EDP ESPÍRITO SANTO DISTRIBUIÇÃO DE ENERGIA S.A.,EDP ES,EDP ESPÍRITO SANTO DISTRIBUIÇÃO DE ENERGIA S.A.,EDP ES — EDP ESPÍRITO SANTO DISTRIBUIÇÃO DE ENERGIA S.A.,nao_classificado,9983632,6855,5612874.49,22175247,GG,21,22175247.0,0.0006866238659437768,False,False,30.912846201893494,0.25311440679781383,818.800071480671,pos_2022,REN_1000,True
2025,1,edp,edp_es,EDP ES,EDP ESPÍRITO SANTO DISTRIBUIÇÃO DE ENERGIA S.A.,EDP ES,EDP ESPÍRITO SANTO DISTRIBUIÇÃO DE ENERGIA S.A.,EDP ES — EDP ESPÍRITO SANTO DISTRIBUIÇÃO DE ENERGIA S.A.,rural,41550,530,370388.87,22175247,GG,21,22175247.0,0.012755716004813478,False,False,2.3900522956970898,0.016702806963097186,698.8469245283019,pos_2022,REN_1000,True
2025,1,edp,edp_es,EDP ES,EDP ESPÍRITO SANTO DISTRIBUIÇÃO DE ENERGIA S.A.,EDP ES,EDP ESPÍRITO SANTO DISTRIBUIÇÃO DE ENERGIA S.A.,EDP ES — EDP ESPÍRITO SANTO DISTRIBUIÇÃO DE ENERGIA S.A.,urbana,480496,1551,1027318.41,22175247,GG,21,22175247.0,0.003227914488362026,False,False,6.99428511438903,0.04632725894778083,662.3587427466151,pos_2022,REN_1000,True
2025,1,edp,edp_sp,EDP SP,EDP SÃO PAULO DISTRIBUIÇÃO DE ENERGIA S.A.,EDP SP,EDP SÃO PAULO DISTRIBUIÇÃO DE ENERGIA S.A.,EDP SP — EDP SÃO PAULO DISTRIBUIÇÃO DE ENERGIA S.A.,grupo_a,63,0,0.0,27717944,GG,16,27717944.0,0.0,False,False,0.0,0.0,,pos_2022,REN_1000,True
2025,1,edp,edp_sp,EDP SP,EDP SÃO PAULO DISTRIBUIÇÃO DE ENERGIA S.A.,EDP SP,EDP SÃO PAULO DISTRIBUIÇÃO DE ENERGIA S.A.,EDP SP — EDP SÃO PAULO DISTRIBUIÇÃO DE ENERGIA S.A.,nao_classificado,12464600,12101,5821980.0351,27717944,GG,16,27717944.0,0.0009708293888291642,False,False,43.65763925347421,0.21004371879458303,481.1156131807289,pos_2022,REN_1000,True
2025,1,edp,edp_sp,EDP SP,EDP SÃO PAULO DISTRIBUIÇÃO DE ENERGIA S.A.,EDP SP,EDP SÃO PAULO DISTRIBUIÇÃO DE ENERGIA S.A.,EDP SP — EDP SÃO PAULO DISTRIBUIÇÃO DE ENERGIA S.A.,rural,20316,91,53930.15,27717944,GG,16,27717944.0,0.004479228194526482,False,False,0.32830717891630057,0.0019456764181354867,592.639010989011,pos_2022,REN_1000,True
2025,1,edp,edp_sp,EDP SP,EDP SÃO PAULO DISTRIBUIÇÃO DE ENERGIA S.A.,EDP SP,EDP SÃO PAULO DISTRIBUIÇÃO DE ENERGIA S.A.,EDP SP — EDP SÃO PAULO DISTRIBUIÇÃO DE ENERGIA S.A.,urbana,629494,3251,1507169.2915,27717944,GG,16,27717944.0,0.005164465427788033,False,False,11.728864161064761,0.0543752195869939,463.60175069209475,pos_2022,REN_1000,True
2025,1,eflul,eflul,Eflul,EMPRESA FORÇA E LUZ DE URUSSANGA LTDA.,Eflul,EMPRESA FORÇA E LUZ DE URUSSANGA LTDA.,Eflul — EMPRESA FORÇA E LUZ DE URUSSANGA LTDA.,nao_classificado,10750,168,41.46,92553,P,78,92553.0,0.015627906976744186,False,False,181.51761693300054,0.0004479595475025121,0.2467857142857143,pos_2022,REN_1000,True
2025,1,eflul,eflul,Eflul,EMPRESA FORÇA E LUZ DE URUSSANGA LTDA.,Eflul,EMPRESA FORÇA E LUZ DE URUSSANGA LTDA.,Eflul — EMPRESA FORÇA E LUZ DE URUSSANGA LTDA.,rural,201,0,0.0,92553,P,78,92553.0,0.0,False,False,0.0,0.0,,pos_2022,REN_1000,True
2025,1,eflul,eflul,Eflul,EMPRESA FORÇA E LUZ DE URUSSANGA LTDA.,Eflul,EMPRESA FORÇA E LUZ DE URUSSANGA LTDA.,Eflul — EMPRESA FORÇA E LUZ DE URUSSANGA LTDA.,urbana,1319,4,0.0,92553,P,78,92553.0,0.003032600454890068,False,False,4.321848022214299,0.0,0.0,pos_2022,REN_1000,True
2025,1,eletrocar,eletrocar,Eletrocar,CENTRAIS ELÉTRICAS DE CARAZINHO S.A.,Eletrocar,CENTRAIS ELÉTRICAS DE CARAZINHO S.A.,Eletrocar — CENTRAIS ELÉTRICAS DE CARAZINHO S.A.,grupo_a,0,0,0.0,485011,G,45,485011.0,,False,False,0.0,0.0,,pos_2022,REN_1000,True
2025,1,eletrocar,eletrocar,Eletrocar,CENTRAIS ELÉTRICAS DE CARAZINHO S.A.,Eletrocar,CENTRAIS ELÉTRICAS DE CARAZINHO S.A.,Eletrocar — CENTRAIS ELÉTRICAS DE CARAZINHO S.A.,nao_classificado,115096,158,14406.0,485011,G,45,485011.0,0.001372767081392924,False,False,32.5765807373441,0.029702419120391083,91.17721518987342,pos_2022,REN_1000,True
2025,1,eletrocar,eletrocar,Eletrocar,CENTRAIS ELÉTRICAS DE CARAZINHO S.A.,Eletrocar,CENTRAIS ELÉTRICAS DE CARAZINHO S.A.,Eletrocar — CENTRAIS ELÉTRICAS DE CARAZINHO S.A.,rural,466,7,1152.38,485011,G,45,485011.0,0.015021459227467811,False,False,1.4432662351987893,0.0023759873487405442,164.6257142857143,pos_2022,REN_1000,True
2025,1,eletrocar,eletrocar,Eletrocar,CENTRAIS ELÉTRICAS DE CARAZINHO S.A.,Eletrocar,CENTRAIS ELÉTRICAS DE CARAZINHO S.A.,Eletrocar — CENTRAIS ELÉTRICAS DE CARAZINHO S.A.,urbana,8404,96,10088.359999999999,485011,G,45,485011.0,0.01142313184198001,False,False,19.793365511297683,0.02080027050932865,105.08708333333333,pos_2022,REN_1000,True
2025,1,enel,enel_ce,Enel CE,COMPANHIA ENERGÉTICA DO CEARÁ,Enel CE,COMPANHIA ENERGÉTICA DO CEARÁ,Enel CE — COMPANHIA ENERGÉTICA DO CEARÁ,grupo_a,40,2,0.0,51563889,GG,7,51563889.0,0.05,False,False,0.003878683394109393,0.0,0.0,pos_2022,REN_1000,True
2025,1,enel,enel_ce,Enel CE,COMPANHIA ENERGÉTICA DO CEARÁ,Enel CE,COMPANHIA ENERGÉTICA DO CEARÁ,Enel CE — COMPANHIA ENERGÉTICA DO CEARÁ,nao_classificado,12046779,22937,17513158.75283,51563889,GG,7,51563889.0,0.001903994420417275,False,False,44.48268050534357,0.33963999016501645,763.5331016623795,pos_2022,REN_1000,True
2025,1,enel,enel_ce,Enel CE,COMPANHIA ENERGÉTICA DO CEARÁ,Enel CE,COMPANHIA ENERGÉTICA DO CEARÁ,Enel CE — COMPANHIA ENERGÉTICA DO CEARÁ,rural,111242,3488,98092.83587,51563889,GG,7,51563889.0,0.031355063734920266,False,False,6.764423839326782,0.001902355267850336,28.122946063646786,pos_2022,REN_1000,True
2025,1,enel,enel_ce,Enel CE,COMPANHIA ENERGÉTICA DO CEARÁ,Enel CE,COMPANHIA ENERGÉTICA DO CEARÁ,Enel CE — COMPANHIA ENERGÉTICA DO CEARÁ,urbana,950844,1547,2447598.91238,51563889,GG,7,51563889.0,0.0016269756132446542,False,False,3.0001616053436155,0.04746730628444259,1582.1583144020685,pos_2022,REN_1000,True
2025,1,enel,enel_go,Enel GO,CELG DISTRIBUIÇÃO S.A.,Enel GO,CELG DISTRIBUIÇÃO S.A.,Enel GO — CELG DISTRIBUIÇÃO S.A.,grupo_a,0,0,123211.11,42519162,GG,10,42519162.0,,False,False,0.0,0.002897778418116519,,pos_2022,REN_1000,True
2025,1,enel,enel_go,Enel GO,CELG DISTRIBUIÇÃO S.A.,Enel GO,CELG DISTRIBUIÇÃO S.A.,Enel GO — CELG DISTRIBUIÇÃO S.A.,nao_classificado,14904177,17330,6217829.01,42519162,GG,10,42519162.0,0.0011627612849740042,False,False,40.758093962435105,0.14623592558103568,358.7899024812464,pos_2022,REN_1000,True
2025,1,enel,enel_go,Enel GO,CELG DISTRIBUIÇÃO S.A.,Enel GO,CELG DISTRIBUIÇÃO S.A.,Enel GO — CELG DISTRIBUIÇÃO S.A.,rural,33644,1472,1017172.9400000001,42519162,GG,10,42519162.0,0.04375222922363572,False,False,3.461968511985255,0.02392269490165399,691.0142255434783,pos_2022,REN_1000,True
2025,1,enel,enel_go,Enel GO,CELG DISTRIBUIÇÃO S.A.,Enel GO,CELG DISTRIBUIÇÃO S.A.,Enel GO — CELG DISTRIBUIÇÃO S.A.,urbana,1208497,1275,636081.24,42519162,GG,10,42519162.0,0.0010550295118647377,False,False,2.998647997813315,0.01495987244527538,498.8872470588235,pos_2022,REN_1000,True
2025,1,enel,enel_rj,Enel RJ,AMPLA ENERGIA E SERVIÇOS S.A.,Enel RJ,AMPLA ENERGIA E SERVIÇOS S.A.,Enel RJ — AMPLA ENERGIA E SERVIÇOS S.A.,grupo_a,145,47,0.0,37380032,GG,12,37380032.0,0.32413793103448274,False,False,0.12573557989463466,0.0,0.0,pos_2022,REN_1000,True
2025,1,enel,enel_rj,Enel RJ,AMPLA ENERGIA E SERVIÇOS S.A.,Enel RJ,AMPLA ENERGIA E SERVIÇOS S.A.,Enel RJ — AMPLA ENERGIA E SERVIÇOS S.A.,nao_classificado,9169306,6831,7284183.5074000005,37380032,GG,12,37380032.0,0.0007449854983572366,False,False,18.274462686388283,0.19486830582167508,1066.3421910993998,pos_2022,REN_1000,True
2025,1,enel,enel_rj,Enel RJ,AMPLA ENERGIA E SERVIÇOS S.A.,Enel RJ,AMPLA ENERGIA E SERVIÇOS S.A.,Enel RJ — AMPLA ENERGIA E SERVIÇOS S.A.,rural,3890,185,39798.606700000004,37380032,GG,12,37380032.0,0.04755784061696658,False,False,0.49491664426611515,0.001064702317536807,215.1276037837838,pos_2022,REN_1000,True
2025,1,enel,enel_rj,Enel RJ,AMPLA ENERGIA E SERVIÇOS S.A.,Enel RJ,AMPLA ENERGIA E SERVIÇOS S.A.,Enel RJ — AMPLA ENERGIA E SERVIÇOS S.A.,urbana,665729,1937,2263782.5147,37380032,GG,12,37380032.0,0.0029095923416285006,False,False,5.181911026721433,0.060561278136412516,1168.7054799690243,pos_2022,REN_1000,True
2025,1,enel,enel_sp,Enel SP,ELETROPAULO METROPOLITANA ELETRICIDADE DE SÃO PAULO S.A.,Enel SP,ELETROPAULO METROPOLITANA ELETRICIDADE DE SÃO PAULO S.A.,Enel SP — ELETROPAULO METROPOLITANA ELETRICIDADE DE SÃO PAULO S.A.,grupo_a,79,1,0.0,103295686,GG,2,103295686.0,0.012658227848101266,False,False,0.0009680946404673667,0.0,0.0,pos_2022,REN_1000,True
2025,1,enel,enel_sp,Enel SP,ELETROPAULO METROPOLITANA ELETRICIDADE DE SÃO PAULO S.A.,Enel SP,ELETROPAULO METROPOLITANA ELETRICIDADE DE SÃO PAULO S.A.,Enel SP — ELETROPAULO METROPOLITANA ELETRICIDADE DE SÃO PAULO S.A.,nao_classificado,30034381,18715,3783902.1498,103295686,GG,2,103295686.0,0.0006231192179389347,False,False,18.11789119634677,0.036631753912743266,202.18552764092973,pos_2022,REN_1000,True
2025,1,enel,enel_sp,Enel SP,ELETROPAULO METROPOLITANA ELETRICIDADE DE SÃO PAULO S.A.,Enel SP,ELETROPAULO METROPOLITANA ELETRICIDADE DE SÃO PAULO S.A.,Enel SP — ELETROPAULO METROPOLITANA ELETRICIDADE DE SÃO PAULO S.A.,rural,23,0,2752.44,103295686,GG,2,103295686.0,0.0,False,False,0.0,2.6646224122079987e-05,,pos_2022,REN_1000,True
2025,1,enel,enel_sp,Enel SP,ELETROPAULO METROPOLITANA ELETRICIDADE DE SÃO PAULO S.A.,Enel SP,ELETROPAULO METROPOLITANA ELETRICIDADE DE SÃO PAULO S.A.,Enel SP — ELETROPAULO METROPOLITANA ELETRICIDADE DE SÃO PAULO S.A.,urbana,1553774,8075,4096525.2499999995,103295686,GG,2,103295686.0,0.005197023505348911,False,False,7.817364221773985,0.03965824139064239,507.3096284829721,pos_2022,REN_1000,True
2025,1,energisa,energisa_ac,Energisa AC,ENERGISA ACRE - DISTRIBUIDORA DE ENERGIA S.A.,Energisa AC,ENERGISA ACRE - DISTRIBUIDORA DE ENERGIA S.A.,Energisa AC — ENERGISA ACRE - DISTRIBUIDORA DE ENERGIA S.A.,grupo_a,10,0,0.0,4611069,G,34,4611069.0,0.0,False,False,0.0,0.0,,pos_2022,REN_1000,True
2025,1,energisa,energisa_ac,Energisa AC,ENERGISA ACRE - DISTRIBUIDORA DE ENERGIA S.A.,Energisa AC,ENERGISA ACRE - DISTRIBUIDORA DE ENERGIA S.A.,Energisa AC — ENERGISA ACRE - DISTRIBUIDORA DE ENERGIA S.A.,nao_classificado,236120,1638,390684.56,4611069,G,34,4611069.0,0.006937150601389124,False,False,35.523215983105004,0.08472754582505705,238.5131623931624,pos_2022,REN_1000,True
2025,1,energisa,energisa_ac,Energisa AC,ENERGISA ACRE - DISTRIBUIDORA DE ENERGIA S.A.,Energisa AC,ENERGISA ACRE - DISTRIBUIDORA DE ENERGIA S.A.,Energisa AC — ENERGISA ACRE - DISTRIBUIDORA DE ENERGIA S.A.,rural,9395,555,85728.95,4611069,G,34,4611069.0,0.05907397551889303,False,False,12.03625449977001,0.018591990273838885,154.46657657657659,pos_2022,REN_1000,True
2025,1,energisa,energisa_ac,Energisa AC,ENERGISA ACRE - DISTRIBUIDORA DE ENERGIA S.A.,Energisa AC,ENERGISA ACRE - DISTRIBUIDORA DE ENERGIA S.A.,Energisa AC — ENERGISA ACRE - DISTRIBUIDORA DE ENERGIA S.A.,urbana,96692,3984,908914.5499999999,4611069,G,34,4611069.0,0.041202995077152194,False,False,86.4007890578085,0.19711579896115194,228.14120230923692,pos_2022,REN_1000,True
2025,1,energisa,energisa_minas_rio,Energisa Minas Rio,ENERGISA MINAS RIO - DISTRIBUIDORA DE ENERGIA S.A.,Energisa Minas Rio,ENERGISA MINAS RIO - DISTRIBUIDORA DE ENERGIA S.A.,Energisa Minas Rio — ENERGISA MINAS RIO - DISTRIBUIDORA DE ENERGIA S.A.,grupo_a,0,0,0.0,7716702,G,32,7716702.0,,False,False,0.0,0.0,,pos_2022,REN_1000,True
2025,1,energisa,energisa_minas_rio,Energisa Minas Rio,ENERGISA MINAS RIO - DISTRIBUIDORA DE ENERGIA S.A.,Energisa Minas Rio,ENERGISA MINAS RIO - DISTRIBUIDORA DE ENERGIA S.A.,Energisa Minas Rio — ENERGISA MINAS RIO - DISTRIBUIDORA DE ENERGIA S.A.,nao_classificado,447971,3736,501802.11,7716702,G,32,7716702.0,0.008339825569065856,False,False,48.41446514326975,0.06502805343526288,134.31533993576016,pos_2022,REN_1000,True
2025,1,energisa,energisa_minas_rio,Energisa Minas Rio,ENERGISA MINAS RIO - DISTRIBUIDORA DE ENERGIA S.A.,Energisa Minas Rio,ENERGISA MINAS RIO - DISTRIBUIDORA DE ENERGIA S.A.,Energisa Minas Rio — ENERGISA MINAS RIO - DISTRIBUIDORA DE ENERGIA S.A.,rural,23666,970,251190.82,7716702,G,32,7716702.0,0.0409870700583115,False,False,12.570136827883209,0.03255157708565136,258.9596082474227,pos_2022,REN_1000,True
2025,1,energisa,energisa_minas_rio,Energisa Minas Rio,ENERGISA MINAS RIO - DISTRIBUIDORA DE ENERGIA S.A.,Energisa Minas Rio,ENERGISA MINAS RIO - DISTRIBUIDORA DE ENERGIA S.A.,Energisa Minas Rio — ENERGISA MINAS RIO - DISTRIBUIDORA DE ENERGIA S.A.,urbana,152784,865,390655.19,7716702,G,32,7716702.0,0.005661587600795895,False,False,11.209451913524717,0.050624630833223834,451.6244971098266,pos_2022,REN_1000,True
2025,1,energisa,energisa_ms,Energisa MS,ENERGISA MATO GROSSO DO SUL DISTRIBUIDORA DE ENERGIA S.A.,Energisa MS,ENERGISA MATO GROSSO DO SUL DISTRIBUIDORA DE ENERGIA S.A.,Energisa MS — ENERGISA MATO GROSSO DO SUL DISTRIBUIDORA DE ENERGIA S.A.,grupo_a,144,0,0.0,18158055,GG,24,18158055.0,0.0,False,False,0.0,0.0,,pos_2022,REN_1000,True
2025,1,energisa,energisa_ms,Energisa MS,ENERGISA MATO GROSSO DO SUL DISTRIBUIDORA DE ENERGIA S.A.,Energisa MS,ENERGISA MATO GROSSO DO SUL DISTRIBUIDORA DE ENERGIA S.A.,Energisa MS — ENERGISA MATO GROSSO DO SUL DISTRIBUIDORA DE ENERGIA S.A.,nao_classificado,1416249,6593,1895444.8199999998,18158055,GG,24,18158055.0,0.00465525483160094,False,False,36.30895489632562,0.10438589485492801,287.4935264674655,pos_2022,REN_1000,True
2025,1,energisa,energisa_ms,Energisa MS,ENERGISA MATO GROSSO DO SUL DISTRIBUIDORA DE ENERGIA S.A.,Energisa MS,ENERGISA MATO GROSSO DO SUL DISTRIBUIDORA DE ENERGIA S.A.,Energisa MS — ENERGISA MATO GROSSO DO SUL DISTRIBUIDORA DE ENERGIA S.A.,rural,35082,816,292433.64,18158055,GG,24,18158055.0,0.023259791345989395,False,False,4.493873380161036,0.016104898900240142,358.3745588235294,pos_2022,REN_1000,True
2025,1,energisa,energisa_ms,Energisa MS,ENERGISA MATO GROSSO DO SUL DISTRIBUIDORA DE ENERGIA S.A.,Energisa MS,ENERGISA MATO GROSSO DO SUL DISTRIBUIDORA DE ENERGIA S.A.,Energisa MS — ENERGISA MATO GROSSO DO SUL DISTRIBUIDORA DE ENERGIA S.A.,urbana,477027,4989,1273447.23,18158055,GG,24,18158055.0,0.010458527504732437,False,False,27.475409673558097,0.07013125745020599,255.25099819603128,pos_2022,REN_1000,True
2025,1,energisa,energisa_mt,Energisa MT,ENERGISA MATO GROSSO DISTRIBUIDORA DE ENERGIA S.A.,Energisa MT,ENERGISA MATO GROSSO DISTRIBUIDORA DE ENERGIA S.A.,Energisa MT — ENERGISA MATO GROSSO DISTRIBUIDORA DE ENERGIA S.A.,grupo_a,273,0,0.0,22983443,GG,20,22983443.0,0.0,False,False,0.0,0.0,,pos_2022,REN_1000,True
2025,1,energisa,energisa_mt,Energisa MT,ENERGISA MATO GROSSO DISTRIBUIDORA DE ENERGIA S.A.,Energisa MT,ENERGISA MATO GROSSO DISTRIBUIDORA DE ENERGIA S.A.,Energisa MT — ENERGISA MATO GROSSO DISTRIBUIDORA DE ENERGIA S.A.,nao_classificado,2206805,6052,2448643.92,22983443,GG,20,22983443.0,0.002742426267839705,False,False,26.33199908299205,0.1065394736550133,404.6007799074686,pos_2022,REN_1000,True
2025,1,energisa,energisa_mt,Energisa MT,ENERGISA MATO GROSSO DISTRIBUIDORA DE ENERGIA S.A.,Energisa MT,ENERGISA MATO GROSSO DISTRIBUIDORA DE ENERGIA S.A.,Energisa MT — ENERGISA MATO GROSSO DISTRIBUIDORA DE ENERGIA S.A.,rural,67858,3464,1083767.3800000001,22983443,GG,20,22983443.0,0.051047776238615936,False,False,15.071719237191747,0.04715426579037789,312.8658718244804,pos_2022,REN_1000,True
2025,1,energisa,energisa_mt,Energisa MT,ENERGISA MATO GROSSO DISTRIBUIDORA DE ENERGIA S.A.,Energisa MT,ENERGISA MATO GROSSO DISTRIBUIDORA DE ENERGIA S.A.,Energisa MT — ENERGISA MATO GROSSO DISTRIBUIDORA DE ENERGIA S.A.,urbana,681373,3599,2019654.14,22983443,GG,20,22983443.0,0.005281982115522629,False,False,15.659098595454129,0.08787430760482665,561.1709196999166,pos_2022,REN_1000,True
2025,1,energisa,energisa_pb,Energisa PB,ENERGISA PARAÍBA DISTRIBUIDORA DE ENERGIA S.A.,Energisa PB,ENERGISA PARAÍBA DISTRIBUIDORA DE ENERGIA S.A.,Energisa PB — ENERGISA PARAÍBA DISTRIBUIDORA DE ENERGIA S.A.,grupo_a,5,0,0.0,23958783,GG,18,23958783.0,0.0,False,False,0.0,0.0,,pos_2022,REN_1000,True
2025,1,energisa,energisa_pb,Energisa PB,ENERGISA PARAÍBA DISTRIBUIDORA DE ENERGIA S.A.,Energisa PB,ENERGISA PARAÍBA DISTRIBUIDORA DE ENERGIA S.A.,Energisa PB — ENERGISA PARAÍBA DISTRIBUIDORA DE ENERGIA S.A.,nao_classificado,1079739,7033,1722763.3900000001,23958783,GG,18,23958783.0,0.0065136111597339725,False,False,29.35457948761421,0.0719052962748567,244.95427129247832,pos_2022,REN_1000,True
2025,1,energisa,energisa_pb,Energisa PB,ENERGISA PARAÍBA DISTRIBUIDORA DE ENERGIA S.A.,Energisa PB,ENERGISA PARAÍBA DISTRIBUIDORA DE ENERGIA S.A.,Energisa PB — ENERGISA PARAÍBA DISTRIBUIDORA DE ENERGIA S.A.,rural,63600,1549,249985.16,23958783,GG,18,23958783.0,0.024355345911949686,False,False,6.465269959663645,0.010433967368042025,161.38486765655261,pos_2022,REN_1000,True
2025,1,energisa,energisa_pb,Energisa PB,ENERGISA PARAÍBA DISTRIBUIDORA DE ENERGIA S.A.,Energisa PB,ENERGISA PARAÍBA DISTRIBUIDORA DE ENERGIA S.A.,Energisa PB — ENERGISA PARAÍBA DISTRIBUIDORA DE ENERGIA S.A.,urbana,384839,6625,1285847.48,23958783,GG,18,23958783.0,0.01721499120411393,False,False,27.651654927547867,0.053669148387044535,194.09018566037736,pos_2022,REN_1000,True
2025,1,energisa,energisa_ro,Energisa RO,ENERGISA RONDÔNIA DISTRIBUIDORA DE ENERGIA S.A.,Energisa RO,ENERGISA RONDÔNIA DISTRIBUIDORA DE ENERGIA S.A.,Energisa RO — ENERGISA RONDÔNIA DISTRIBUIDORA DE ENERGIA S.A.,grupo_a,15,0,0.0,12758792,G,28,12758792.0,0.0,False,False,0.0,0.0,,pos_2022,REN_1000,True
2025,1,energisa,energisa_ro,Energisa RO,ENERGISA RONDÔNIA DISTRIBUIDORA DE ENERGIA S.A.,Energisa RO,ENERGISA RONDÔNIA DISTRIBUIDORA DE ENERGIA S.A.,Energisa RO — ENERGISA RONDÔNIA DISTRIBUIDORA DE ENERGIA S.A.,nao_classificado,851908,3353,2172642.02,12758792,G,28,12758792.0,0.003935871009545631,False,False,26.27991740910895,0.1702858718913201,647.9695854458694,pos_2022,REN_1000,True
2025,1,energisa,energisa_ro,Energisa RO,ENERGISA RONDÔNIA DISTRIBUIDORA DE ENERGIA S.A.,Energisa RO,ENERGISA RONDÔNIA DISTRIBUIDORA DE ENERGIA S.A.,Energisa RO — ENERGISA RONDÔNIA DISTRIBUIDORA DE ENERGIA S.A.,rural,24590,1462,1259886.88,12758792,G,28,12758792.0,0.05945506303375356,False,False,11.458765061770738,0.09874656472180124,861.7557318741449,pos_2022,REN_1000,True
2025,1,energisa,energisa_ro,Energisa RO,ENERGISA RONDÔNIA DISTRIBUIDORA DE ENERGIA S.A.,Energisa RO,ENERGISA RONDÔNIA DISTRIBUIDORA DE ENERGIA S.A.,Energisa RO — ENERGISA RONDÔNIA DISTRIBUIDORA DE ENERGIA S.A.,urbana,321577,2946,1564796.71,12758792,G,28,12758792.0,0.009161102939575902,False,False,23.089960240750067,0.12264458186950614,531.1597793618465,pos_2022,REN_1000,True
2025,1,energisa,energisa_se,Energisa SE,ENERGISA SERGIPE DISTRIBUIDORA DE ENERGIA S.A.,Energisa SE,ENERGISA SERGIPE DISTRIBUIDORA DE ENERGIA S.A.,Energisa SE — ENERGISA SERGIPE DISTRIBUIDORA DE ENERGIA S.A.,grupo_a,13,0,0.0,11333060,G,30,11333060.0,0.0,False,False,0.0,0.0,,pos_2022,REN_1000,True
2025,1,energisa,energisa_se,Energisa SE,ENERGISA SERGIPE DISTRIBUIDORA DE ENERGIA S.A.,Energisa SE,ENERGISA SERGIPE DISTRIBUIDORA DE ENERGIA S.A.,Energisa SE — ENERGISA SERGIPE DISTRIBUIDORA DE ENERGIA S.A.,nao_classificado,490475,1064,381038.81,11333060,G,30,11333060.0,0.002169325653703043,False,False,9.388461721723877,0.03362188235128024,358.1191823308271,pos_2022,REN_1000,True
2025,1,energisa,energisa_se,Energisa SE,ENERGISA SERGIPE DISTRIBUIDORA DE ENERGIA S.A.,Energisa SE,ENERGISA SERGIPE DISTRIBUIDORA DE ENERGIA S.A.,Energisa SE — ENERGISA SERGIPE DISTRIBUIDORA DE ENERGIA S.A.,rural,38136,398,55458.15,11333060,G,30,11333060.0,0.010436333123557793,False,False,3.5118494034267886,0.0048934841957953105,139.3420854271357,pos_2022,REN_1000,True
2025,1,energisa,energisa_se,Energisa SE,ENERGISA SERGIPE DISTRIBUIDORA DE ENERGIA S.A.,Energisa SE,ENERGISA SERGIPE DISTRIBUIDORA DE ENERGIA S.A.,Energisa SE — ENERGISA SERGIPE DISTRIBUIDORA DE ENERGIA S.A.,urbana,135867,679,146715.87,11333060,G,30,11333060.0,0.004997534353448593,False,False,5.991320967152737,0.012945830164139253,216.0763917525773,pos_2022,REN_1000,True
2025,1,energisa,energisa_sul_sudeste,Energisa Sul-Sudeste,ENERGISA SUL-SUDESTE DISTRIBUIDORA DE ENERGIA S.A.,Energisa Sul-Sudeste,ENERGISA SUL-SUDESTE DISTRIBUIDORA DE ENERGIA S.A.,Energisa Sul-Sudeste — ENERGISA SUL-SUDESTE DISTRIBUIDORA DE ENERGIA S.A.,grupo_a,53,0,0.0,12699916,G,29,12699916.0,0.0,False,False,0.0,0.0,,pos_2022,REN_1000,True
2025,1,energisa,energisa_sul_sudeste,Energisa Sul-Sudeste,ENERGISA SUL-SUDESTE DISTRIBUIDORA DE ENERGIA S.A.,Energisa Sul-Sudeste,ENERGISA SUL-SUDESTE DISTRIBUIDORA DE ENERGIA S.A.,Energisa Sul-Sudeste — ENERGISA SUL-SUDESTE DISTRIBUIDORA DE ENERGIA S.A.,nao_classificado,675054,1695,464177.14,12699916,G,29,12699916.0,0.002510910238292048,False,False,13.346544969273813,0.03654962284789915,273.85082005899704,pos_2022,REN_1000,True
2025,1,energisa,energisa_sul_sudeste,Energisa Sul-Sudeste,ENERGISA SUL-SUDESTE DISTRIBUIDORA DE ENERGIA S.A.,Energisa Sul-Sudeste,ENERGISA SUL-SUDESTE DISTRIBUIDORA DE ENERGIA S.A.,Energisa Sul-Sudeste — ENERGISA SUL-SUDESTE DISTRIBUIDORA DE ENERGIA S.A.,rural,19164,275,193240.120161,12699916,G,29,12699916.0,0.014349822584011688,False,False,2.1653686528320346,0.015215858133313638,702.69134604,pos_2022,REN_1000,True
2025,1,energisa,energisa_sul_sudeste,Energisa Sul-Sudeste,ENERGISA SUL-SUDESTE DISTRIBUIDORA DE ENERGIA S.A.,Energisa Sul-Sudeste,ENERGISA SUL-SUDESTE DISTRIBUIDORA DE ENERGIA S.A.,Energisa Sul-Sudeste — ENERGISA SUL-SUDESTE DISTRIBUIDORA DE ENERGIA S.A.,urbana,230612,1699,400911.299525,12699916,G,29,12699916.0,0.007367352956481016,False,False,13.378041240587734,0.031568027656639616,235.96898147439668,pos_2022,REN_1000,True
2025,1,energisa,energisa_to,Energisa TO,ENERGISA TOCANTINS DISTRIBUIDORA DE ENERGIA S.A.,Energisa TO,ENERGISA TOCANTINS DISTRIBUIDORA DE ENERGIA S.A.,Energisa TO — ENERGISA TOCANTINS DISTRIBUIDORA DE ENERGIA S.A.,grupo_a,45,0,0.0,10284309,G,31,10284309.0,0.0,False,False,0.0,0.0,,pos_2022,REN_1000,True
2025,1,energisa,energisa_to,Energisa TO,ENERGISA TOCANTINS DISTRIBUIDORA DE ENERGIA S.A.,Energisa TO,ENERGISA TOCANTINS DISTRIBUIDORA DE ENERGIA S.A.,Energisa TO — ENERGISA TOCANTINS DISTRIBUIDORA DE ENERGIA S.A.,nao_classificado,629184,2921,545862.2,10284309,G,31,10284309.0,0.004642521106703285,False,False,28.402491601526172,0.053077187781891806,186.87511126326598,pos_2022,REN_1000,True
2025,1,energisa,energisa_to,Energisa TO,ENERGISA TOCANTINS DISTRIBUIDORA DE ENERGIA S.A.,Energisa TO,ENERGISA TOCANTINS DISTRIBUIDORA DE ENERGIA S.A.,Energisa TO — ENERGISA TOCANTINS DISTRIBUIDORA DE ENERGIA S.A.,rural,25466,343,111301.1,10284309,G,31,10284309.0,0.013468938977460142,False,False,3.335177890901567,0.010822418890758728,324.49300291545194,pos_2022,REN_1000,True
2025,1,energisa,energisa_to,Energisa TO,ENERGISA TOCANTINS DISTRIBUIDORA DE ENERGIA S.A.,Energisa TO,ENERGISA TOCANTINS DISTRIBUIDORA DE ENERGIA S.A.,Energisa TO — ENERGISA TOCANTINS DISTRIBUIDORA DE ENERGIA S.A.,urbana,263792,1660,390450.86,10284309,G,31,10284309.0,0.006292836780493722,False,False,16.141094165879302,0.03796568733981058,235.21136144578313,pos_2022,REN_1000,True
2025,1,equatorial,cea_equatorial,CEA Equatorial,COMPANHIA DE ELETRICIDADE DO AMAPA,CEA Equatorial,COMPANHIA DE ELETRICIDADE DO AMAPA,CEA Equatorial — COMPANHIA DE ELETRICIDADE DO AMAPA,grupo_a,0,0,0.0,3226577,G,35,3226577.0,,False,False,0.0,0.0,,pos_2022,REN_1000,True
2025,1,equatorial,cea_equatorial,CEA Equatorial,COMPANHIA DE ELETRICIDADE DO AMAPA,CEA Equatorial,COMPANHIA DE ELETRICIDADE DO AMAPA,CEA Equatorial — COMPANHIA DE ELETRICIDADE DO AMAPA,nao_classificado,77437,1587,1466583.95,3226577,G,35,3226577.0,0.02049407905781474,False,False,49.185251119065185,0.4545324503335888,924.1234719596723,pos_2022,REN_1000,True
2025,1,equatorial,cea_equatorial,CEA Equatorial,COMPANHIA DE ELETRICIDADE DO AMAPA,CEA Equatorial,COMPANHIA DE ELETRICIDADE DO AMAPA,CEA Equatorial — COMPANHIA DE ELETRICIDADE DO AMAPA,rural,3128,41,11945.83,3226577,G,35,3226577.0,0.013107416879795396,False,False,1.2706964687345135,0.003702322926122637,291.3617073170732,pos_2022,REN_1000,True
2025,1,equatorial,cea_equatorial,CEA Equatorial,COMPANHIA DE ELETRICIDADE DO AMAPA,CEA Equatorial,COMPANHIA DE ELETRICIDADE DO AMAPA,CEA Equatorial — COMPANHIA DE ELETRICIDADE DO AMAPA,urbana,76408,461,234527.67,3226577,G,35,3226577.0,0.006033399644016333,False,False,14.287587124063675,0.0726862151437886,508.7368112798265,pos_2022,REN_1000,True
2025,1,equatorial,ceee_equatorial,CEEE Equatorial,COMPANHIA ESTADUAL DE DISTRIBUIÇÃO DE ENERGIA ELÉTRICA,CEEE Equatorial,COMPANHIA ESTADUAL DE DISTRIBUIÇÃO DE ENERGIA ELÉTRICA,CEEE Equatorial — COMPANHIA ESTADUAL DE DISTRIBUIÇÃO DE ENERGIA ELÉTRICA,grupo_a,222,0,0.0,23839367,GG,19,23839367.0,0.0,False,False,0.0,0.0,,pos_2022,REN_1000,True
2025,1,equatorial,ceee_equatorial,CEEE Equatorial,COMPANHIA ESTADUAL DE DISTRIBUIÇÃO DE ENERGIA ELÉTRICA,CEEE Equatorial,COMPANHIA ESTADUAL DE DISTRIBUIÇÃO DE ENERGIA ELÉTRICA,CEEE Equatorial — COMPANHIA ESTADUAL DE DISTRIBUIÇÃO DE ENERGIA ELÉTRICA,nao_classificado,8172483,4729,3483007.22,23839367,GG,19,23839367.0,0.0005786491082330793,False,False,19.836936106566924,0.14610317547441593,736.5208754493551,pos_2022,REN_1000,True
2025,1,equatorial,ceee_equatorial,CEEE Equatorial,COMPANHIA ESTADUAL DE DISTRIBUIÇÃO DE ENERGIA ELÉTRICA,CEEE Equatorial,COMPANHIA ESTADUAL DE DISTRIBUIÇÃO DE ENERGIA ELÉTRICA,CEEE Equatorial — COMPANHIA ESTADUAL DE DISTRIBUIÇÃO DE ENERGIA ELÉTRICA,rural,13462,857,461938.25,23839367,GG,19,23839367.0,0.06366067449116031,False,False,3.5948941093947675,0.019377118947831125,539.0177946324387,pos_2022,REN_1000,True
2025,1,equatorial,ceee_equatorial,CEEE Equatorial,COMPANHIA ESTADUAL DE DISTRIBUIÇÃO DE ENERGIA ELÉTRICA,CEEE Equatorial,COMPANHIA ESTADUAL DE DISTRIBUIÇÃO DE ENERGIA ELÉTRICA,CEEE Equatorial — COMPANHIA ESTADUAL DE DISTRIBUIÇÃO DE ENERGIA ELÉTRICA,urbana,519842,1474,1373553.5,23839367,GG,19,23839367.0,0.0028354769333759104,False,False,6.183050078468946,0.05761702900920146,931.8544776119403,pos_2022,REN_1000,True
2025,1,equatorial,equatorial_al,Equatorial AL,EQUATORIAL ALAGOAS DISTRIBUIDORA DE ENERGIA S.A.,Equatorial AL,EQUATORIAL ALAGOAS DISTRIBUIDORA DE ENERGIA S.A.,Equatorial AL — EQUATORIAL ALAGOAS DISTRIBUIDORA DE ENERGIA S.A.,grupo_a,0,0,0.0,16935181,GG,25,16935181.0,,False,False,0.0,0.0,,pos_2022,REN_1000,True
2025,1,equatorial,equatorial_al,Equatorial AL,EQUATORIAL ALAGOAS DISTRIBUIDORA DE ENERGIA S.A.,Equatorial AL,EQUATORIAL ALAGOAS DISTRIBUIDORA DE ENERGIA S.A.,Equatorial AL — EQUATORIAL ALAGOAS DISTRIBUIDORA DE ENERGIA S.A.,nao_classificado,284975,1595,514692.77,16935181,GG,25,16935181.0,0.0055969821914203,False,False,9.418263672528802,0.030391926132941834,322.6913918495298,pos_2022,REN_1000,True
2025,1,equatorial,equatorial_al,Equatorial AL,EQUATORIAL ALAGOAS DISTRIBUIDORA DE ENERGIA S.A.,Equatorial AL,EQUATORIAL ALAGOAS DISTRIBUIDORA DE ENERGIA S.A.,Equatorial AL — EQUATORIAL ALAGOAS DISTRIBUIDORA DE ENERGIA S.A.,rural,29906,537,225356.21,16935181,GG,25,16935181.0,0.0179562629572661,False,False,3.1709138508764685,0.01330698561769136,419.65774674115454,pos_2022,REN_1000,True
2025,1,equatorial,equatorial_al,Equatorial AL,EQUATORIAL ALAGOAS DISTRIBUIDORA DE ENERGIA S.A.,Equatorial AL,EQUATORIAL ALAGOAS DISTRIBUIDORA DE ENERGIA S.A.,Equatorial AL — EQUATORIAL ALAGOAS DISTRIBUIDORA DE ENERGIA S.A.,urbana,217348,934,956696.08,16935181,GG,25,16935181.0,0.004297256013397869,False,False,5.515146250872665,0.056491635961847704,1024.2998715203425,pos_2022,REN_1000,True
2025,1,equatorial,equatorial_ma,Equatorial MA,EQUATORIAL MARANHÃO DISTRIBUIDORA DE ENERGIA S.A.,Equatorial MA,EQUATORIAL MARANHÃO DISTRIBUIDORA DE ENERGIA S.A.,Equatorial MA — EQUATORIAL MARANHÃO DISTRIBUIDORA DE ENERGIA S.A.,grupo_a,0,0,0.0,34240102,GG,15,34240102.0,,False,False,0.0,0.0,,pos_2022,REN_1000,True
2025,1,equatorial,equatorial_ma,Equatorial MA,EQUATORIAL MARANHÃO DISTRIBUIDORA DE ENERGIA S.A.,Equatorial MA,EQUATORIAL MARANHÃO DISTRIBUIDORA DE ENERGIA S.A.,Equatorial MA — EQUATORIAL MARANHÃO DISTRIBUIDORA DE ENERGIA S.A.,nao_classificado,479404,2337,1640831.17,34240102,GG,15,34240102.0,0.004874802880242968,False,False,6.825330134822613,0.04792132833015509,702.1100427899015,pos_2022,REN_1000,True
2025,1,equatorial,equatorial_ma,Equatorial MA,EQUATORIAL MARANHÃO DISTRIBUIDORA DE ENERGIA S.A.,Equatorial MA,EQUATORIAL MARANHÃO DISTRIBUIDORA DE ENERGIA S.A.,Equatorial MA — EQUATORIAL MARANHÃO DISTRIBUIDORA DE ENERGIA S.A.,rural,28374,2661,2019261.59,34240102,GG,15,34240102.0,0.093783040812011,False,False,7.77158899818698,0.058973585709528556,758.8356219466366,pos_2022,REN_1000,True
2025,1,equatorial,equatorial_ma,Equatorial MA,EQUATORIAL MARANHÃO DISTRIBUIDORA DE ENERGIA S.A.,Equatorial MA,EQUATORIAL MARANHÃO DISTRIBUIDORA DE ENERGIA S.A.,Equatorial MA — EQUATORIAL MARANHÃO DISTRIBUIDORA DE ENERGIA S.A.,urbana,400303,2664,1868553.23,34240102,GG,15,34240102.0,0.006654958868656993,False,False,7.780350654329242,0.05457206961591411,701.4088701201201,pos_2022,REN_1000,True
2025,1,equatorial,equatorial_pa,Equatorial PA,EQUATORIAL PARÁ DISTRIBUIDORA DE ENERGIA S.A.,Equatorial PA,EQUATORIAL PARÁ DISTRIBUIDORA DE ENERGIA S.A.,Equatorial PA — EQUATORIAL PARÁ DISTRIBUIDORA DE ENERGIA S.A.,grupo_a,0,0,0.0,34417693,GG,14,34417693.0,,False,False,0.0,0.0,,pos_2022,REN_1000,True
2025,1,equatorial,equatorial_pa,Equatorial PA,EQUATORIAL PARÁ DISTRIBUIDORA DE ENERGIA S.A.,Equatorial PA,EQUATORIAL PARÁ DISTRIBUIDORA DE ENERGIA S.A.,Equatorial PA — EQUATORIAL PARÁ DISTRIBUIDORA DE ENERGIA S.A.,nao_classificado,760276,1204,952708.33,34417693,GG,14,34417693.0,0.001583635416611862,False,False,3.49820076551906,0.027680772502677618,791.285988372093,pos_2022,REN_1000,True
2025,1,equatorial,equatorial_pa,Equatorial PA,EQUATORIAL PARÁ DISTRIBUIDORA DE ENERGIA S.A.,Equatorial PA,EQUATORIAL PARÁ DISTRIBUIDORA DE ENERGIA S.A.,Equatorial PA — EQUATORIAL PARÁ DISTRIBUIDORA DE ENERGIA S.A.,rural,35545,693,994201.73,34417693,GG,14,34417693.0,0.019496412997608664,False,False,2.0134992778278313,0.028886355921647625,1434.634531024531,pos_2022,REN_1000,True
2025,1,equatorial,equatorial_pa,Equatorial PA,EQUATORIAL PARÁ DISTRIBUIDORA DE ENERGIA S.A.,Equatorial PA,EQUATORIAL PARÁ DISTRIBUIDORA DE ENERGIA S.A.,Equatorial PA — EQUATORIAL PARÁ DISTRIBUIDORA DE ENERGIA S.A.,urbana,766496,1087,4002268.43,34417693,GG,14,34417693.0,0.0014181417776478937,False,False,3.158259329002673,0.11628520336909276,3681.9396780128795,pos_2022,REN_1000,True
2025,1,equatorial,equatorial_pi,Equatorial PI,EQUATORIAL PIAUÍ DISTRIBUIDORA DE ENERGIA S.A.,Equatorial PI,EQUATORIAL PIAUÍ DISTRIBUIDORA DE ENERGIA S.A.,Equatorial PI — EQUATORIAL PIAUÍ DISTRIBUIDORA DE ENERGIA S.A.,grupo_a,0,0,0.0,18729996,GG,23,18729996.0,,False,False,0.0,0.0,,pos_2022,REN_1000,True
2025,1,equatorial,equatorial_pi,Equatorial PI,EQUATORIAL PIAUÍ DISTRIBUIDORA DE ENERGIA S.A.,Equatorial PI,EQUATORIAL PIAUÍ DISTRIBUIDORA DE ENERGIA S.A.,Equatorial PI — EQUATORIAL PIAUÍ DISTRIBUIDORA DE ENERGIA S.A.,nao_classificado,354641,4057,1318252.33,18729996,GG,23,18729996.0,0.01143973765018709,False,False,21.660442426148943,0.07038187995341803,324.9327902390929,pos_2022,REN_1000,True
2025,1,equatorial,equatorial_pi,Equatorial PI,EQUATORIAL PIAUÍ DISTRIBUIDORA DE ENERGIA S.A.,Equatorial PI,EQUATORIAL PIAUÍ DISTRIBUIDORA DE ENERGIA S.A.,Equatorial PI — EQUATORIAL PIAUÍ DISTRIBUIDORA DE ENERGIA S.A.,rural,29605,1191,440324.48,18729996,GG,23,18729996.0,0.04022969093058605,False,False,6.358784059537439,0.023509053605777597,369.7098908480269,pos_2022,REN_1000,True
2025,1,equatorial,equatorial_pi,Equatorial PI,EQUATORIAL PIAUÍ DISTRIBUIDORA DE ENERGIA S.A.,Equatorial PI,EQUATORIAL PIAUÍ DISTRIBUIDORA DE ENERGIA S.A.,Equatorial PI — EQUATORIAL PIAUÍ DISTRIBUIDORA DE ENERGIA S.A.,urbana,174213,1126,1166464.5,18729996,GG,23,18729996.0,0.006463352333063548,False,False,6.011747146128595,0.062277883027844746,1035.9365008880995,pos_2022,REN_1000,True
2025,1,forcel,forcel,Forcel,FORÇA E LUZ CORONEL VIVIDA LTDA,Forcel,FORÇA E LUZ CORONEL VIVIDA LTDA,Forcel — FORÇA E LUZ CORONEL VIVIDA LTDA,grupo_a,0,0,0.0,107406,M,74,107406.0,,False,False,0.0,0.0,,pos_2022,REN_1000,True
2025,1,forcel,forcel,Forcel,FORÇA E LUZ CORONEL VIVIDA LTDA,Forcel,FORÇA E LUZ CORONEL VIVIDA LTDA,Forcel — FORÇA E LUZ CORONEL VIVIDA LTDA,nao_classificado,16043,59,201.86,107406,M,74,107406.0,0.003677616405909119,False,False,54.93175427815951,0.0018794108336591998,3.42135593220339,pos_2022,REN_1000,True
2025,1,forcel,forcel,Forcel,FORÇA E LUZ CORONEL VIVIDA LTDA,Forcel,FORÇA E LUZ CORONEL VIVIDA LTDA,Forcel — FORÇA E LUZ CORONEL VIVIDA LTDA,rural,88,0,0.0,107406,M,74,107406.0,0.0,False,False,0.0,0.0,,pos_2022,REN_1000,True
2025,1,forcel,forcel,Forcel,FORÇA E LUZ CORONEL VIVIDA LTDA,Forcel,FORÇA E LUZ CORONEL VIVIDA LTDA,Forcel — FORÇA E LUZ CORONEL VIVIDA LTDA,urbana,2588,5,484.49,107406,M,74,107406.0,0.0019319938176197836,False,False,4.655233413403348,0.004510828072919576,96.898,pos_2022,REN_1000,True
2025,1,hidropan,hidropan,Hidropan,HIDROPAN DISTRIBUIÇÃO DE ENERGIA S.A.,Hidropan,HIDROPAN DISTRIBUIÇÃO DE ENERGIA S.A.,Hidropan — HIDROPAN DISTRIBUIÇÃO DE ENERGIA S.A.,grupo_a,0,0,0.0,245588,M,55,245588.0,,False,False,0.0,0.0,,pos_2022,REN_1000,True
2025,1,hidropan,hidropan,Hidropan,HIDROPAN DISTRIBUIÇÃO DE ENERGIA S.A.,Hidropan,HIDROPAN DISTRIBUIÇÃO DE ENERGIA S.A.,Hidropan — HIDROPAN DISTRIBUIÇÃO DE ENERGIA S.A.,nao_classificado,35232,8,1146.0,245588,M,55,245588.0,0.00022706630336058128,False,False,3.2574881508868514,0.0046663517761454144,143.25,pos_2022,REN_1000,True
2025,1,hidropan,hidropan,Hidropan,HIDROPAN DISTRIBUIÇÃO DE ENERGIA S.A.,Hidropan,HIDROPAN DISTRIBUIÇÃO DE ENERGIA S.A.,Hidropan — HIDROPAN DISTRIBUIÇÃO DE ENERGIA S.A.,rural,39,0,0.0,245588,M,55,245588.0,0.0,False,False,0.0,0.0,,pos_2022,REN_1000,True
2025,1,hidropan,hidropan,Hidropan,HIDROPAN DISTRIBUIÇÃO DE ENERGIA S.A.,Hidropan,HIDROPAN DISTRIBUIÇÃO DE ENERGIA S.A.,Hidropan — HIDROPAN DISTRIBUIÇÃO DE ENERGIA S.A.,urbana,4184,1,231.08,245588,M,55,245588.0,0.0002390057361376673,False,False,0.4071860188608564,0.000940925452383667,231.08,pos_2022,REN_1000,True
2025,1,joao,joao_cesa,João Cesa,EMPRESA FORÇA E LUZ JOÃO CESA LTDA.,João Cesa,EMPRESA FORÇA E LUZ JOÃO CESA LTDA.,João Cesa — EMPRESA FORÇA E LUZ JOÃO CESA LTDA.,nao_classificado,3425,2,36.9,48772,P,94,48772.0,0.0005839416058394161,False,False,4.1007135241532024,0.0007565816452062659,18.45,pos_2022,REN_1000,True
2025,1,joao,joao_cesa,João Cesa,EMPRESA FORÇA E LUZ JOÃO CESA LTDA.,João Cesa,EMPRESA FORÇA E LUZ JOÃO CESA LTDA.,João Cesa — EMPRESA FORÇA E LUZ JOÃO CESA LTDA.,urbana,859,4,40.31,48772,P,94,48772.0,0.004656577415599534,False,False,8.201427048306405,0.000826498810793078,10.0775,pos_2022,REN_1000,True
2025,1,light,light,Light,LIGHT SERVIÇOS DE ELETRICIDADE S.A.,Light,LIGHT SERVIÇOS DE ELETRICIDADE S.A.,Light — LIGHT SERVIÇOS DE ELETRICIDADE S.A.,grupo_a,174,0,0.0,56108510,GG,6,56108510.0,0.0,False,False,0.0,0.0,,pos_2022,REN_1000,True
2025,1,light,light,Light,LIGHT SERVIÇOS DE ELETRICIDADE S.A.,Light,LIGHT SERVIÇOS DE ELETRICIDADE S.A.,Light — LIGHT SERVIÇOS DE ELETRICIDADE S.A.,nao_classificado,33443668,1708,2414043.131012,56108510,GG,6,56108510.0,5.107095310239295e-05,False,False,3.0441015097353326,0.04302454531428477,1413.3741984847777,pos_2022,REN_1000,True
2025,1,light,light,Light,LIGHT SERVIÇOS DE ELETRICIDADE S.A.,Light,LIGHT SERVIÇOS DE ELETRICIDADE S.A.,Light — LIGHT SERVIÇOS DE ELETRICIDADE S.A.,rural,1790,28,668096.6931,56108510,GG,6,56108510.0,0.01564245810055866,False,False,0.04990330343828414,0.011907225714958392,23860.596182142857,pos_2022,REN_1000,True
2025,1,light,light,Light,LIGHT SERVIÇOS DE ELETRICIDADE S.A.,Light,LIGHT SERVIÇOS DE ELETRICIDADE S.A.,Light — LIGHT SERVIÇOS DE ELETRICIDADE S.A.,urbana,923043,659,1475458.52689,56108510,GG,6,56108510.0,0.0007139429040683912,False,False,1.174509891636759,0.02629651949214121,2238.935549150228,pos_2022,REN_1000,True
2025,1,mux,mux_energia,Mux Energia,"MUXFELDT, MARIN & CIA LTDA",Mux Energia,"MUXFELDT, MARIN & CIA LTDA","Mux Energia — MUXFELDT, MARIN & CIA LTDA",grupo_a,25,0,0.0,157789,M,70,157789.0,0.0,False,False,0.0,0.0,,pos_2022,REN_1000,True
2025,1,mux,mux_energia,Mux Energia,"MUXFELDT, MARIN & CIA LTDA",Mux Energia,"MUXFELDT, MARIN & CIA LTDA","Mux Energia — MUXFELDT, MARIN & CIA LTDA",nao_classificado,25543,2,750.9300000000001,157789,M,70,157789.0,7.829933837059077e-05,False,False,1.2675154795327939,0.004759076995227805,375.46500000000003,pos_2022,REN_1000,True
2025,1,mux,mux_energia,Mux Energia,"MUXFELDT, MARIN & CIA LTDA",Mux Energia,"MUXFELDT, MARIN & CIA LTDA","Mux Energia — MUXFELDT, MARIN & CIA LTDA",rural,0,0,0.0,157789,M,70,157789.0,,False,False,0.0,0.0,,pos_2022,REN_1000,True
2025,1,mux,mux_energia,Mux Energia,"MUXFELDT, MARIN & CIA LTDA",Mux Energia,"MUXFELDT, MARIN & CIA LTDA","Mux Energia — MUXFELDT, MARIN & CIA LTDA",urbana,2955,2,279.67999999999995,157789,M,70,157789.0,0.0006768189509306261,False,False,1.2675154795327939,0.0017724936465786584,139.83999999999997,pos_2022,REN_1000,True
2025,1,neoenergia,neoenergia_brasilia,Neoenergia Brasília,NEOENERGIA DISTRIBUIÇÃO BRASÍLIA S.A.,Neoenergia Brasília,NEOENERGIA DISTRIBUIÇÃO BRASÍLIA S.A.,Neoenergia Brasília — NEOENERGIA DISTRIBUIÇÃO BRASÍLIA S.A.,grupo_a,53,0,10640.12,14552444,GG,26,14552444.0,0.0,False,False,0.0,0.0007311569108254257,,pos_2022,REN_1000,True
2025,1,neoenergia,neoenergia_brasilia,Neoenergia Brasília,NEOENERGIA DISTRIBUIÇÃO BRASÍLIA S.A.,Neoenergia Brasília,NEOENERGIA DISTRIBUIÇÃO BRASÍLIA S.A.,Neoenergia Brasília — NEOENERGIA DISTRIBUIÇÃO BRASÍLIA S.A.,nao_classificado,343103,2620,3101401.43,14552444,GG,26,14552444.0,0.007636190881455423,False,False,18.003848700603143,0.21311893933417644,1183.7410038167939,pos_2022,REN_1000,True
2025,1,neoenergia,neoenergia_brasilia,Neoenergia Brasília,NEOENERGIA DISTRIBUIÇÃO BRASÍLIA S.A.,Neoenergia Brasília,NEOENERGIA DISTRIBUIÇÃO BRASÍLIA S.A.,Neoenergia Brasília — NEOENERGIA DISTRIBUIÇÃO BRASÍLIA S.A.,rural,3487,148,496832.89,14552444,GG,26,14552444.0,0.04244336105534844,False,False,1.0170113006447576,0.03414085565283742,3356.9789864864865,pos_2022,REN_1000,True
2025,1,neoenergia,neoenergia_brasilia,Neoenergia Brasília,NEOENERGIA DISTRIBUIÇÃO BRASÍLIA S.A.,Neoenergia Brasília,NEOENERGIA DISTRIBUIÇÃO BRASÍLIA S.A.,Neoenergia Brasília — NEOENERGIA DISTRIBUIÇÃO BRASÍLIA S.A.,urbana,202912,267,663892.86,14552444,GG,26,14552444.0,0.0013158413499448037,False,False,1.8347433599469616,0.0456207122322546,2486.4901123595505,pos_2022,REN_1000,True
2025,1,neoenergia,neoenergia_coelba,Neoenergia Coelba,COMPANHIA DE ELETRICIDADE DO ESTADO DA BAHIA,Neoenergia Coelba,COMPANHIA DE ELETRICIDADE DO ESTADO DA BAHIA,Neoenergia Coelba — COMPANHIA DE ELETRICIDADE DO ESTADO DA BAHIA,grupo_a,264,9,190978.3,83475206,GG,3,83475206.0,0.03409090909090909,False,False,0.010781644552036205,0.0022878446086134845,21219.81111111111,pos_2022,REN_1000,True
2025,1,neoenergia,neoenergia_coelba,Neoenergia Coelba,COMPANHIA DE ELETRICIDADE DO ESTADO DA BAHIA,Neoenergia Coelba,COMPANHIA DE ELETRICIDADE DO ESTADO DA BAHIA,Neoenergia Coelba — COMPANHIA DE ELETRICIDADE DO ESTADO DA BAHIA,nao_classificado,38865520,10982,27789370.91,83475206,GG,3,83475206.0,0.00028256408250809455,False,False,13.156002274495735,0.33290568830701656,2530.447178109634,pos_2022,REN_1000,True
2025,1,neoenergia,neoenergia_coelba,Neoenergia Coelba,COMPANHIA DE ELETRICIDADE DO ESTADO DA BAHIA,Neoenergia Coelba,COMPANHIA DE ELETRICIDADE DO ESTADO DA BAHIA,Neoenergia Coelba — COMPANHIA DE ELETRICIDADE DO ESTADO DA BAHIA,rural,166431,5965,2367369.76,83475206,GG,3,83475206.0,0.03584067871970967,False,False,7.145834416988441,0.028360154750621397,396.87674098910304,pos_2022,REN_1000,True
2025,1,neoenergia,neoenergia_coelba,Neoenergia Coelba,COMPANHIA DE ELETRICIDADE DO ESTADO DA BAHIA,Neoenergia Coelba,COMPANHIA DE ELETRICIDADE DO ESTADO DA BAHIA,Neoenergia Coelba — COMPANHIA DE ELETRICIDADE DO ESTADO DA BAHIA,urbana,1043476,6741,5524811.12,83475206,GG,3,83475206.0,0.006460138996967827,False,False,8.075451769475118,0.06618505523664117,819.5833140483608,pos_2022,REN_1000,True
2025,1,neoenergia,neoenergia_cosern,Neoenergia Cosern,COMPANHIA ENERGÉTICA DO RIO GRANDE DO NORTE,Neoenergia Cosern,COMPANHIA ENERGÉTICA DO RIO GRANDE DO NORTE,Neoenergia Cosern — COMPANHIA ENERGÉTICA DO RIO GRANDE DO NORTE,grupo_a,95,3,22066.84,19613957,GG,22,19613957.0,0.031578947368421054,False,False,0.015295230839957485,0.0011250580390280247,7355.613333333334,pos_2022,REN_1000,True
2025,1,neoenergia,neoenergia_cosern,Neoenergia Cosern,COMPANHIA ENERGÉTICA DO RIO GRANDE DO NORTE,Neoenergia Cosern,COMPANHIA ENERGÉTICA DO RIO GRANDE DO NORTE,Neoenergia Cosern — COMPANHIA ENERGÉTICA DO RIO GRANDE DO NORTE,nao_classificado,5162820,1210,1003329.84603195,19613957,GG,22,19613957.0,0.00023436803917239028,False,False,6.169076438782852,0.05115387201225892,829.1982198611157,pos_2022,REN_1000,True
2025,1,neoenergia,neoenergia_cosern,Neoenergia Cosern,COMPANHIA ENERGÉTICA DO RIO GRANDE DO NORTE,Neoenergia Cosern,COMPANHIA ENERGÉTICA DO RIO GRANDE DO NORTE,Neoenergia Cosern — COMPANHIA ENERGÉTICA DO RIO GRANDE DO NORTE,rural,56894,353,56182.39649351,19613957,GG,22,19613957.0,0.006204520687594474,False,False,1.7997388288349974,0.0028644090783675113,159.15693057651558,pos_2022,REN_1000,True
2025,1,neoenergia,neoenergia_cosern,Neoenergia Cosern,COMPANHIA ENERGÉTICA DO RIO GRANDE DO NORTE,Neoenergia Cosern,COMPANHIA ENERGÉTICA DO RIO GRANDE DO NORTE,Neoenergia Cosern — COMPANHIA ENERGÉTICA DO RIO GRANDE DO NORTE,urbana,293278,274,99009.71521429,19613957,GG,22,19613957.0,0.0009342671458479668,False,False,1.396964416716117,0.005047921498670054,361.34932559959856,pos_2022,REN_1000,True
2025,1,neoenergia,neoenergia_elektro,Neoenergia Elektro,ELEKTRO REDES S.A.,Neoenergia Elektro,ELEKTRO REDES S.A.,Neoenergia Elektro — ELEKTRO REDES S.A.,grupo_a,182,0,0.0,36737771,GG,13,36737771.0,0.0,False,False,0.0,0.0,,pos_2022,REN_1000,True
2025,1,neoenergia,neoenergia_elektro,Neoenergia Elektro,ELEKTRO REDES S.A.,Neoenergia Elektro,ELEKTRO REDES S.A.,Neoenergia Elektro — ELEKTRO REDES S.A.,nao_classificado,44188543,318,224475.67,36737771,GG,13,36737771.0,7.196435510444416e-06,False,False,0.8655941592101491,0.006110214743295123,705.8983333333334,pos_2022,REN_1000,True
2025,1,neoenergia,neoenergia_elektro,Neoenergia Elektro,ELEKTRO REDES S.A.,Neoenergia Elektro,ELEKTRO REDES S.A.,Neoenergia Elektro — ELEKTRO REDES S.A.,rural,43246,32,24487.199999999997,36737771,GG,13,36737771.0,0.0007399528280072145,False,False,0.08710381476328545,0.000666540166522351,765.2249999999999,pos_2022,REN_1000,True
2025,1,neoenergia,neoenergia_elektro,Neoenergia Elektro,ELEKTRO REDES S.A.,Neoenergia Elektro,ELEKTRO REDES S.A.,Neoenergia Elektro — ELEKTRO REDES S.A.,urbana,692908,384,253930.12,36737771,GG,13,36737771.0,0.0005541861257194317,False,False,1.0452457771594255,0.006911963167280889,661.2763541666667,pos_2022,REN_1000,True
2025,1,neoenergia,neoenergia_pernambuco,Neoenergia Pernambuco,COMPANHIA ENERGÉTICA DE PERNAMBUCO,Neoenergia Pernambuco,COMPANHIA ENERGÉTICA DE PERNAMBUCO,Neoenergia Pernambuco — COMPANHIA ENERGÉTICA DE PERNAMBUCO,grupo_a,253,0,29870.54,50212957,GG,8,50212957.0,0.0,False,False,0.0,0.0005948771349992394,,pos_2022,REN_1000,True
2025,1,neoenergia,neoenergia_pernambuco,Neoenergia Pernambuco,COMPANHIA ENERGÉTICA DE PERNAMBUCO,Neoenergia Pernambuco,COMPANHIA ENERGÉTICA DE PERNAMBUCO,Neoenergia Pernambuco — COMPANHIA ENERGÉTICA DE PERNAMBUCO,nao_classificado,711198,3501,3476771.09,50212957,GG,8,50212957.0,0.004922679760066817,False,False,6.972303981221421,0.06924051674550853,993.079431590974,pos_2022,REN_1000,True
2025,1,neoenergia,neoenergia_pernambuco,Neoenergia Pernambuco,COMPANHIA ENERGÉTICA DE PERNAMBUCO,Neoenergia Pernambuco,COMPANHIA ENERGÉTICA DE PERNAMBUCO,Neoenergia Pernambuco — COMPANHIA ENERGÉTICA DE PERNAMBUCO,rural,111406,3680,811420.99,50212957,GG,8,50212957.0,0.03303233219036677,False,False,7.328785675776871,0.016159593827545348,220.49483423913043,pos_2022,REN_1000,True
2025,1,neoenergia,neoenergia_pernambuco,Neoenergia Pernambuco,COMPANHIA ENERGÉTICA DE PERNAMBUCO,Neoenergia Pernambuco,COMPANHIA ENERGÉTICA DE PERNAMBUCO,Neoenergia Pernambuco — COMPANHIA ENERGÉTICA DE PERNAMBUCO,urbana,658278,1714,2576219.39,50212957,GG,8,50212957.0,0.002603763151738323,False,False,3.413461589206945,0.051305868921441934,1503.0451516919488,pos_2022,REN_1000,True
2025,1,nova,nova_palma,Nova Palma,NOVA PALMA ENERGIA LTDA.,Nova Palma,NOVA PALMA ENERGIA LTDA.,Nova Palma — NOVA PALMA ENERGIA LTDA.,grupo_a,0,0,0.0,191472,M,65,191472.0,,False,False,0.0,0.0,,pos_2022,REN_1000,True
2025,1,nova,nova_palma,Nova Palma,NOVA PALMA ENERGIA LTDA.,Nova Palma,NOVA PALMA ENERGIA LTDA.,Nova Palma — NOVA PALMA ENERGIA LTDA.,nao_classificado,48280,20,0.0,191472,M,65,191472.0,0.00041425020712510354,False,False,10.445391493273169,0.0,0.0,pos_2022,REN_1000,True
2025,1,nova,nova_palma,Nova Palma,NOVA PALMA ENERGIA LTDA.,Nova Palma,NOVA PALMA ENERGIA LTDA.,Nova Palma — NOVA PALMA ENERGIA LTDA.,rural,1902,1,0.0,191472,M,65,191472.0,0.0005257623554153522,False,False,0.5222695746636584,0.0,0.0,pos_2022,REN_1000,True
2025,1,nova,nova_palma,Nova Palma,NOVA PALMA ENERGIA LTDA.,Nova Palma,NOVA PALMA ENERGIA LTDA.,Nova Palma — NOVA PALMA ENERGIA LTDA.,urbana,4173,5,634.41,191472,M,65,191472.0,0.0011981787682722263,False,False,2.611347873318292,0.003313330408623715,126.88199999999999,pos_2022,REN_1000,True
2025,1,rge,rge,RGE,RGE SUL DISTRIBUIDORA DE ENERGIA S.A.,RGE,RGE SUL DISTRIBUIDORA DE ENERGIA S.A.,RGE — RGE SUL DISTRIBUIDORA DE ENERGIA S.A.,grupo_a,209,1,4693.45,37889306,GG,11,37889306.0,0.004784688995215311,False,False,0.002639267132525468,0.00012387268323151655,4693.45,pos_2022,REN_1000,True
2025,1,rge,rge,RGE,RGE SUL DISTRIBUIDORA DE ENERGIA S.A.,RGE,RGE SUL DISTRIBUIDORA DE ENERGIA S.A.,RGE — RGE SUL DISTRIBUIDORA DE ENERGIA S.A.,nao_classificado,14536805,2947,2144378.2217,37889306,GG,11,37889306.0,0.00020272680276030392,False,False,7.777920239552554,0.05659586960236221,727.6478526297931,pos_2022,REN_1000,True
2025,1,rge,rge,RGE,RGE SUL DISTRIBUIDORA DE ENERGIA S.A.,RGE,RGE SUL DISTRIBUIDORA DE ENERGIA S.A.,RGE — RGE SUL DISTRIBUIDORA DE ENERGIA S.A.,rural,36365,120,137725.5421,37889306,GG,11,37889306.0,0.003299876254640451,False,False,0.3167120559030561,0.003634944965737826,1147.7128508333333,pos_2022,REN_1000,True
2025,1,rge,rge,RGE,RGE SUL DISTRIBUIDORA DE ENERGIA S.A.,RGE,RGE SUL DISTRIBUIDORA DE ENERGIA S.A.,RGE — RGE SUL DISTRIBUIDORA DE ENERGIA S.A.,urbana,602161,853,380212.89280000003,37889306,GG,11,37889306.0,0.001416564672903094,False,False,2.251294864044224,0.010034833913294692,445.7360994138336,pos_2022,REN_1000,True
2025,1,roraima,roraima_energia,Roraima Energia,RORAIMA ENERGIA S.A.,Roraima Energia,RORAIMA ENERGIA S.A.,Roraima Energia — RORAIMA ENERGIA S.A.,grupo_a,5,0,0.0,2719247,G,36,2719247.0,0.0,False,False,0.0,0.0,,pos_2022,REN_1000,True
2025,1,roraima,roraima_energia,Roraima Energia,RORAIMA ENERGIA S.A.,Roraima Energia,RORAIMA ENERGIA S.A.,Roraima Energia — RORAIMA ENERGIA S.A.,nao_classificado,76067,378,272880.26,2719247,G,36,2719247.0,0.004969303377285814,False,False,13.900907126127198,0.10035140610617573,721.9054497354498,pos_2022,REN_1000,True
2025,1,roraima,roraima_energia,Roraima Energia,RORAIMA ENERGIA S.A.,Roraima Energia,RORAIMA ENERGIA S.A.,Roraima Energia — RORAIMA ENERGIA S.A.,rural,5278,78,15118.43,2719247,G,36,2719247.0,0.014778325123152709,False,False,2.868441153010374,0.005559785484731619,193.82602564102564,pos_2022,REN_1000,True
2025,1,roraima,roraima_energia,Roraima Energia,RORAIMA ENERGIA S.A.,Roraima Energia,RORAIMA ENERGIA S.A.,Roraima Energia — RORAIMA ENERGIA S.A.,urbana,51954,368,86304.21,2719247,G,36,2719247.0,0.007083188974862378,False,False,13.533158260356636,0.03173827533872429,234.52230978260872,pos_2022,REN_1000,True
2025,1,santa,santa_maria,Santa Maria,EMPRESA LUZ E FORÇA SANTA MARIA S.A.,Santa Maria,EMPRESA LUZ E FORÇA SANTA MARIA S.A.,Santa Maria — EMPRESA LUZ E FORÇA SANTA MARIA S.A.,grupo_a,1,0,0.0,1711726,G,38,1711726.0,0.0,False,False,0.0,0.0,,pos_2022,REN_1000,True
2025,1,santa,santa_maria,Santa Maria,EMPRESA LUZ E FORÇA SANTA MARIA S.A.,Santa Maria,EMPRESA LUZ E FORÇA SANTA MARIA S.A.,Santa Maria — EMPRESA LUZ E FORÇA SANTA MARIA S.A.,nao_classificado,147682,18,0.0,1711726,G,38,1711726.0,0.00012188350645305454,False,False,1.0515701695247954,0.0,0.0,pos_2022,REN_1000,True
2025,1,santa,santa_maria,Santa Maria,EMPRESA LUZ E FORÇA SANTA MARIA S.A.,Santa Maria,EMPRESA LUZ E FORÇA SANTA MARIA S.A.,Santa Maria — EMPRESA LUZ E FORÇA SANTA MARIA S.A.,rural,7701,22,4445.04,1711726,G,38,1711726.0,0.0028567718478119727,False,False,1.2852524294191945,0.0025968174813024983,202.0472727272727,pos_2022,REN_1000,True
2025,1,santa,santa_maria,Santa Maria,EMPRESA LUZ E FORÇA SANTA MARIA S.A.,Santa Maria,EMPRESA LUZ E FORÇA SANTA MARIA S.A.,Santa Maria — EMPRESA LUZ E FORÇA SANTA MARIA S.A.,urbana,21713,17,3399.27,1711726,G,38,1711726.0,0.0007829410951964262,False,False,0.9931496045511956,0.001985872738978084,199.95705882352942,pos_2022,REN_1000,True
2025,1,sulgipe,sulgipe,Sulgipe,COMPANHIA SUL SERGIPANA DE ELETRICIDADE,Sulgipe,COMPANHIA SUL SERGIPANA DE ELETRICIDADE,Sulgipe — COMPANHIA SUL SERGIPANA DE ELETRICIDADE,grupo_a,0,0,0.0,1920563,G,37,1920563.0,,False,False,0.0,0.0,,pos_2022,REN_1000,True
2025,1,sulgipe,sulgipe,Sulgipe,COMPANHIA SUL SERGIPANA DE ELETRICIDADE,Sulgipe,COMPANHIA SUL SERGIPANA DE ELETRICIDADE,Sulgipe — COMPANHIA SUL SERGIPANA DE ELETRICIDADE,nao_classificado,86012,31,15939.18,1920563,G,37,1920563.0,0.00036041482583825513,False,False,1.6141100291945643,0.00829922267585078,514.1670967741935,pos_2022,REN_1000,True
2025,1,sulgipe,sulgipe,Sulgipe,COMPANHIA SUL SERGIPANA DE ELETRICIDADE,Sulgipe,COMPANHIA SUL SERGIPANA DE ELETRICIDADE,Sulgipe — COMPANHIA SUL SERGIPANA DE ELETRICIDADE,rural,8395,27,1753.7400000000002,1920563,G,37,1920563.0,0.003216200119118523,False,False,1.4058377673630076,0.0009131384911611857,64.95333333333335,pos_2022,REN_1000,True
2025,1,sulgipe,sulgipe,Sulgipe,COMPANHIA SUL SERGIPANA DE ELETRICIDADE,Sulgipe,COMPANHIA SUL SERGIPANA DE ELETRICIDADE,Sulgipe — COMPANHIA SUL SERGIPANA DE ELETRICIDADE,urbana,16959,15,928.4300000000001,1920563,G,37,1920563.0,0.0008844861135680169,False,False,0.7810209818683376,0.0004834155401306805,61.89533333333334,pos_2022,REN_1000,True
