ano,neo_distribuidora,qtd_serv_realizado,qtd_fora_prazo,compensacao_rs,exposicao_uc_mes,taxa_fora_prazo,fora_prazo_por_100k_uc_mes,compensacao_rs_por_uc_mes,escopo_servico
2023,NEOENERGIA DISTRIBUIÇÃO BRASÍLIA S.A.,326610,3034,2777969.71,14121840,0.0092893665227641,21.4844524509554,0.1967144302725423,sem_cod_69_93
2024,NEOENERGIA DISTRIBUIÇÃO BRASÍLIA S.A.,350908,4084,6817583.02,14230530,0.0116383781503983,28.69886082949827,0.4790814551531109,sem_cod_69_93
2025,NEOENERGIA DISTRIBUIÇÃO BRASÍLIA S.A.,492134,3035,4272767.3,14552444,0.0061670195515855,20.85560336119486,0.2936116641300939,sem_cod_69_93
