ano,neo_distribuidora,meses_com_dados,qtd_serv_realizado,qtd_fora_prazo,compensacao_rs,uc_ativa_media_ano,exposicao_uc_mes,taxa_fora_prazo,fora_prazo_por_100k_uc_mes,compensacao_rs_por_uc_mes,compensacao_media_por_transgressao_rs
2023,NEOENERGIA DISTRIBUIÇÃO BRASÍLIA S.A.,12,652433,3034,2777969.71,1176820.0,14121840,0.0046502859297429,21.4844524509554,0.1967144302725423,915.6129564930784
2024,NEOENERGIA DISTRIBUIÇÃO BRASÍLIA S.A.,12,542759,4084,6817583.02,1185877.5,14230530,0.0075245182484307,28.69886082949827,0.4790814551531109,1669.339622918707
2025,NEOENERGIA DISTRIBUIÇÃO BRASÍLIA S.A.,12,549555,3035,4272767.3,1212703.6666666667,14552444,0.0055226501442075,20.85560336119486,0.2936116641300939,1407.8310708401975
