ano,neo_distribuidora,meses_com_dados,qtd_serv_realizado,qtd_fora_prazo,compensacao_rs,uc_ativa_media_ano,exposicao_uc_mes,taxa_fora_prazo,fora_prazo_por_100k_uc_mes,compensacao_rs_por_uc_mes,compensacao_media_por_transgressao_rs,rank_porte_neo,indice_fora_vs_mediana_neo,indice_comp_vs_mediana_neo
2025,Neoenergia Coelba,12,40075691,23697,35872530.09,6956267.166666667,83475206,0.0005913060862755929,28.38807010551133,0.42973874290289266,1513.800484871503,1,1.6025283232389274,3.1299057664478984
2025,Neoenergia Pernambuco,12,1481135,8895,6894282.01,4184413.0833333335,50212957,0.006005529543221921,17.714551246205236,0.13730085662949504,775.0738628442945,2,1.0,1.0
2025,Neoenergia Elektro,12,44924879,734,502892.99,3061480.9166666665,36737771,1.6338385686024888e-05,1.9979437511328602,0.013688718077098363,685.1403133514987,3,0.11278545662063295,0.0996987084649969
2025,Neoenergia Cosern,12,5513087,1840,1180588.79773975,1634496.4166666667,19613957,0.00033375130847744646,9.381074915173924,0.060191260628324514,641.6243465976902,4,0.5295688716463259,0.43838954909618677
2025,Neoenergia Brasilia,12,549555,3035,4272767.3,1212703.6666666667,14552444,0.0055226501442075865,20.85560336119486,0.2936116641300939,1407.8310708401975,5,1.1773148002076819,2.138454714251361
