neo_distribuidora,ano,meses_com_dados,qtd_serv_realizado,qtd_fora_prazo,compensacao_rs,uc_ativa_media_ano,exposicao_uc_mes,taxa_fora_prazo,fora_prazo_por_100k_uc_mes,compensacao_rs_por_uc_mes,compensacao_media_por_transgressao_rs,rank_porte_neo,indice_fora_vs_mediana_neo,indice_comp_vs_mediana_neo
Neoenergia Coelba — COMPANHIA DE ELETRICIDADE DO ESTADO DA BAHIA,2025,12,40075691,23697,35872530.09,6956267.166666667,83475206,0.0005913060862755,28.38807010551133,0.4297387429028926,1513.800484871503,1,1.6025283232389274,3.1299057664478984
Neoenergia Pernambuco — COMPANHIA ENERGÉTICA DE PERNAMBUCO,2025,12,1481135,8895,6894282.01,4184413.0833333335,50212957,0.0060055295432219,17.714551246205236,0.137300856629495,775.0738628442945,2,1.0,1.0
Neoenergia Elektro — ELEKTRO REDES S.A.,2025,12,44924879,734,502892.99,3061480.9166666665,36737771,1.6338385686024888e-05,1.99794375113286,0.0136887180770983,685.1403133514987,3,0.1127854566206329,0.0996987084649969
Neoenergia Cosern — COMPANHIA ENERGÉTICA DO RIO GRANDE DO NORTE,2025,12,5513087,1840,1180588.79773975,1634496.4166666667,19613957,0.0003337513084774,9.381074915173924,0.0601912606283245,641.6243465976902,4,0.5295688716463259,0.4383895490961867
Neoenergia Brasília — NEOENERGIA DISTRIBUIÇÃO BRASÍLIA S.A.,2025,12,549555,3035,4272767.3,1212703.6666666667,14552444,0.0055226501442075,20.85560336119486,0.2936116641300939,1407.8310708401975,5,1.177314800207682,2.138454714251361
