neo_distribuidora,classe_local_servico,qtd_serv_realizado,qtd_fora_prazo,compensacao_rs,exposicao_uc_mes,taxa_fora_prazo,fora_prazo_por_100k_uc_mes,compensacao_rs_por_uc_mes,share_fora_prazo,share_compensacao
NEOENERGIA DISTRIBUIÇÃO BRASÍLIA S.A.,nao_classificado,1236036,9285,12099226.97,42904814,0.0075119171286273,21.6409282184512,0.28200161804687,0.9145080271840836,0.8724363833418113
NEOENERGIA DISTRIBUIÇÃO BRASÍLIA S.A.,urbana,499150,627,999269.37,42904814,0.0012561354302313,1.4613744742023589,0.0232903787905944,0.0617551462621885,0.0720541037298228
NEOENERGIA DISTRIBUIÇÃO BRASÍLIA S.A.,rural,9367,237,573737.97,42904814,0.0253015906907227,0.5523855668037624,0.0133723448841894,0.0233428543287698,0.0413704016606833
NEOENERGIA DISTRIBUIÇÃO BRASÍLIA S.A.,grupo_a,194,4,196085.72,42904814,0.0206185567010309,0.0093229631528061,0.0045702498558786,0.0003939722249581,0.0141391112676825
