neo_distribuidora,ano_inicio,ano_fim,taxa_inicio,taxa_fim,delta_taxa_abs,delta_taxa_pct,compensacao_inicio,compensacao_fim,delta_comp_abs,delta_comp_pct
Neoenergia Brasília — NEOENERGIA DISTRIBUIÇÃO BRASÍLIA S.A.,2011,2023,0.1191041625437034,0.0024938481400968,-0.1166103144036065,-0.9790616206282312,184396.14,237629.5,53233.35999999999,0.2886902079403612
Neoenergia Pernambuco — COMPANHIA ENERGÉTICA DE PERNAMBUCO,2011,2023,0.0639009392890991,0.0346278550875579,-0.0292730842015412,-0.4581010001919475,5744.21,3059090.41,3053346.2,531.551980167856
